Could not find VMLINUZ="", searching with make -s image_name
::group::bpftool_checks - [1;33mRunning bpftool checks...[0m
bpftool checks passed successfully.
::endgroup::
::group::vmtest - [1;33mStarting virtual machine...[0m
=> bzImage
===> Booting
No EFI environment detected.
early console in extract_kernel
input_data: 0x0000000003b722c4
input_len: 0x0000000000c7419f
output: 0x0000000001000000
output_len: 0x0000000002ee6560
kernel_total_size: 0x0000000003830000
needed_size: 0x0000000003a00000
trampoline_32bit: 0x0000000000000000
Physical KASLR using RDRAND RDTSC...
Virtual KASLR using RDRAND RDTSC...

Decompressing Linux... Parsing ELF... Performing relocations... done.
Booting the kernel (entry_offset: 0x0000000000000000).
[    0.000000] Linux version 6.13.0-gbb67a65a921c-dirty (ubuntu@0b308c2ffa3c) (Ubuntu clang version 18.1.8 (++20240731025043+3b5b5c1ec4a3-1~exp1~20240731145144.92), Ubuntu LLD 18.1.8) #3 SMP PREEMPT_DYNAMIC Tue Jan 28 18:19:43 UTC 2025
[    0.000000] Command line: rootfstype=9p rootflags=trans=virtio,cache=mmap,msize=1048576 rw earlyprintk=serial,0,115200 printk.devkmsg=on console=0,115200 loglevel=7 raid=noautodetect init=/tmp/vmtest-init2KnqW.sh panic=-1 panic=-1 sysctl.vm.panic_on_oom=1
[    0.000000] BIOS-provided physical RAM map:
[    0.000000] BIOS-e820: [mem 0x0000000000000000-0x000000000009fbff] usable
[    0.000000] BIOS-e820: [mem 0x000000000009fc00-0x000000000009ffff] reserved
[    0.000000] BIOS-e820: [mem 0x00000000000f0000-0x00000000000fffff] reserved
[    0.000000] BIOS-e820: [mem 0x0000000000100000-0x00000000bffdffff] usable
[    0.000000] BIOS-e820: [mem 0x00000000bffe0000-0x00000000bfffffff] reserved
[    0.000000] BIOS-e820: [mem 0x00000000feffc000-0x00000000feffffff] reserved
[    0.000000] BIOS-e820: [mem 0x00000000fffc0000-0x00000000ffffffff] reserved
[    0.000000] BIOS-e820: [mem 0x0000000100000000-0x000000013fffffff] usable
[    0.000000] BIOS-e820: [mem 0x000000fd00000000-0x000000ffffffffff] reserved
[    0.000000] printk: legacy bootconsole [earlyser0] enabled
[    0.000000] NX (Execute Disable) protection: active
[    0.000000] APIC: Static calls initialized
[    0.000000] SMBIOS 3.0.0 present.
[    0.000000] DMI: QEMU Ubuntu 24.04 PC (i440FX + PIIX, 1996), BIOS 1.16.3-debian-1.16.3-2 04/01/2014
[    0.000000] DMI: Memory slots populated: 1/1
[    0.000000] tsc: Fast TSC calibration using PIT
[    0.000000] tsc: Detected 3699.907 MHz processor
[    0.000220] last_pfn = 0x140000 max_arch_pfn = 0x400000000
[    0.000665] MTRR map: 4 entries (3 fixed + 1 variable; max 19), built from 8 variable MTRRs
[    0.001306] x86/PAT: Configuration [0-7]: WB  WC  UC- UC  WB  WP  UC- WT
Memory KASLR using RDRAND RDTSC...
[    0.002107] last_pfn = 0xbffe0 max_arch_pfn = 0x400000000
[    0.003804] found SMP MP-table at [mem 0x000f5460-0x000f546f]
[    0.004247] Using GB pages for direct mapping
[    0.004757] ACPI: Early table checksum verification disabled
[    0.005190] ACPI: RSDP 0x00000000000F5260 000014 (v00 BOCHS )
[    0.005638] ACPI: RSDT 0x00000000BFFE1C84 000034 (v01 BOCHS  BXPC     00000001 BXPC 00000001)
[    0.006291] ACPI: FACP 0x00000000BFFE1B30 000074 (v01 BOCHS  BXPC     00000001 BXPC 00000001)
[    0.006950] ACPI: DSDT 0x00000000BFFE0040 001AF0 (v01 BOCHS  BXPC     00000001 BXPC 00000001)
[    0.007605] ACPI: FACS 0x00000000BFFE0000 000040
[    0.007965] ACPI: APIC 0x00000000BFFE1BA4 000080 (v03 BOCHS  BXPC     00000001 BXPC 00000001)
[    0.008619] ACPI: HPET 0x00000000BFFE1C24 000038 (v01 BOCHS  BXPC     00000001 BXPC 00000001)
[    0.009274] ACPI: WAET 0x00000000BFFE1C5C 000028 (v01 BOCHS  BXPC     00000001 BXPC 00000001)
[    0.009930] ACPI: Reserving FACP table memory at [mem 0xbffe1b30-0xbffe1ba3]
[    0.010470] ACPI: Reserving DSDT table memory at [mem 0xbffe0040-0xbffe1b2f]
[    0.011014] ACPI: Reserving FACS table memory at [mem 0xbffe0000-0xbffe003f]
[    0.011553] ACPI: Reserving APIC table memory at [mem 0xbffe1ba4-0xbffe1c23]
[    0.012096] ACPI: Reserving HPET table memory at [mem 0xbffe1c24-0xbffe1c5b]
[    0.012640] ACPI: Reserving WAET table memory at [mem 0xbffe1c5c-0xbffe1c83]
[    0.013314] No NUMA configuration found
[    0.013606] Faking a node at [mem 0x0000000000000000-0x000000013fffffff]
[    0.014125] NODE_DATA(0) allocated [mem 0x13fffbfc0-0x13fffffff]
[    0.014681] Zone ranges:
[    0.014876]   DMA      [mem 0x0000000000001000-0x0000000000ffffff]
[    0.015350]   DMA32    [mem 0x0000000001000000-0x00000000ffffffff]
[    0.015829]   Normal   [mem 0x0000000100000000-0x000000013fffffff]
[    0.016302] Movable zone start for each node
[    0.016634] Early memory node ranges
[    0.016909]   node   0: [mem 0x0000000000001000-0x000000000009efff]
[    0.017389]   node   0: [mem 0x0000000000100000-0x00000000bffdffff]
[    0.017872]   node   0: [mem 0x0000000100000000-0x000000013fffffff]
[    0.018356] Initmem setup node 0 [mem 0x0000000000001000-0x000000013fffffff]
[    0.018991] On node 0, zone DMA: 1 pages in unavailable ranges
[    0.019453] On node 0, zone DMA: 97 pages in unavailable ranges
[    0.026937] On node 0, zone Normal: 32 pages in unavailable ranges
[    0.027695] ACPI: PM-Timer IO Port: 0x608
[    0.028023] ACPI: LAPIC_NMI (acpi_id[0xff] dfl dfl lint[0x1])
[    0.028508] IOAPIC[0]: apic_id 0, version 17, address 0xfec00000, GSI 0-23
[    0.029066] ACPI: INT_SRC_OVR (bus 0 bus_irq 0 global_irq 2 dfl dfl)
[    0.029575] ACPI: INT_SRC_OVR (bus 0 bus_irq 5 global_irq 5 high level)
[    0.030111] ACPI: INT_SRC_OVR (bus 0 bus_irq 9 global_irq 9 high level)
[    0.030645] ACPI: INT_SRC_OVR (bus 0 bus_irq 10 global_irq 10 high level)
[    0.031188] ACPI: INT_SRC_OVR (bus 0 bus_irq 11 global_irq 11 high level)
[    0.031737] ACPI: Using ACPI (MADT) for SMP configuration information
[    0.032252] ACPI: HPET id: 0x8086a201 base: 0xfed00000
[    0.032670] TSC deadline timer available
[    0.032987] CPU topo: Max. logical packages:   1
[    0.033356] CPU topo: Max. logical dies:       1
[    0.033729] CPU topo: Max. dies per package:   1
[    0.034101] CPU topo: Max. threads per core:   1
[    0.034471] CPU topo: Num. cores per package:     2
[    0.034866] CPU topo: Num. threads per package:   2
[    0.035256] CPU topo: Allowing 2 present CPUs plus 0 hotplug CPUs
[    0.035755] [mem 0xc0000000-0xfeffbfff] available for PCI devices
[    0.036245] clocksource: refined-jiffies: mask: 0xffffffff max_cycles: 0xffffffff, max_idle_ns: 1910969940391419 ns
[    0.040372] setup_percpu: NR_CPUS:128 nr_cpumask_bits:2 nr_cpu_ids:2 nr_node_ids:1
[    0.041132] percpu: Embedded 60 pages/cpu s208208 r8192 d29360 u1048576
[    0.041684] Kernel command line: rootfstype=9p rootflags=trans=virtio,cache=mmap,msize=1048576 rw earlyprintk=serial,0,115200 printk.devkmsg=on console=0,115200 loglevel=7 raid=noautodetect init=/tmp/vmtest-init2KnqW.sh panic=-1 panic=-1 sysctl.vm.panic_on_oom=1
[    0.043604] Unknown kernel command line parameters "raid=noautodetect", will be passed to user space.
[    0.044541] random: crng init done
[    0.044818] printk: log buffer data + meta data: 2097152 + 7340032 = 9437184 bytes
[    0.045668] Dentry cache hash table entries: 524288 (order: 10, 4194304 bytes, linear)
[    0.046425] Inode-cache hash table entries: 262144 (order: 9, 2097152 bytes, linear)
[    0.047076] Fallback order for Node 0: 0
[    0.047078] Built 1 zonelists, mobility grouping on.  Total pages: 1048446
[    0.047982] Policy zone: Normal
[    0.048243] mem auto-init: stack:all(zero), heap alloc:off, heap free:off
[    0.048797] software IO TLB: area num 2.
[    0.063165] SLUB: HWalign=64, Order=0-3, MinObjects=0, CPUs=2, Nodes=1
Poking KASLR using RDRAND RDTSC...
[    0.064000] ftrace: allocating 40852 entries in 160 pages
[    0.064527] ftrace: allocated 160 pages with 2 groups
[    0.064994] Dynamic Preempt: full
[    0.065403] Running RCU self tests
[    0.065684] Running RCU synchronous self tests
[    0.066043] rcu: Preemptible hierarchical RCU implementation.
[    0.066506] rcu: 	RCU event tracing is enabled.
[    0.066875] rcu: 	RCU lockdep checking is enabled.
[    0.067261] rcu: 	RCU restricting CPUs from NR_CPUS=128 to nr_cpu_ids=2.
[    0.067806] 	Trampoline variant of Tasks RCU enabled.
[    0.068214] 	Rude variant of Tasks RCU enabled.
[    0.068579] 	Tracing variant of Tasks RCU enabled.
[    0.068968] rcu: RCU calculated value of scheduler-enlistment delay is 100 jiffies.
[    0.069586] rcu: Adjusting geometry for rcu_fanout_leaf=16, nr_cpu_ids=2
[    0.070142] Running RCU synchronous self tests
[    0.070510] RCU Tasks: Setting shift to 1 and lim to 1 rcu_task_cb_adjust=1 rcu_task_cpu_ids=2.
[    0.071212] RCU Tasks Rude: Setting shift to 1 and lim to 1 rcu_task_cb_adjust=1 rcu_task_cpu_ids=2.
[    0.071951] RCU Tasks Trace: Setting shift to 1 and lim to 1 rcu_task_cb_adjust=1 rcu_task_cpu_ids=2.
[    0.074853] NR_IRQS: 8448, nr_irqs: 440, preallocated irqs: 16
[    0.075517] rcu: srcu_init: Setting srcu_struct sizes based on contention.
[    0.076294] Console: colour *CGA 80x25
[    0.076635] printk: legacy console [ttyS0] enabled
[    0.076635] printk: legacy console [ttyS0] enabled
[    0.077416] printk: legacy bootconsole [earlyser0] disabled
[    0.077416] printk: legacy bootconsole [earlyser0] disabled
[    0.078328] Lock dependency validator: Copyright (c) 2006 Red Hat, Inc., Ingo Molnar
[    0.078963] ... MAX_LOCKDEP_SUBCLASSES:  8
[    0.079300] ... MAX_LOCK_DEPTH:          48
[    0.079648] ... MAX_LOCKDEP_KEYS:        8192
[    0.080008] ... CLASSHASH_SIZE:          4096
[    0.080367] ... MAX_LOCKDEP_ENTRIES:     32768
[    0.080738] ... MAX_LOCKDEP_CHAINS:      65536
[    0.081104] ... CHAINHASH_SIZE:          32768
[    0.081471]  memory used by lock dependency info: 6429 kB
[    0.081928]  memory used for stack traces: 4224 kB
[    0.082323]  per task-struct memory footprint: 1920 bytes
[    0.082790] ACPI: Core revision 20240827
[    0.083218] clocksource: hpet: mask: 0xffffffff max_cycles: 0xffffffff, max_idle_ns: 19112604467 ns
[    0.084028] APIC: Switch to symmetric I/O mode setup
[    0.085269] ..TIMER: vector=0x30 apic1=0 pin1=2 apic2=-1 pin2=-1
[    0.090025] clocksource: tsc-early: mask: 0xffffffffffffffff max_cycles: 0x6aa9fcc837e, max_idle_ns: 881590624668 ns
[    0.090902] Calibrating delay loop (skipped), value calculated using timer frequency.. 7399.81 BogoMIPS (lpj=3699907)
[    0.091958] x86/cpu: User Mode Instruction Prevention (UMIP) activated
[    0.092952] Last level iTLB entries: 4KB 512, 2MB 255, 4MB 127
[    0.093438] Last level dTLB entries: 4KB 512, 2MB 255, 4MB 127, 1GB 0
[    0.093900] Spectre V1 : Mitigation: usercopy/swapgs barriers and __user pointer sanitization
[    0.094893] Spectre V2 : WARNING: Unprivileged eBPF is enabled with eIBRS on, data leaks possible via Spectre v2 BHB attacks!
[    0.095894] Spectre V2 : Mitigation: Enhanced / Automatic IBRS
[    0.096379] Spectre V2 : Spectre v2 / SpectreRSB mitigation: Filling RSB on context switch
[    0.096894] Spectre V2 : mitigation: Enabling conditional Indirect Branch Prediction Barrier
[    0.097893] Speculative Store Bypass: Mitigation: Speculative Store Bypass disabled via prctl
[    0.098622] Speculative Return Stack Overflow: IBPB-extending microcode not applied!
[    0.098893] Speculative Return Stack Overflow: WARNING: See https://kernel.org/doc/html/latest/admin-guide/hw-vuln/srso.html for mitigation options.
[    0.098894] Speculative Return Stack Overflow: Vulnerable: Safe RET, no microcode
[    0.100915] x86/fpu: Supporting XSAVE feature 0x001: 'x87 floating point registers'
[    0.101540] x86/fpu: Supporting XSAVE feature 0x002: 'SSE registers'
[    0.101892] x86/fpu: Supporting XSAVE feature 0x004: 'AVX registers'
[    0.102414] x86/fpu: Supporting XSAVE feature 0x020: 'AVX-512 opmask'
[    0.102892] x86/fpu: Supporting XSAVE feature 0x040: 'AVX-512 Hi256'
[    0.103413] x86/fpu: Supporting XSAVE feature 0x080: 'AVX-512 ZMM_Hi256'
[    0.103892] x86/fpu: Supporting XSAVE feature 0x200: 'Protection Keys User registers'
[    0.104892] x86/fpu: xstate_offset[2]:  576, xstate_sizes[2]:  256
[    0.105401] x86/fpu: xstate_offset[5]:  832, xstate_sizes[5]:   64
[    0.105892] x86/fpu: xstate_offset[6]:  896, xstate_sizes[6]:  512
[    0.106400] x86/fpu: xstate_offset[7]: 1408, xstate_sizes[7]: 1024
[    0.106892] x86/fpu: xstate_offset[9]: 2432, xstate_sizes[9]:    8
[    0.107403] x86/fpu: Enabled xstate features 0x2e7, context size is 2440 bytes, using 'compacted' format.
[    0.124118] Freeing SMP alternatives memory: 44K
[    0.124516] pid_max: default: 32768 minimum: 301
[    0.124922] LSM: initializing lsm=capability,selinux,bpf,ima
[    0.125434] SELinux:  Initializing.
[    0.126657] LSM support for eBPF active
[    0.127062] Mount-cache hash table entries: 8192 (order: 4, 65536 bytes, linear)
[    0.127671] Mountpoint-cache hash table entries: 8192 (order: 4, 65536 bytes, linear)
[    0.129129] Running RCU synchronous self tests
[    0.129503] Running RCU synchronous self tests
[    0.130076] smpboot: CPU0: AMD Ryzen 9 7900 12-Core Processor (family: 0x19, model: 0x61, stepping: 0x2)
[    0.131194] Running RCU Tasks wait API self tests
[    0.237945] Running RCU Tasks Rude wait API self tests
[    0.238382] Running RCU Tasks Trace wait API self tests
[    0.238855] Performance Events: Fam17h+ core perfctr, AMD PMU driver.
[    0.238901] ... version:                0
[    0.239239] ... bit width:              48
[    0.239576] ... generic registers:      6
[    0.239895] ... value mask:             0000ffffffffffff
[    0.240334] ... max period:             00007fffffffffff
[    0.240768] ... fixed-purpose events:   0
[    0.240895] ... event mask:             000000000000003f
[    0.241538] signal: max sigframe size: 2976
[    0.241978] rcu: Hierarchical SRCU implementation.
[    0.242371] rcu: 	Max phase no-delay instances is 400.
[    0.242936] Timer migration: 1 hierarchy levels; 8 children per group; 1 crossnode level
[    0.243909] Callback from call_rcu_tasks_trace() invoked.
[    0.248303] NMI watchdog: Enabled. Permanently consumes one hw-PMU counter.
[    0.249010] smp: Bringing up secondary CPUs ...
[    0.249993] smpboot: x86: Booting SMP configuration:
[    0.250494] .... node  #0, CPUs:      #1
[    0.310075] smp: Brought up 1 node, 2 CPUs
[    0.310901] smpboot: Total of 2 processors activated (14894.09 BogoMIPS)
[    0.311681] Memory: 3991536K/4193784K available (16384K kernel code, 9024K rwdata, 9972K rodata, 3000K init, 14348K bss, 196540K reserved, 0K cma-reserved)
[    0.313071] devtmpfs: initialized
[    0.314220] Running RCU synchronous self tests
[    0.314513] Running RCU synchronous self tests
[    0.314958] clocksource: jiffies: mask: 0xffffffff max_cycles: 0xffffffff, max_idle_ns: 1911260446275000 ns
[    0.315718] futex hash table entries: 512 (order: 4, 65536 bytes, linear)
[    0.316935] NET: Registered PF_NETLINK/PF_ROUTE protocol family
[    0.317863] audit: initializing netlink subsys (disabled)
[    0.319033] audit: type=2000 audit(1738088991.233:1): state=initialized audit_enabled=0 res=1
[    0.319131] thermal_sys: Registered thermal governor 'step_wise'
[    0.319952] cpuidle: using governor ladder
[    0.320765] cpuidle: using governor menu
[    0.321220] PCI: Using configuration type 1 for base access
[    0.321897] PCI: Using configuration type 1 for extended access
[    0.322451] kprobes: kprobe jump-optimization is enabled. All kprobes are optimized if possible.
[    0.324024] HugeTLB: registered 1.00 GiB page size, pre-allocated 0 pages
[    0.324586] HugeTLB: 16380 KiB vmemmap can be freed for a 1.00 GiB page
[    0.324898] HugeTLB: registered 2.00 MiB page size, pre-allocated 0 pages
[    0.325564] HugeTLB: 28 KiB vmemmap can be freed for a 2.00 MiB page
[    0.330083] ACPI: Added _OSI(Module Device)
[    0.330508] ACPI: Added _OSI(Processor Device)
[    0.333897] ACPI: Added _OSI(3.0 _SCP Extensions)
[    0.334366] ACPI: Added _OSI(Processor Aggregator Device)
[    0.338245] ACPI: 1 ACPI AML tables successfully acquired and loaded
[    0.340689] ACPI: Interpreter enabled
[    0.340940] ACPI: PM: (supports S0 S3 S5)
[    0.341933] ACPI: Using IOAPIC for interrupt routing
[    0.341933] PCI: Using host bridge windows from ACPI; if necessary, use "pci=nocrs" and report a bug
[    0.342896] PCI: Using E820 reservations for host bridge windows
[    0.343695] ACPI: Enabled 2 GPEs in block 00 to 0F
[    0.350554] ACPI: PCI Root Bridge [PCI0] (domain 0000 [bus 00-ff])
[    0.350902] acpi PNP0A03:00: _OSC: OS supports [ExtendedConfig ASPM ClockPM Segments MSI HPX-Type3]
[    0.352202] PCI host bridge to bus 0000:00
[    0.352544] pci_bus 0000:00: root bus resource [io  0x0000-0x0cf7 window]
[    0.353896] pci_bus 0000:00: root bus resource [io  0x0d00-0xffff window]
[    0.354448] pci_bus 0000:00: root bus resource [mem 0x000a0000-0x000bffff window]
[    0.354896] pci_bus 0000:00: root bus resource [mem 0xc0000000-0xfebfffff window]
[    0.355501] pci_bus 0000:00: root bus resource [mem 0x380000000000-0x38007fffffff window]
[    0.355895] pci_bus 0000:00: root bus resource [bus 00-ff]
[    0.356499] pci 0000:00:00.0: [8086:1237] type 00 class 0x060000 conventional PCI endpoint
[    0.357423] pci 0000:00:01.0: [8086:7000] type 00 class 0x060100 conventional PCI endpoint
[    0.358349] pci 0000:00:01.1: [8086:7010] type 00 class 0x010180 conventional PCI endpoint
[    0.361648] pci 0000:00:01.1: BAR 4 [io  0xc100-0xc10f]
[    0.362630] pci 0000:00:01.1: BAR 0 [io  0x01f0-0x01f7]: legacy IDE quirk
[    0.362895] pci 0000:00:01.1: BAR 1 [io  0x03f6]: legacy IDE quirk
[    0.363384] pci 0000:00:01.1: BAR 2 [io  0x0170-0x0177]: legacy IDE quirk
[    0.363894] pci 0000:00:01.1: BAR 3 [io  0x0376]: legacy IDE quirk
[    0.364594] pci 0000:00:01.3: [8086:7113] type 00 class 0x068000 conventional PCI endpoint
[    0.365132] pci 0000:00:01.3: quirk: [io  0x0600-0x063f] claimed by PIIX4 ACPI
[    0.365704] pci 0000:00:01.3: quirk: [io  0x0700-0x070f] claimed by PIIX4 SMB
[    0.367187] pci 0000:00:02.0: [1af4:1003] type 00 class 0x078000 conventional PCI endpoint
[    0.368846] pci 0000:00:02.0: BAR 0 [io  0xc000-0xc03f]
[    0.369895] pci 0000:00:02.0: BAR 1 [mem 0xfebfc000-0xfebfcfff]
[    0.371585] pci 0000:00:02.0: BAR 4 [mem 0x380000000000-0x380000003fff 64bit pref]
[    0.374844] pci 0000:00:03.0: [1af4:1003] type 00 class 0x078000 conventional PCI endpoint
[    0.375871] pci 0000:00:03.0: BAR 0 [io  0xc040-0xc07f]
[    0.377781] pci 0000:00:03.0: BAR 1 [mem 0xfebfd000-0xfebfdfff]
[    0.381125] pci 0000:00:03.0: BAR 4 [mem 0x380000004000-0x380000007fff 64bit pref]
[    0.383224] pci 0000:00:04.0: [1af4:1009] type 00 class 0x000200 conventional PCI endpoint
[    0.385127] pci 0000:00:04.0: BAR 0 [io  0xc080-0xc0bf]
[    0.385894] pci 0000:00:04.0: BAR 1 [mem 0xfebfe000-0xfebfefff]
[    0.387333] pci 0000:00:04.0: BAR 4 [mem 0x380000008000-0x38000000bfff 64bit pref]
[    0.389226] pci 0000:00:05.0: [1af4:1009] type 00 class 0x000200 conventional PCI endpoint
[    0.390136] pci 0000:00:05.0: BAR 0 [io  0xc0c0-0xc0ff]
[    0.390894] pci 0000:00:05.0: BAR 1 [mem 0xfebff000-0xfebfffff]
[    0.393859] pci 0000:00:05.0: BAR 4 [mem 0x38000000c000-0x38000000ffff 64bit pref]
[    0.395906] ACPI: PCI: Interrupt link LNKA configured for IRQ 10
[    0.396443] ACPI: PCI: Interrupt link LNKB configured for IRQ 10
[    0.396966] ACPI: PCI: Interrupt link LNKC configured for IRQ 11
[    0.397474] ACPI: PCI: Interrupt link LNKD configured for IRQ 11
[    0.397947] ACPI: PCI: Interrupt link LNKS configured for IRQ 9
[    0.398957] iommu: Default domain type: Translated
[    0.399896] iommu: DMA domain TLB invalidation policy: lazy mode
[    0.400722] pps_core: LinuxPPS API ver. 1 registered
[    0.400897] pps_core: Software ver. 5.3.6 - Copyright 2005-2007 Rodolfo Giometti <giometti@linux.it>
[    0.401628] PTP clock support registered
[    0.402361] NetLabel: Initializing
[    0.402895] NetLabel:  domain hash size = 128
[    0.403239] NetLabel:  protocols = UNLABELED CIPSOv4 CALIPSO
[    0.403717] NetLabel:  unlabeled traffic allowed by default
[    0.403898] PCI: Using ACPI for IRQ routing
[    0.404378] vgaarb: loaded
[    0.404378] hpet0: at MMIO 0xfed00000, IRQs 2, 8, 0
[    0.404896] hpet0: 3 comparators, 64-bit 100.000000 MHz counter
[    0.408028] clocksource: Switched to clocksource tsc-early
[    0.409033] netfs: FS-Cache loaded
[    0.409419] pnp: PnP ACPI init
[    0.410139] pnp: PnP ACPI: found 5 devices
[    0.419157] clocksource: acpi_pm: mask: 0xffffff max_cycles: 0xffffff, max_idle_ns: 2085701024 ns
[    0.419795] NET: Registered PF_INET protocol family
[    0.420194] IP idents hash table entries: 65536 (order: 7, 524288 bytes, linear)
[    0.426662] tcp_listen_portaddr_hash hash table entries: 2048 (order: 5, 147456 bytes, linear)
[    0.427305] Table-perturb hash table entries: 65536 (order: 6, 262144 bytes, linear)
[    0.427854] TCP established hash table entries: 32768 (order: 6, 262144 bytes, linear)
[    0.428525] TCP bind hash table entries: 32768 (order: 10, 4718592 bytes, vmalloc hugepage)
[    0.430603] TCP: Hash tables configured (established 32768 bind 32768)
[    0.431126] MPTCP token hash table entries: 4096 (order: 6, 360448 bytes, linear)
[    0.431714] UDP hash table entries: 2048 (order: 7, 524288 bytes, linear)
[    0.432292] UDP-Lite hash table entries: 2048 (order: 7, 524288 bytes, linear)
[    0.433030] NET: Registered PF_UNIX/PF_LOCAL protocol family
[    0.433445] NET: Registered PF_XDP protocol family
[    0.433769] pci_bus 0000:00: resource 4 [io  0x0000-0x0cf7 window]
[    0.434182] pci_bus 0000:00: resource 5 [io  0x0d00-0xffff window]
[    0.434591] pci_bus 0000:00: resource 6 [mem 0x000a0000-0x000bffff window]
[    0.435045] pci_bus 0000:00: resource 7 [mem 0xc0000000-0xfebfffff window]
[    0.435493] pci_bus 0000:00: resource 8 [mem 0x380000000000-0x38007fffffff window]
[    0.436058] pci 0000:00:01.0: PIIX3: Enabling Passive Release
[    0.436440] pci 0000:00:00.0: Limiting direct PCI/PCI transfers
[    0.436863] PCI: CLS 0 bytes, default 64
[    0.437152] PCI-DMA: Using software bounce buffering for IO (SWIOTLB)
[    0.437576] software IO TLB: mapped [mem 0x00000000bbfe0000-0x00000000bffe0000] (64MB)
[    0.445956] Callback from call_rcu_tasks() invoked.
[    0.448053] Initialise system trusted keyrings
[    0.448469] workingset: timestamp_bits=40 max_order=20 bucket_order=0
[    0.449378] fuse: init (API version 7.41)
[    0.449818] 9p: Installing v9fs 9p2000 file system support
[    0.455757] NET: Registered PF_ALG protocol family
[    0.456172] Key type asymmetric registered
[    0.456511] Asymmetric key parser 'x509' registered
[    0.456923] Block layer SCSI generic (bsg) driver version 0.4 loaded (major 250)
[    0.457620] io scheduler mq-deadline registered
[    0.458007] io scheduler kyber registered
[    0.458651] input: Power Button as /devices/LNXSYSTM:00/LNXPWRBN:00/input/input0
[    0.460995] ACPI: button: Power Button [PWRF]
[    0.520135] ACPI: \_SB_.LNKB: Enabled at IRQ 10
[    0.579511] ACPI: \_SB_.LNKC: Enabled at IRQ 11
[    0.638826] ACPI: \_SB_.LNKD: Enabled at IRQ 11
[    0.698044] ACPI: \_SB_.LNKA: Enabled at IRQ 10
[    0.721899] Serial: 8250/16550 driver, 4 ports, IRQ sharing enabled
[    0.722607] 00:03: ttyS0 at I/O 0x3f8 (irq = 4, base_baud = 115200) is a 16550A
[    0.764256] Linux agpgart interface v0.103
[    0.769194] brd: module loaded
[    0.772455] loop: module loaded
[    0.773713] tun: Universal TUN/TAP device driver, 1.6
[    0.774395] i8042: PNP: PS/2 Controller [PNP0303:KBD,PNP0f13:MOU] at 0x60,0x64 irq 1,12
[    0.775628] serio: i8042 KBD port at 0x60,0x64 irq 1
[    0.775988] serio: i8042 AUX port at 0x60,0x64 irq 12
[    0.776882] input: AT Translated Set 2 keyboard as /devices/platform/i8042/serio0/input/input1
[    0.777610] Registered IR keymap rc-empty
[    0.777941] rc rc0: rc-core loopback device as /devices/virtual/rc/rc0
[    0.778642] rc rc0: lirc_dev: driver rc-loopback registered at minor = 0, raw IR receiver, raw IR transmitter
[    0.779439] input: rc-core loopback device as /devices/virtual/rc/rc0/input2
[    0.780172] intel_powerclamp: CPU does not support MWAIT
[    0.780661] amd_pstate: The CPPC feature is supported but currently disabled by the BIOS.
[    0.780661] Please enable it if your BIOS has the CPPC option.
[    0.781852] amd_pstate: the _CPC object is not present in SBIOS or ACPI disabled
[    0.783081] GACT probability NOT on
[    0.784167] ipip: IPv4 and MPLS over IPv4 tunneling driver
[    0.784714] gre: GRE over IPv4 demultiplexor driver
[    0.785046] ip_gre: GRE over IPv4 tunneling driver
[    0.785965] Initializing XFRM netlink socket
[    0.786343] IPsec XFRM device driver
[    0.786703] NET: Registered PF_INET6 protocol family
[    0.787750] Segment Routing with IPv6
[    0.788024] In-situ OAM (IOAM) with IPv6
[    0.788302] mip6: Mobile IPv6
[    0.788519] sit: IPv6, IPv4 and MPLS over IPv4 tunneling driver
[    0.789302] ip6_gre: GRE over IPv6 tunneling driver
[    0.789813] NET: Registered PF_PACKET protocol family
[    0.790241] 8021q: 802.1Q VLAN Support v1.8
[    0.790636] 9pnet: Installing 9P2000 support
[    0.791968] Key type dns_resolver registered
[    0.792323] NET: Registered PF_VSOCK protocol family
[    0.792670] mpls_gso: MPLS GSO support
[    0.793225] IPI shorthand broadcast: enabled
[    0.796585] sched_clock: Marking stable (786118997, 9775431)->(809047006, -13152578)
[    0.797396] registered taskstats version 1
[    0.806008] Loading compiled-in X.509 certificates
[    0.807159] Loaded X.509 cert 'Build time autogenerated kernel key: 7c36bbaad25a665bc45e7a597511e537e2918fed'
[    0.815193] Demotion targets for Node 0: null
[    0.815660] ima: No TPM chip found, activating TPM-bypass!
[    0.816041] ima: Allocated hash algorithm: sha1
[    0.816361] ima: No architecture policies found
[    1.168322] input: ImExPS/2 Generic Explorer Mouse as /devices/platform/i8042/serio1/input/input4
[    1.169290] 9pnet_virtio: no channels available for device
[    1.169637] 9pnet: Limiting 'msize' to 512000 as this is the maximum supported by transport virtio
[    1.170841] VFS: Mounted root (9p filesystem) on device 0:21.
[    1.171411] devtmpfs: mounted
[    1.173885] Freeing unused kernel image (initmem) memory: 3000K
[    1.174197] Write protecting the kernel read-only data: 26624k
[    1.174716] Freeing unused kernel image (rodata/data gap) memory: 268K
[    1.190805] Run /tmp/vmtest-init2KnqW.sh as init process
[    1.233554] vmtest: Mounting tmpfs at /dev/shm
[    1.256564] vmtest: Mounting tmpfs at /run
[    1.274147] vmtest: Mounting sysfs at /sys
[    1.286127] vmtest: Mounting debugfs at /sys/kernel/debug
[    1.297935] vmtest: Mounting tracefs at /sys/kernel/debug/tracing
[    1.310028] vmtest: Mounting cgroup2 at /sys/fs/cgroup
[    1.320939] vmtest: Mounting tmpfs at /mnt
[    1.331649] vmtest: Symlink /dev/fd to /proc/self/fd
[    1.335887] vmtest: Init done
[    1.354818] vmtest: Located qemu-guest-agent virtio port: /dev/vport0p1
[    1.355191] vmtest: Spawning qemu-ga in the background
===> Setting up VM
root@(none):/# [    1.462921] tsc: Refined TSC clocksource calibration: 3700.043 MHz
[    1.463624] clocksource: tsc: mask: 0xffffffffffffffff max_cycles: 0x6aaafc5593d, max_idle_ns: 881590522336 ns
[    1.464222] clocksource: Switched to clocksource tsc
[    1.594888] 9pnet: Limiting 'msize' to 512000 as this is the maximum supported by transport virtio
===> Running command
::endgroup::
::group::kernel_config - Kconfig
#
# Automatically generated file; DO NOT EDIT.
# Linux/x86 6.13.0 Kernel Configuration
#
CONFIG_CC_VERSION_TEXT="Ubuntu clang version 18.1.8 (++20240731025043+3b5b5c1ec4a3-1~exp1~20240731145144.92)"
CONFIG_GCC_VERSION=0
CONFIG_CC_IS_CLANG=y
CONFIG_CLANG_VERSION=180108
CONFIG_AS_IS_LLVM=y
CONFIG_AS_VERSION=180108
CONFIG_LD_VERSION=0
CONFIG_LD_IS_LLD=y
CONFIG_LLD_VERSION=180108
CONFIG_RUSTC_VERSION=0
CONFIG_RUSTC_LLVM_VERSION=0
CONFIG_CC_CAN_LINK=y
CONFIG_CC_CAN_LINK_STATIC=y
CONFIG_CC_HAS_ASM_GOTO_OUTPUT=y
CONFIG_CC_HAS_ASM_GOTO_TIED_OUTPUT=y
CONFIG_TOOLS_SUPPORT_RELR=y
CONFIG_CC_HAS_ASM_INLINE=y
CONFIG_CC_HAS_NO_PROFILE_FN_ATTR=y
CONFIG_PAHOLE_VERSION=129
CONFIG_IRQ_WORK=y
CONFIG_BUILDTIME_TABLE_SORT=y
CONFIG_THREAD_INFO_IN_TASK=y

#
# General setup
#
CONFIG_INIT_ENV_ARG_LIMIT=32
# CONFIG_COMPILE_TEST is not set
# CONFIG_WERROR is not set
CONFIG_LOCALVERSION=""
CONFIG_LOCALVERSION_AUTO=y
CONFIG_BUILD_SALT=""
CONFIG_HAVE_KERNEL_GZIP=y
CONFIG_HAVE_KERNEL_BZIP2=y
CONFIG_HAVE_KERNEL_LZMA=y
CONFIG_HAVE_KERNEL_XZ=y
CONFIG_HAVE_KERNEL_LZO=y
CONFIG_HAVE_KERNEL_LZ4=y
CONFIG_HAVE_KERNEL_ZSTD=y
CONFIG_KERNEL_GZIP=y
# CONFIG_KERNEL_BZIP2 is not set
# CONFIG_KERNEL_LZMA is not set
# CONFIG_KERNEL_XZ is not set
# CONFIG_KERNEL_LZO is not set
# CONFIG_KERNEL_LZ4 is not set
# CONFIG_KERNEL_ZSTD is not set
CONFIG_DEFAULT_INIT=""
CONFIG_DEFAULT_HOSTNAME="(none)"
CONFIG_SYSVIPC=y
CONFIG_SYSVIPC_SYSCTL=y
CONFIG_POSIX_MQUEUE=y
CONFIG_POSIX_MQUEUE_SYSCTL=y
# CONFIG_WATCH_QUEUE is not set
CONFIG_CROSS_MEMORY_ATTACH=y
# CONFIG_USELIB is not set
CONFIG_AUDIT=y
CONFIG_HAVE_ARCH_AUDITSYSCALL=y
CONFIG_AUDITSYSCALL=y

#
# IRQ subsystem
#
CONFIG_GENERIC_IRQ_PROBE=y
CONFIG_GENERIC_IRQ_SHOW=y
CONFIG_GENERIC_IRQ_EFFECTIVE_AFF_MASK=y
CONFIG_GENERIC_PENDING_IRQ=y
CONFIG_GENERIC_IRQ_MIGRATION=y
CONFIG_HARDIRQS_SW_RESEND=y
CONFIG_IRQ_DOMAIN=y
CONFIG_IRQ_DOMAIN_HIERARCHY=y
CONFIG_GENERIC_MSI_IRQ=y
CONFIG_IRQ_MSI_IOMMU=y
CONFIG_GENERIC_IRQ_MATRIX_ALLOCATOR=y
CONFIG_GENERIC_IRQ_RESERVATION_MODE=y
CONFIG_IRQ_FORCED_THREADING=y
CONFIG_SPARSE_IRQ=y
# CONFIG_GENERIC_IRQ_DEBUGFS is not set
# end of IRQ subsystem

CONFIG_CLOCKSOURCE_WATCHDOG=y
CONFIG_ARCH_CLOCKSOURCE_INIT=y
CONFIG_GENERIC_TIME_VSYSCALL=y
CONFIG_GENERIC_CLOCKEVENTS=y
CONFIG_GENERIC_CLOCKEVENTS_BROADCAST=y
CONFIG_GENERIC_CLOCKEVENTS_BROADCAST_IDLE=y
CONFIG_GENERIC_CLOCKEVENTS_MIN_ADJUST=y
CONFIG_GENERIC_CMOS_UPDATE=y
CONFIG_HAVE_POSIX_CPU_TIMERS_TASK_WORK=y
CONFIG_POSIX_CPU_TIMERS_TASK_WORK=y
CONFIG_CONTEXT_TRACKING=y
CONFIG_CONTEXT_TRACKING_IDLE=y

#
# Timers subsystem
#
CONFIG_TICK_ONESHOT=y
CONFIG_NO_HZ_COMMON=y
# CONFIG_HZ_PERIODIC is not set
CONFIG_NO_HZ_IDLE=y
# CONFIG_NO_HZ_FULL is not set
CONFIG_NO_HZ=y
CONFIG_HIGH_RES_TIMERS=y
CONFIG_CLOCKSOURCE_WATCHDOG_MAX_SKEW_US=125
# end of Timers subsystem

CONFIG_BPF=y
CONFIG_HAVE_EBPF_JIT=y
CONFIG_ARCH_WANT_DEFAULT_BPF_JIT=y

#
# BPF subsystem
#
CONFIG_BPF_SYSCALL=y
CONFIG_BPF_JIT=y
CONFIG_BPF_JIT_ALWAYS_ON=y
CONFIG_BPF_JIT_DEFAULT_ON=y
# CONFIG_BPF_UNPRIV_DEFAULT_OFF is not set
CONFIG_USERMODE_DRIVER=y
CONFIG_BPF_PRELOAD=y
CONFIG_BPF_PRELOAD_UMD=y
CONFIG_BPF_LSM=y
# end of BPF subsystem

CONFIG_PREEMPT_BUILD=y
CONFIG_ARCH_HAS_PREEMPT_LAZY=y
# CONFIG_PREEMPT_NONE is not set
# CONFIG_PREEMPT_VOLUNTARY is not set
CONFIG_PREEMPT=y
# CONFIG_PREEMPT_LAZY is not set
# CONFIG_PREEMPT_RT is not set
CONFIG_PREEMPT_COUNT=y
CONFIG_PREEMPTION=y
CONFIG_PREEMPT_DYNAMIC=y
# CONFIG_SCHED_CORE is not set
CONFIG_SCHED_CLASS_EXT=y

#
# CPU/Task time and stats accounting
#
CONFIG_TICK_CPU_ACCOUNTING=y
# CONFIG_VIRT_CPU_ACCOUNTING_GEN is not set
# CONFIG_IRQ_TIME_ACCOUNTING is not set
CONFIG_BSD_PROCESS_ACCT=y
# CONFIG_BSD_PROCESS_ACCT_V3 is not set
CONFIG_TASKSTATS=y
CONFIG_TASK_DELAY_ACCT=y
CONFIG_TASK_XACCT=y
CONFIG_TASK_IO_ACCOUNTING=y
# CONFIG_PSI is not set
# end of CPU/Task time and stats accounting

CONFIG_CPU_ISOLATION=y

#
# RCU Subsystem
#
CONFIG_TREE_RCU=y
CONFIG_PREEMPT_RCU=y
# CONFIG_RCU_EXPERT is not set
CONFIG_TREE_SRCU=y
CONFIG_TASKS_RCU_GENERIC=y
CONFIG_NEED_TASKS_RCU=y
CONFIG_TASKS_RCU=y
CONFIG_TASKS_RUDE_RCU=y
CONFIG_TASKS_TRACE_RCU=y
CONFIG_RCU_STALL_COMMON=y
CONFIG_RCU_NEED_SEGCBLIST=y
# end of RCU Subsystem

CONFIG_IKCONFIG=y
CONFIG_IKCONFIG_PROC=y
# CONFIG_IKHEADERS is not set
CONFIG_LOG_BUF_SHIFT=21
CONFIG_LOG_CPU_MAX_BUF_SHIFT=0
# CONFIG_PRINTK_INDEX is not set
CONFIG_HAVE_UNSTABLE_SCHED_CLOCK=y

#
# Scheduler features
#
# CONFIG_UCLAMP_TASK is not set
# end of Scheduler features

CONFIG_ARCH_SUPPORTS_NUMA_BALANCING=y
CONFIG_ARCH_WANT_BATCHED_UNMAP_TLB_FLUSH=y
CONFIG_CC_HAS_INT128=y
CONFIG_CC_IMPLICIT_FALLTHROUGH="-Wimplicit-fallthrough"
CONFIG_GCC10_NO_ARRAY_BOUNDS=y
CONFIG_GCC_NO_STRINGOP_OVERFLOW=y
CONFIG_ARCH_SUPPORTS_INT128=y
CONFIG_NUMA_BALANCING=y
CONFIG_NUMA_BALANCING_DEFAULT_ENABLED=y
CONFIG_SLAB_OBJ_EXT=y
CONFIG_CGROUPS=y
CONFIG_PAGE_COUNTER=y
# CONFIG_CGROUP_FAVOR_DYNMODS is not set
CONFIG_MEMCG=y
# CONFIG_MEMCG_V1 is not set
CONFIG_BLK_CGROUP=y
CONFIG_CGROUP_WRITEBACK=y
CONFIG_CGROUP_SCHED=y
CONFIG_GROUP_SCHED_WEIGHT=y
CONFIG_FAIR_GROUP_SCHED=y
CONFIG_CFS_BANDWIDTH=y
# CONFIG_RT_GROUP_SCHED is not set
CONFIG_EXT_GROUP_SCHED=y
CONFIG_SCHED_MM_CID=y
# CONFIG_CGROUP_PIDS is not set
# CONFIG_CGROUP_RDMA is not set
# CONFIG_CGROUP_DMEM is not set
CONFIG_CGROUP_FREEZER=y
CONFIG_CGROUP_HUGETLB=y
CONFIG_CPUSETS=y
# CONFIG_CPUSETS_V1 is not set
CONFIG_PROC_PID_CPUSET=y
CONFIG_CGROUP_DEVICE=y
CONFIG_CGROUP_CPUACCT=y
CONFIG_CGROUP_PERF=y
CONFIG_CGROUP_BPF=y
# CONFIG_CGROUP_MISC is not set
# CONFIG_CGROUP_DEBUG is not set
CONFIG_SOCK_CGROUP_DATA=y
CONFIG_NAMESPACES=y
CONFIG_UTS_NS=y
CONFIG_TIME_NS=y
CONFIG_IPC_NS=y
CONFIG_USER_NS=y
CONFIG_PID_NS=y
CONFIG_NET_NS=y
# CONFIG_CHECKPOINT_RESTORE is not set
# CONFIG_SCHED_AUTOGROUP is not set
CONFIG_RELAY=y
CONFIG_BLK_DEV_INITRD=y
CONFIG_INITRAMFS_SOURCE=""
CONFIG_RD_GZIP=y
CONFIG_RD_BZIP2=y
CONFIG_RD_LZMA=y
CONFIG_RD_XZ=y
CONFIG_RD_LZO=y
CONFIG_RD_LZ4=y
CONFIG_RD_ZSTD=y
CONFIG_BOOT_CONFIG=y
# CONFIG_BOOT_CONFIG_FORCE is not set
# CONFIG_BOOT_CONFIG_EMBED is not set
CONFIG_INITRAMFS_PRESERVE_MTIME=y
CONFIG_CC_OPTIMIZE_FOR_PERFORMANCE=y
# CONFIG_CC_OPTIMIZE_FOR_SIZE is not set
CONFIG_LD_ORPHAN_WARN=y
CONFIG_LD_ORPHAN_WARN_LEVEL="warn"
CONFIG_SYSCTL=y
CONFIG_SYSCTL_EXCEPTION_TRACE=y
CONFIG_HAVE_PCSPKR_PLATFORM=y
CONFIG_EXPERT=y
CONFIG_MULTIUSER=y
CONFIG_SGETMASK_SYSCALL=y
CONFIG_SYSFS_SYSCALL=y
CONFIG_FHANDLE=y
CONFIG_POSIX_TIMERS=y
CONFIG_PRINTK=y
CONFIG_BUG=y
CONFIG_ELF_CORE=y
CONFIG_PCSPKR_PLATFORM=y
# CONFIG_BASE_SMALL is not set
CONFIG_FUTEX=y
CONFIG_FUTEX_PI=y
CONFIG_EPOLL=y
CONFIG_SIGNALFD=y
CONFIG_TIMERFD=y
CONFIG_EVENTFD=y
CONFIG_SHMEM=y
CONFIG_AIO=y
CONFIG_IO_URING=y
CONFIG_ADVISE_SYSCALLS=y
CONFIG_MEMBARRIER=y
# CONFIG_KCMP is not set
CONFIG_RSEQ=y
# CONFIG_DEBUG_RSEQ is not set
CONFIG_CACHESTAT_SYSCALL=y
# CONFIG_PC104 is not set
CONFIG_KALLSYMS=y
# CONFIG_KALLSYMS_SELFTEST is not set
CONFIG_KALLSYMS_ALL=y
CONFIG_KALLSYMS_ABSOLUTE_PERCPU=y
CONFIG_ARCH_HAS_MEMBARRIER_SYNC_CORE=y
CONFIG_HAVE_PERF_EVENTS=y

#
# Kernel Performance Events And Counters
#
CONFIG_PERF_EVENTS=y
# CONFIG_DEBUG_PERF_USE_VMALLOC is not set
# end of Kernel Performance Events And Counters

CONFIG_SYSTEM_DATA_VERIFICATION=y
CONFIG_PROFILING=y
CONFIG_TRACEPOINTS=y

#
# Kexec and crash features
#
CONFIG_CRASH_RESERVE=y
CONFIG_VMCORE_INFO=y
CONFIG_KEXEC_CORE=y
CONFIG_KEXEC=y
# CONFIG_KEXEC_FILE is not set
CONFIG_CRASH_DUMP=y
CONFIG_CRASH_HOTPLUG=y
CONFIG_CRASH_MAX_MEMORY_RANGES=8192
# end of Kexec and crash features
# end of General setup

CONFIG_64BIT=y
CONFIG_X86_64=y
CONFIG_X86=y
CONFIG_INSTRUCTION_DECODER=y
CONFIG_OUTPUT_FORMAT="elf64-x86-64"
CONFIG_LOCKDEP_SUPPORT=y
CONFIG_STACKTRACE_SUPPORT=y
CONFIG_MMU=y
CONFIG_ARCH_MMAP_RND_BITS_MIN=28
CONFIG_ARCH_MMAP_RND_BITS_MAX=32
CONFIG_ARCH_MMAP_RND_COMPAT_BITS_MIN=8
CONFIG_ARCH_MMAP_RND_COMPAT_BITS_MAX=16
CONFIG_GENERIC_ISA_DMA=y
CONFIG_GENERIC_BUG=y
CONFIG_GENERIC_BUG_RELATIVE_POINTERS=y
CONFIG_ARCH_MAY_HAVE_PC_FDC=y
CONFIG_GENERIC_CALIBRATE_DELAY=y
CONFIG_ARCH_HAS_CPU_RELAX=y
CONFIG_ARCH_HIBERNATION_POSSIBLE=y
CONFIG_ARCH_SUSPEND_POSSIBLE=y
CONFIG_AUDIT_ARCH=y
CONFIG_X86_64_SMP=y
CONFIG_ARCH_SUPPORTS_UPROBES=y
CONFIG_FIX_EARLYCON_MEM=y
CONFIG_PGTABLE_LEVELS=5
CONFIG_CC_HAS_SANE_STACKPROTECTOR=y

#
# Processor type and features
#
CONFIG_SMP=y
CONFIG_X86_MPPARSE=y
# CONFIG_X86_CPU_RESCTRL is not set
# CONFIG_X86_FRED is not set
CONFIG_X86_EXTENDED_PLATFORM=y
# CONFIG_X86_VSMP is not set
# CONFIG_X86_GOLDFISH is not set
# CONFIG_X86_INTEL_MID is not set
# CONFIG_X86_INTEL_LPSS is not set
# CONFIG_X86_AMD_PLATFORM_DEVICE is not set
# CONFIG_IOSF_MBI is not set
CONFIG_X86_SUPPORTS_MEMORY_FAILURE=y
CONFIG_SCHED_OMIT_FRAME_POINTER=y
# CONFIG_HYPERVISOR_GUEST is not set
# CONFIG_MK8 is not set
# CONFIG_MPSC is not set
CONFIG_MCORE2=y
# CONFIG_MATOM is not set
# CONFIG_GENERIC_CPU is not set
CONFIG_X86_INTERNODE_CACHE_SHIFT=6
CONFIG_X86_L1_CACHE_SHIFT=6
CONFIG_X86_INTEL_USERCOPY=y
CONFIG_X86_USE_PPRO_CHECKSUM=y
CONFIG_X86_P6_NOP=y
CONFIG_X86_TSC=y
CONFIG_X86_HAVE_PAE=y
CONFIG_X86_CMPXCHG64=y
CONFIG_X86_CMOV=y
CONFIG_X86_MINIMUM_CPU_FAMILY=64
CONFIG_X86_DEBUGCTLMSR=y
CONFIG_IA32_FEAT_CTL=y
CONFIG_X86_VMX_FEATURE_NAMES=y
# CONFIG_PROCESSOR_SELECT is not set
CONFIG_CPU_SUP_INTEL=y
CONFIG_CPU_SUP_AMD=y
CONFIG_CPU_SUP_HYGON=y
CONFIG_CPU_SUP_CENTAUR=y
CONFIG_CPU_SUP_ZHAOXIN=y
CONFIG_HPET_TIMER=y
CONFIG_DMI=y
CONFIG_GART_IOMMU=y
CONFIG_BOOT_VESA_SUPPORT=y
# CONFIG_MAXSMP is not set
CONFIG_NR_CPUS_RANGE_BEGIN=2
CONFIG_NR_CPUS_RANGE_END=512
CONFIG_NR_CPUS_DEFAULT=64
CONFIG_NR_CPUS=128
CONFIG_SCHED_CLUSTER=y
CONFIG_SCHED_SMT=y
CONFIG_SCHED_MC=y
CONFIG_SCHED_MC_PRIO=y
CONFIG_X86_LOCAL_APIC=y
CONFIG_ACPI_MADT_WAKEUP=y
CONFIG_X86_IO_APIC=y
# CONFIG_X86_REROUTE_FOR_BROKEN_BOOT_IRQS is not set
CONFIG_X86_MCE=y
# CONFIG_X86_MCELOG_LEGACY is not set
CONFIG_X86_MCE_INTEL=y
CONFIG_X86_MCE_AMD=y
CONFIG_X86_MCE_THRESHOLD=y
# CONFIG_X86_MCE_INJECT is not set

#
# Performance monitoring
#
CONFIG_PERF_EVENTS_INTEL_UNCORE=y
CONFIG_PERF_EVENTS_INTEL_RAPL=y
CONFIG_PERF_EVENTS_INTEL_CSTATE=y
# CONFIG_PERF_EVENTS_AMD_POWER is not set
CONFIG_PERF_EVENTS_AMD_UNCORE=y
# CONFIG_PERF_EVENTS_AMD_BRS is not set
# end of Performance monitoring

CONFIG_X86_16BIT=y
CONFIG_X86_ESPFIX64=y
CONFIG_X86_VSYSCALL_EMULATION=y
CONFIG_X86_IOPL_IOPERM=y
CONFIG_MICROCODE=y
# CONFIG_MICROCODE_LATE_LOADING is not set
CONFIG_X86_MSR=y
CONFIG_X86_CPUID=y
CONFIG_X86_5LEVEL=y
CONFIG_X86_DIRECT_GBPAGES=y
# CONFIG_X86_CPA_STATISTICS is not set
# CONFIG_AMD_MEM_ENCRYPT is not set
CONFIG_NUMA=y
CONFIG_AMD_NUMA=y
CONFIG_X86_64_ACPI_NUMA=y
CONFIG_NODES_SHIFT=6
CONFIG_ARCH_SPARSEMEM_ENABLE=y
CONFIG_ARCH_SPARSEMEM_DEFAULT=y
CONFIG_ARCH_PROC_KCORE_TEXT=y
CONFIG_ILLEGAL_POINTER_VALUE=0xdead000000000000
# CONFIG_X86_PMEM_LEGACY is not set
# CONFIG_X86_CHECK_BIOS_CORRUPTION is not set
CONFIG_MTRR=y
CONFIG_MTRR_SANITIZER=y
CONFIG_MTRR_SANITIZER_ENABLE_DEFAULT=0
CONFIG_MTRR_SANITIZER_SPARE_REG_NR_DEFAULT=1
CONFIG_X86_PAT=y
CONFIG_X86_UMIP=y
CONFIG_CC_HAS_IBT=y
CONFIG_X86_CET=y
CONFIG_X86_KERNEL_IBT=y
CONFIG_X86_INTEL_MEMORY_PROTECTION_KEYS=y
CONFIG_ARCH_PKEY_BITS=4
CONFIG_X86_INTEL_TSX_MODE_OFF=y
# CONFIG_X86_INTEL_TSX_MODE_ON is not set
# CONFIG_X86_INTEL_TSX_MODE_AUTO is not set
# CONFIG_X86_USER_SHADOW_STACK is not set
CONFIG_EFI=y
CONFIG_EFI_STUB=y
CONFIG_EFI_HANDOVER_PROTOCOL=y
# CONFIG_EFI_MIXED is not set
CONFIG_EFI_RUNTIME_MAP=y
# CONFIG_HZ_100 is not set
# CONFIG_HZ_250 is not set
# CONFIG_HZ_300 is not set
CONFIG_HZ_1000=y
CONFIG_HZ=1000
CONFIG_SCHED_HRTICK=y
CONFIG_ARCH_SUPPORTS_KEXEC=y
CONFIG_ARCH_SUPPORTS_KEXEC_FILE=y
CONFIG_ARCH_SUPPORTS_KEXEC_PURGATORY=y
CONFIG_ARCH_SUPPORTS_KEXEC_SIG=y
CONFIG_ARCH_SUPPORTS_KEXEC_SIG_FORCE=y
CONFIG_ARCH_SUPPORTS_KEXEC_BZIMAGE_VERIFY_SIG=y
CONFIG_ARCH_SUPPORTS_KEXEC_JUMP=y
CONFIG_ARCH_SUPPORTS_CRASH_DUMP=y
CONFIG_ARCH_DEFAULT_CRASH_DUMP=y
CONFIG_ARCH_SUPPORTS_CRASH_HOTPLUG=y
CONFIG_ARCH_HAS_GENERIC_CRASHKERNEL_RESERVATION=y
CONFIG_PHYSICAL_START=0x1000000
CONFIG_RELOCATABLE=y
CONFIG_RANDOMIZE_BASE=y
CONFIG_X86_NEED_RELOCS=y
CONFIG_PHYSICAL_ALIGN=0x1000000
CONFIG_DYNAMIC_MEMORY_LAYOUT=y
CONFIG_RANDOMIZE_MEMORY=y
CONFIG_RANDOMIZE_MEMORY_PHYSICAL_PADDING=0x0
CONFIG_HOTPLUG_CPU=y
# CONFIG_LEGACY_VSYSCALL_XONLY is not set
CONFIG_LEGACY_VSYSCALL_NONE=y
# CONFIG_CMDLINE_BOOL is not set
CONFIG_MODIFY_LDT_SYSCALL=y
# CONFIG_STRICT_SIGALTSTACK_SIZE is not set
CONFIG_HAVE_LIVEPATCH=y
# CONFIG_LIVEPATCH is not set
CONFIG_X86_BUS_LOCK_DETECT=y
# end of Processor type and features

CONFIG_CC_HAS_SLS=y
CONFIG_CC_HAS_RETURN_THUNK=y
CONFIG_CC_HAS_ENTRY_PADDING=y
CONFIG_FUNCTION_PADDING_CFI=11
CONFIG_FUNCTION_PADDING_BYTES=16
CONFIG_CALL_PADDING=y
CONFIG_HAVE_CALL_THUNKS=y
CONFIG_CALL_THUNKS=y
CONFIG_PREFIX_SYMBOLS=y
CONFIG_CPU_MITIGATIONS=y
CONFIG_MITIGATION_PAGE_TABLE_ISOLATION=y
CONFIG_MITIGATION_RETPOLINE=y
CONFIG_MITIGATION_RETHUNK=y
CONFIG_MITIGATION_UNRET_ENTRY=y
CONFIG_MITIGATION_CALL_DEPTH_TRACKING=y
# CONFIG_CALL_THUNKS_DEBUG is not set
CONFIG_MITIGATION_IBPB_ENTRY=y
CONFIG_MITIGATION_IBRS_ENTRY=y
CONFIG_MITIGATION_SRSO=y
# CONFIG_MITIGATION_SLS is not set
CONFIG_MITIGATION_GDS=y
CONFIG_MITIGATION_RFDS=y
CONFIG_MITIGATION_SPECTRE_BHI=y
CONFIG_MITIGATION_MDS=y
CONFIG_MITIGATION_TAA=y
CONFIG_MITIGATION_MMIO_STALE_DATA=y
CONFIG_MITIGATION_L1TF=y
CONFIG_MITIGATION_RETBLEED=y
CONFIG_MITIGATION_SPECTRE_V1=y
CONFIG_MITIGATION_SPECTRE_V2=y
CONFIG_MITIGATION_SRBDS=y
CONFIG_MITIGATION_SSB=y
CONFIG_ARCH_HAS_ADD_PAGES=y

#
# Power management and ACPI options
#
CONFIG_SUSPEND=y
CONFIG_SUSPEND_FREEZER=y
# CONFIG_SUSPEND_SKIP_SYNC is not set
# CONFIG_HIBERNATION is not set
CONFIG_PM_SLEEP=y
CONFIG_PM_SLEEP_SMP=y
# CONFIG_PM_AUTOSLEEP is not set
# CONFIG_PM_USERSPACE_AUTOSLEEP is not set
# CONFIG_PM_WAKELOCKS is not set
CONFIG_PM=y
# CONFIG_PM_DEBUG is not set
# CONFIG_WQ_POWER_EFFICIENT_DEFAULT is not set
# CONFIG_ENERGY_MODEL is not set
CONFIG_ARCH_SUPPORTS_ACPI=y
CONFIG_ACPI=y
CONFIG_ACPI_LEGACY_TABLES_LOOKUP=y
CONFIG_ARCH_MIGHT_HAVE_ACPI_PDC=y
CONFIG_ACPI_SYSTEM_POWER_STATES_SUPPORT=y
CONFIG_ACPI_THERMAL_LIB=y
# CONFIG_ACPI_DEBUGGER is not set
CONFIG_ACPI_SPCR_TABLE=y
# CONFIG_ACPI_FPDT is not set
CONFIG_ACPI_LPIT=y
CONFIG_ACPI_SLEEP=y
CONFIG_ACPI_REV_OVERRIDE_POSSIBLE=y
CONFIG_ACPI_EC=y
# CONFIG_ACPI_EC_DEBUGFS is not set
CONFIG_ACPI_AC=y
CONFIG_ACPI_BATTERY=y
CONFIG_ACPI_BUTTON=y
CONFIG_ACPI_FAN=y
# CONFIG_ACPI_TAD is not set
# CONFIG_ACPI_DOCK is not set
CONFIG_ACPI_CPU_FREQ_PSS=y
CONFIG_ACPI_PROCESSOR_CSTATE=y
CONFIG_ACPI_PROCESSOR_IDLE=y
CONFIG_ACPI_CPPC_LIB=y
CONFIG_ACPI_PROCESSOR=y
CONFIG_ACPI_HOTPLUG_CPU=y
# CONFIG_ACPI_PROCESSOR_AGGREGATOR is not set
CONFIG_ACPI_THERMAL=y
CONFIG_ARCH_HAS_ACPI_TABLE_UPGRADE=y
CONFIG_ACPI_TABLE_UPGRADE=y
# CONFIG_ACPI_DEBUG is not set
# CONFIG_ACPI_PCI_SLOT is not set
CONFIG_ACPI_CONTAINER=y
CONFIG_ACPI_HOTPLUG_IOAPIC=y
# CONFIG_ACPI_SBS is not set
# CONFIG_ACPI_HED is not set
# CONFIG_ACPI_BGRT is not set
# CONFIG_ACPI_REDUCED_HARDWARE_ONLY is not set
# CONFIG_ACPI_NFIT is not set
CONFIG_ACPI_NUMA=y
# CONFIG_ACPI_HMAT is not set
CONFIG_HAVE_ACPI_APEI=y
CONFIG_HAVE_ACPI_APEI_NMI=y
# CONFIG_ACPI_APEI is not set
# CONFIG_ACPI_DPTF is not set
# CONFIG_ACPI_CONFIGFS is not set
# CONFIG_ACPI_PFRUT is not set
CONFIG_ACPI_PCC=y
# CONFIG_ACPI_FFH is not set
# CONFIG_PMIC_OPREGION is not set
CONFIG_ACPI_PRMT=y
CONFIG_X86_PM_TIMER=y

#
# CPU Frequency scaling
#
CONFIG_CPU_FREQ=y
CONFIG_CPU_FREQ_GOV_ATTR_SET=y
CONFIG_CPU_FREQ_GOV_COMMON=y
CONFIG_CPU_FREQ_STAT=y
CONFIG_CPU_FREQ_DEFAULT_GOV_PERFORMANCE=y
# CONFIG_CPU_FREQ_DEFAULT_GOV_POWERSAVE is not set
# CONFIG_CPU_FREQ_DEFAULT_GOV_USERSPACE is not set
# CONFIG_CPU_FREQ_DEFAULT_GOV_SCHEDUTIL is not set
CONFIG_CPU_FREQ_GOV_PERFORMANCE=y
# CONFIG_CPU_FREQ_GOV_POWERSAVE is not set
CONFIG_CPU_FREQ_GOV_USERSPACE=y
CONFIG_CPU_FREQ_GOV_ONDEMAND=y
CONFIG_CPU_FREQ_GOV_CONSERVATIVE=y
CONFIG_CPU_FREQ_GOV_SCHEDUTIL=y

#
# CPU frequency scaling drivers
#
CONFIG_X86_INTEL_PSTATE=y
# CONFIG_X86_PCC_CPUFREQ is not set
CONFIG_X86_AMD_PSTATE=y
CONFIG_X86_AMD_PSTATE_DEFAULT_MODE=3
# CONFIG_X86_AMD_PSTATE_UT is not set
CONFIG_X86_ACPI_CPUFREQ=y
CONFIG_X86_ACPI_CPUFREQ_CPB=y
CONFIG_X86_POWERNOW_K8=y
# CONFIG_X86_AMD_FREQ_SENSITIVITY is not set
# CONFIG_X86_SPEEDSTEP_CENTRINO is not set
# CONFIG_X86_P4_CLOCKMOD is not set

#
# shared options
#
# end of CPU Frequency scaling

#
# CPU Idle
#
CONFIG_CPU_IDLE=y
CONFIG_CPU_IDLE_GOV_LADDER=y
CONFIG_CPU_IDLE_GOV_MENU=y
# CONFIG_CPU_IDLE_GOV_TEO is not set
# end of CPU Idle

# CONFIG_INTEL_IDLE is not set
# end of Power management and ACPI options

#
# Bus options (PCI etc.)
#
CONFIG_PCI_DIRECT=y
CONFIG_PCI_MMCONFIG=y
CONFIG_MMCONF_FAM10H=y
# CONFIG_PCI_CNB20LE_QUIRK is not set
# CONFIG_ISA_BUS is not set
CONFIG_ISA_DMA_API=y
CONFIG_AMD_NB=y
CONFIG_AMD_NODE=y
# end of Bus options (PCI etc.)

#
# Binary Emulations
#
# CONFIG_IA32_EMULATION is not set
# end of Binary Emulations

CONFIG_VIRTUALIZATION=y
# CONFIG_KVM is not set
CONFIG_AS_AVX512=y
CONFIG_AS_SHA1_NI=y
CONFIG_AS_SHA256_NI=y
CONFIG_AS_TPAUSE=y
CONFIG_AS_GFNI=y
CONFIG_AS_VAES=y
CONFIG_AS_VPCLMULQDQ=y
CONFIG_AS_WRUSS=y
CONFIG_ARCH_CONFIGURES_CPU_MITIGATIONS=y
CONFIG_ARCH_HAS_DMA_OPS=y

#
# General architecture-dependent options
#
CONFIG_HOTPLUG_SMT=y
CONFIG_HOTPLUG_CORE_SYNC=y
CONFIG_HOTPLUG_CORE_SYNC_DEAD=y
CONFIG_HOTPLUG_CORE_SYNC_FULL=y
CONFIG_HOTPLUG_SPLIT_STARTUP=y
CONFIG_HOTPLUG_PARALLEL=y
CONFIG_GENERIC_ENTRY=y
CONFIG_KPROBES=y
CONFIG_JUMP_LABEL=y
# CONFIG_STATIC_KEYS_SELFTEST is not set
# CONFIG_STATIC_CALL_SELFTEST is not set
CONFIG_OPTPROBES=y
CONFIG_KPROBES_ON_FTRACE=y
CONFIG_UPROBES=y
CONFIG_HAVE_EFFICIENT_UNALIGNED_ACCESS=y
CONFIG_ARCH_USE_BUILTIN_BSWAP=y
CONFIG_KRETPROBES=y
CONFIG_KRETPROBE_ON_RETHOOK=y
CONFIG_HAVE_IOREMAP_PROT=y
CONFIG_HAVE_KPROBES=y
CONFIG_HAVE_KRETPROBES=y
CONFIG_HAVE_OPTPROBES=y
CONFIG_HAVE_KPROBES_ON_FTRACE=y
CONFIG_ARCH_CORRECT_STACKTRACE_ON_KRETPROBE=y
CONFIG_HAVE_FUNCTION_ERROR_INJECTION=y
CONFIG_HAVE_NMI=y
CONFIG_TRACE_IRQFLAGS_SUPPORT=y
CONFIG_TRACE_IRQFLAGS_NMI_SUPPORT=y
CONFIG_HAVE_ARCH_TRACEHOOK=y
CONFIG_HAVE_DMA_CONTIGUOUS=y
CONFIG_GENERIC_SMP_IDLE_THREAD=y
CONFIG_ARCH_HAS_FORTIFY_SOURCE=y
CONFIG_ARCH_HAS_SET_MEMORY=y
CONFIG_ARCH_HAS_SET_DIRECT_MAP=y
CONFIG_ARCH_HAS_CPU_FINALIZE_INIT=y
CONFIG_HAVE_ARCH_THREAD_STRUCT_WHITELIST=y
CONFIG_ARCH_WANTS_DYNAMIC_TASK_STRUCT=y
CONFIG_ARCH_WANTS_NO_INSTR=y
CONFIG_HAVE_ASM_MODVERSIONS=y
CONFIG_HAVE_REGS_AND_STACK_ACCESS_API=y
CONFIG_HAVE_RSEQ=y
CONFIG_HAVE_RUST=y
CONFIG_HAVE_FUNCTION_ARG_ACCESS_API=y
CONFIG_HAVE_HW_BREAKPOINT=y
CONFIG_HAVE_MIXED_BREAKPOINTS_REGS=y
CONFIG_HAVE_USER_RETURN_NOTIFIER=y
CONFIG_HAVE_PERF_EVENTS_NMI=y
CONFIG_HAVE_HARDLOCKUP_DETECTOR_PERF=y
CONFIG_HAVE_PERF_REGS=y
CONFIG_HAVE_PERF_USER_STACK_DUMP=y
CONFIG_HAVE_ARCH_JUMP_LABEL=y
CONFIG_HAVE_ARCH_JUMP_LABEL_RELATIVE=y
CONFIG_MMU_GATHER_MERGE_VMAS=y
CONFIG_MMU_LAZY_TLB_REFCOUNT=y
CONFIG_ARCH_HAVE_NMI_SAFE_CMPXCHG=y
CONFIG_ARCH_HAVE_EXTRA_ELF_NOTES=y
CONFIG_ARCH_HAS_NMI_SAFE_THIS_CPU_OPS=y
CONFIG_HAVE_ALIGNED_STRUCT_PAGE=y
CONFIG_HAVE_CMPXCHG_LOCAL=y
CONFIG_HAVE_CMPXCHG_DOUBLE=y
CONFIG_HAVE_ARCH_SECCOMP=y
CONFIG_HAVE_ARCH_SECCOMP_FILTER=y
CONFIG_SECCOMP=y
CONFIG_SECCOMP_FILTER=y
# CONFIG_SECCOMP_CACHE_DEBUG is not set
CONFIG_HAVE_ARCH_STACKLEAK=y
CONFIG_HAVE_STACKPROTECTOR=y
CONFIG_STACKPROTECTOR=y
CONFIG_STACKPROTECTOR_STRONG=y
CONFIG_ARCH_SUPPORTS_LTO_CLANG=y
CONFIG_ARCH_SUPPORTS_LTO_CLANG_THIN=y
CONFIG_HAS_LTO_CLANG=y
CONFIG_LTO_NONE=y
# CONFIG_LTO_CLANG_FULL is not set
# CONFIG_LTO_CLANG_THIN is not set
CONFIG_ARCH_SUPPORTS_AUTOFDO_CLANG=y
# CONFIG_AUTOFDO_CLANG is not set
CONFIG_ARCH_SUPPORTS_PROPELLER_CLANG=y
CONFIG_ARCH_SUPPORTS_CFI_CLANG=y
# CONFIG_CFI_CLANG is not set
CONFIG_HAVE_CFI_ICALL_NORMALIZE_INTEGERS_CLANG=y
CONFIG_HAVE_ARCH_WITHIN_STACK_FRAMES=y
CONFIG_HAVE_CONTEXT_TRACKING_USER=y
CONFIG_HAVE_CONTEXT_TRACKING_USER_OFFSTACK=y
CONFIG_HAVE_VIRT_CPU_ACCOUNTING_GEN=y
CONFIG_HAVE_IRQ_TIME_ACCOUNTING=y
CONFIG_HAVE_MOVE_PUD=y
CONFIG_HAVE_MOVE_PMD=y
CONFIG_HAVE_ARCH_TRANSPARENT_HUGEPAGE=y
CONFIG_HAVE_ARCH_TRANSPARENT_HUGEPAGE_PUD=y
CONFIG_HAVE_ARCH_HUGE_VMAP=y
CONFIG_HAVE_ARCH_HUGE_VMALLOC=y
CONFIG_ARCH_WANT_HUGE_PMD_SHARE=y
CONFIG_ARCH_WANT_PMD_MKWRITE=y
CONFIG_HAVE_ARCH_SOFT_DIRTY=y
CONFIG_HAVE_MOD_ARCH_SPECIFIC=y
CONFIG_MODULES_USE_ELF_RELA=y
CONFIG_HAVE_IRQ_EXIT_ON_IRQ_STACK=y
CONFIG_HAVE_SOFTIRQ_ON_OWN_STACK=y
CONFIG_SOFTIRQ_ON_OWN_STACK=y
CONFIG_ARCH_HAS_ELF_RANDOMIZE=y
CONFIG_HAVE_ARCH_MMAP_RND_BITS=y
CONFIG_HAVE_EXIT_THREAD=y
CONFIG_ARCH_MMAP_RND_BITS=28
CONFIG_HAVE_PAGE_SIZE_4KB=y
CONFIG_PAGE_SIZE_4KB=y
CONFIG_PAGE_SIZE_LESS_THAN_64KB=y
CONFIG_PAGE_SIZE_LESS_THAN_256KB=y
CONFIG_PAGE_SHIFT=12
CONFIG_HAVE_OBJTOOL=y
CONFIG_HAVE_JUMP_LABEL_HACK=y
CONFIG_HAVE_NOINSTR_HACK=y
CONFIG_HAVE_NOINSTR_VALIDATION=y
CONFIG_HAVE_UACCESS_VALIDATION=y
CONFIG_HAVE_STACK_VALIDATION=y
CONFIG_HAVE_RELIABLE_STACKTRACE=y
CONFIG_COMPAT_32BIT_TIME=y
CONFIG_ARCH_SUPPORTS_RT=y
CONFIG_HAVE_ARCH_VMAP_STACK=y
CONFIG_VMAP_STACK=y
CONFIG_HAVE_ARCH_RANDOMIZE_KSTACK_OFFSET=y
CONFIG_RANDOMIZE_KSTACK_OFFSET=y
# CONFIG_RANDOMIZE_KSTACK_OFFSET_DEFAULT is not set
CONFIG_ARCH_HAS_STRICT_KERNEL_RWX=y
CONFIG_STRICT_KERNEL_RWX=y
CONFIG_ARCH_HAS_STRICT_MODULE_RWX=y
CONFIG_STRICT_MODULE_RWX=y
CONFIG_HAVE_ARCH_PREL32_RELOCATIONS=y
CONFIG_ARCH_USE_MEMREMAP_PROT=y
# CONFIG_LOCK_EVENT_COUNTS is not set
CONFIG_ARCH_HAS_MEM_ENCRYPT=y
CONFIG_HAVE_STATIC_CALL=y
CONFIG_HAVE_STATIC_CALL_INLINE=y
CONFIG_HAVE_PREEMPT_DYNAMIC=y
CONFIG_HAVE_PREEMPT_DYNAMIC_CALL=y
CONFIG_ARCH_WANT_LD_ORPHAN_WARN=y
CONFIG_ARCH_SUPPORTS_DEBUG_PAGEALLOC=y
CONFIG_ARCH_SUPPORTS_PAGE_TABLE_CHECK=y
CONFIG_ARCH_HAS_ELFCORE_COMPAT=y
CONFIG_ARCH_HAS_PARANOID_L1D_FLUSH=y
CONFIG_DYNAMIC_SIGFRAME=y
CONFIG_ARCH_HAS_HW_PTE_YOUNG=y
CONFIG_ARCH_HAS_NONLEAF_PMD_YOUNG=y
CONFIG_ARCH_HAS_KERNEL_FPU_SUPPORT=y

#
# GCOV-based kernel profiling
#
# CONFIG_GCOV_KERNEL is not set
CONFIG_ARCH_HAS_GCOV_PROFILE_ALL=y
# end of GCOV-based kernel profiling

CONFIG_HAVE_GCC_PLUGINS=y
CONFIG_FUNCTION_ALIGNMENT_4B=y
CONFIG_FUNCTION_ALIGNMENT_16B=y
CONFIG_FUNCTION_ALIGNMENT=16
CONFIG_CC_HAS_SANE_FUNCTION_ALIGNMENT=y
# end of General architecture-dependent options

CONFIG_RT_MUTEXES=y
CONFIG_MODULE_SIG_FORMAT=y
CONFIG_MODULES=y
# CONFIG_MODULE_DEBUG is not set
# CONFIG_MODULE_FORCE_LOAD is not set
CONFIG_MODULE_UNLOAD=y
# CONFIG_MODULE_FORCE_UNLOAD is not set
# CONFIG_MODULE_UNLOAD_TAINT_TRACKING is not set
CONFIG_MODVERSIONS=y
CONFIG_ASM_MODVERSIONS=y
CONFIG_MODULE_SRCVERSION_ALL=y
CONFIG_MODULE_SIG=y
# CONFIG_MODULE_SIG_FORCE is not set
CONFIG_MODULE_SIG_ALL=y
CONFIG_MODULE_SIG_SHA1=y
# CONFIG_MODULE_SIG_SHA256 is not set
# CONFIG_MODULE_SIG_SHA384 is not set
# CONFIG_MODULE_SIG_SHA512 is not set
# CONFIG_MODULE_SIG_SHA3_256 is not set
# CONFIG_MODULE_SIG_SHA3_384 is not set
# CONFIG_MODULE_SIG_SHA3_512 is not set
CONFIG_MODULE_SIG_HASH="sha1"
# CONFIG_MODULE_COMPRESS is not set
# CONFIG_MODULE_ALLOW_MISSING_NAMESPACE_IMPORTS is not set
CONFIG_MODPROBE_PATH="/sbin/modprobe"
# CONFIG_TRIM_UNUSED_KSYMS is not set
CONFIG_MODULES_TREE_LOOKUP=y
CONFIG_BLOCK=y
CONFIG_BLOCK_LEGACY_AUTOLOAD=y
CONFIG_BLK_CGROUP_RWSTAT=y
CONFIG_BLK_DEV_BSG_COMMON=y
CONFIG_BLK_DEV_BSGLIB=y
# CONFIG_BLK_DEV_INTEGRITY is not set
CONFIG_BLK_DEV_WRITE_MOUNTED=y
# CONFIG_BLK_DEV_ZONED is not set
CONFIG_BLK_DEV_THROTTLING=y
# CONFIG_BLK_WBT is not set
CONFIG_BLK_CGROUP_IOLATENCY=y
# CONFIG_BLK_CGROUP_IOCOST is not set
# CONFIG_BLK_CGROUP_IOPRIO is not set
CONFIG_BLK_DEBUG_FS=y
# CONFIG_BLK_SED_OPAL is not set
# CONFIG_BLK_INLINE_ENCRYPTION is not set

#
# Partition Types
#
CONFIG_PARTITION_ADVANCED=y
# CONFIG_ACORN_PARTITION is not set
# CONFIG_AIX_PARTITION is not set
CONFIG_OSF_PARTITION=y
CONFIG_AMIGA_PARTITION=y
# CONFIG_ATARI_PARTITION is not set
CONFIG_MAC_PARTITION=y
CONFIG_MSDOS_PARTITION=y
CONFIG_BSD_DISKLABEL=y
CONFIG_MINIX_SUBPARTITION=y
CONFIG_SOLARIS_X86_PARTITION=y
CONFIG_UNIXWARE_DISKLABEL=y
# CONFIG_LDM_PARTITION is not set
CONFIG_SGI_PARTITION=y
# CONFIG_ULTRIX_PARTITION is not set
CONFIG_SUN_PARTITION=y
CONFIG_KARMA_PARTITION=y
CONFIG_EFI_PARTITION=y
# CONFIG_SYSV68_PARTITION is not set
# CONFIG_CMDLINE_PARTITION is not set
# end of Partition Types

CONFIG_BLK_MQ_PCI=y
CONFIG_BLK_MQ_VIRTIO=y
CONFIG_BLK_PM=y

#
# IO Schedulers
#
CONFIG_MQ_IOSCHED_DEADLINE=y
CONFIG_MQ_IOSCHED_KYBER=y
# CONFIG_IOSCHED_BFQ is not set
# end of IO Schedulers

CONFIG_PADATA=y
CONFIG_ASN1=y
CONFIG_UNINLINE_SPIN_UNLOCK=y
CONFIG_ARCH_SUPPORTS_ATOMIC_RMW=y
CONFIG_MUTEX_SPIN_ON_OWNER=y
CONFIG_RWSEM_SPIN_ON_OWNER=y
CONFIG_LOCK_SPIN_ON_OWNER=y
CONFIG_ARCH_USE_QUEUED_SPINLOCKS=y
CONFIG_QUEUED_SPINLOCKS=y
CONFIG_ARCH_USE_QUEUED_RWLOCKS=y
CONFIG_QUEUED_RWLOCKS=y
CONFIG_ARCH_HAS_NON_OVERLAPPING_ADDRESS_SPACE=y
CONFIG_ARCH_HAS_SYNC_CORE_BEFORE_USERMODE=y
CONFIG_ARCH_HAS_SYSCALL_WRAPPER=y
CONFIG_FREEZER=y

#
# Executable file formats
#
CONFIG_BINFMT_ELF=y
CONFIG_ELFCORE=y
CONFIG_CORE_DUMP_DEFAULT_ELF_HEADERS=y
CONFIG_BINFMT_SCRIPT=y
CONFIG_BINFMT_MISC=y
CONFIG_COREDUMP=y
# end of Executable file formats

#
# Memory Management options
#
CONFIG_SWAP=y
# CONFIG_ZSWAP is not set

#
# Slab allocator options
#
CONFIG_SLUB=y
# CONFIG_SLUB_TINY is not set
CONFIG_SLAB_MERGE_DEFAULT=y
# CONFIG_SLAB_FREELIST_RANDOM is not set
# CONFIG_SLAB_FREELIST_HARDENED is not set
# CONFIG_SLAB_BUCKETS is not set
# CONFIG_SLUB_STATS is not set
CONFIG_SLUB_CPU_PARTIAL=y
# CONFIG_RANDOM_KMALLOC_CACHES is not set
# end of Slab allocator options

# CONFIG_SHUFFLE_PAGE_ALLOCATOR is not set
CONFIG_COMPAT_BRK=y
CONFIG_SPARSEMEM=y
CONFIG_SPARSEMEM_EXTREME=y
CONFIG_SPARSEMEM_VMEMMAP_ENABLE=y
CONFIG_SPARSEMEM_VMEMMAP=y
CONFIG_ARCH_WANT_OPTIMIZE_DAX_VMEMMAP=y
CONFIG_ARCH_WANT_OPTIMIZE_HUGETLB_VMEMMAP=y
CONFIG_HAVE_GUP_FAST=y
CONFIG_MEMORY_ISOLATION=y
CONFIG_EXCLUSIVE_SYSTEM_RAM=y
CONFIG_ARCH_ENABLE_MEMORY_HOTPLUG=y
# CONFIG_MEMORY_HOTPLUG is not set
CONFIG_ARCH_MHP_MEMMAP_ON_MEMORY_ENABLE=y
CONFIG_SPLIT_PTE_PTLOCKS=y
CONFIG_ARCH_ENABLE_SPLIT_PMD_PTLOCK=y
CONFIG_SPLIT_PMD_PTLOCKS=y
CONFIG_MEMORY_BALLOON=y
CONFIG_BALLOON_COMPACTION=y
CONFIG_COMPACTION=y
CONFIG_COMPACT_UNEVICTABLE_DEFAULT=1
CONFIG_PAGE_REPORTING=y
CONFIG_MIGRATION=y
CONFIG_ARCH_ENABLE_HUGEPAGE_MIGRATION=y
CONFIG_ARCH_ENABLE_THP_MIGRATION=y
CONFIG_CONTIG_ALLOC=y
CONFIG_PCP_BATCH_SCALE_MAX=5
CONFIG_PHYS_ADDR_T_64BIT=y
CONFIG_KSM=y
CONFIG_DEFAULT_MMAP_MIN_ADDR=4096
CONFIG_ARCH_SUPPORTS_MEMORY_FAILURE=y
CONFIG_MEMORY_FAILURE=y
CONFIG_HWPOISON_INJECT=y
CONFIG_ARCH_WANT_GENERAL_HUGETLB=y
CONFIG_ARCH_WANTS_THP_SWAP=y
CONFIG_TRANSPARENT_HUGEPAGE=y
# CONFIG_TRANSPARENT_HUGEPAGE_ALWAYS is not set
CONFIG_TRANSPARENT_HUGEPAGE_MADVISE=y
# CONFIG_TRANSPARENT_HUGEPAGE_NEVER is not set
CONFIG_THP_SWAP=y
# CONFIG_READ_ONLY_THP_FOR_FS is not set
CONFIG_PGTABLE_HAS_HUGE_LEAVES=y
CONFIG_ARCH_SUPPORTS_HUGE_PFNMAP=y
CONFIG_ARCH_SUPPORTS_PMD_PFNMAP=y
CONFIG_ARCH_SUPPORTS_PUD_PFNMAP=y
CONFIG_NEED_PER_CPU_EMBED_FIRST_CHUNK=y
CONFIG_NEED_PER_CPU_PAGE_FIRST_CHUNK=y
CONFIG_USE_PERCPU_NUMA_NODE_ID=y
CONFIG_HAVE_SETUP_PER_CPU_AREA=y
CONFIG_CMA=y
# CONFIG_CMA_DEBUGFS is not set
# CONFIG_CMA_SYSFS is not set
CONFIG_CMA_AREAS=7
CONFIG_GENERIC_EARLY_IOREMAP=y
# CONFIG_DEFERRED_STRUCT_PAGE_INIT is not set
# CONFIG_IDLE_PAGE_TRACKING is not set
CONFIG_ARCH_HAS_CACHE_LINE_SIZE=y
CONFIG_ARCH_HAS_CURRENT_STACK_POINTER=y
CONFIG_ARCH_HAS_PTE_DEVMAP=y
CONFIG_ARCH_HAS_ZONE_DMA_SET=y
CONFIG_ZONE_DMA=y
CONFIG_ZONE_DMA32=y
CONFIG_ARCH_USES_HIGH_VMA_FLAGS=y
CONFIG_ARCH_HAS_PKEYS=y
CONFIG_ARCH_USES_PG_ARCH_2=y
CONFIG_VM_EVENT_COUNTERS=y
# CONFIG_PERCPU_STATS is not set
# CONFIG_GUP_TEST is not set
# CONFIG_DMAPOOL_TEST is not set
CONFIG_ARCH_HAS_PTE_SPECIAL=y
CONFIG_MEMFD_CREATE=y
CONFIG_SECRETMEM=y
# CONFIG_ANON_VMA_NAME is not set
CONFIG_HAVE_ARCH_USERFAULTFD_WP=y
CONFIG_HAVE_ARCH_USERFAULTFD_MINOR=y
CONFIG_USERFAULTFD=y
CONFIG_PTE_MARKER_UFFD_WP=y
# CONFIG_LRU_GEN is not set
CONFIG_ARCH_SUPPORTS_PER_VMA_LOCK=y
CONFIG_PER_VMA_LOCK=y
CONFIG_LOCK_MM_AND_FIND_VMA=y
CONFIG_EXECMEM=y
CONFIG_NUMA_MEMBLKS=y
# CONFIG_NUMA_EMU is not set

#
# Data Access Monitoring
#
# CONFIG_DAMON is not set
# end of Data Access Monitoring
# end of Memory Management options

CONFIG_NET=y
CONFIG_NET_INGRESS=y
CONFIG_NET_EGRESS=y
CONFIG_NET_XGRESS=y
CONFIG_SKB_EXTENSIONS=y
CONFIG_NET_DEVMEM=y
CONFIG_NET_SHAPER=y

#
# Networking options
#
CONFIG_PACKET=y
# CONFIG_PACKET_DIAG is not set
CONFIG_UNIX=y
CONFIG_AF_UNIX_OOB=y
# CONFIG_UNIX_DIAG is not set
CONFIG_TLS=y
# CONFIG_TLS_DEVICE is not set
# CONFIG_TLS_TOE is not set
CONFIG_XFRM=y
CONFIG_XFRM_ALGO=y
CONFIG_XFRM_USER=y
CONFIG_XFRM_INTERFACE=y
CONFIG_XFRM_SUB_POLICY=y
# CONFIG_XFRM_MIGRATE is not set
# CONFIG_XFRM_STATISTICS is not set
CONFIG_XFRM_ESP=y
# CONFIG_NET_KEY is not set
# CONFIG_XFRM_IPTFS is not set
CONFIG_XDP_SOCKETS=y
CONFIG_XDP_SOCKETS_DIAG=y
CONFIG_INET=y
CONFIG_IP_MULTICAST=y
CONFIG_IP_ADVANCED_ROUTER=y
# CONFIG_IP_FIB_TRIE_STATS is not set
CONFIG_IP_MULTIPLE_TABLES=y
CONFIG_IP_ROUTE_MULTIPATH=y
CONFIG_IP_ROUTE_VERBOSE=y
# CONFIG_IP_PNP is not set
CONFIG_NET_IPIP=y
CONFIG_NET_IPGRE_DEMUX=y
CONFIG_NET_IP_TUNNEL=y
CONFIG_NET_IPGRE=y
CONFIG_NET_IPGRE_BROADCAST=y
CONFIG_IP_MROUTE_COMMON=y
CONFIG_IP_MROUTE=y
# CONFIG_IP_MROUTE_MULTIPLE_TABLES is not set
CONFIG_IP_PIMSM_V1=y
CONFIG_IP_PIMSM_V2=y
CONFIG_SYN_COOKIES=y
# CONFIG_NET_IPVTI is not set
CONFIG_NET_UDP_TUNNEL=y
CONFIG_NET_FOU=y
CONFIG_NET_FOU_IP_TUNNELS=y
# CONFIG_INET_AH is not set
CONFIG_INET_ESP=y
# CONFIG_INET_ESP_OFFLOAD is not set
# CONFIG_INET_ESPINTCP is not set
# CONFIG_INET_IPCOMP is not set
CONFIG_INET_TABLE_PERTURB_ORDER=16
CONFIG_INET_TUNNEL=y
CONFIG_INET_DIAG=y
CONFIG_INET_TCP_DIAG=y
# CONFIG_INET_UDP_DIAG is not set
# CONFIG_INET_RAW_DIAG is not set
# CONFIG_INET_DIAG_DESTROY is not set
CONFIG_TCP_CONG_ADVANCED=y
CONFIG_TCP_CONG_BIC=m
CONFIG_TCP_CONG_CUBIC=y
CONFIG_TCP_CONG_WESTWOOD=m
CONFIG_TCP_CONG_HTCP=m
# CONFIG_TCP_CONG_HSTCP is not set
# CONFIG_TCP_CONG_HYBLA is not set
# CONFIG_TCP_CONG_VEGAS is not set
# CONFIG_TCP_CONG_NV is not set
# CONFIG_TCP_CONG_SCALABLE is not set
# CONFIG_TCP_CONG_LP is not set
# CONFIG_TCP_CONG_VENO is not set
# CONFIG_TCP_CONG_YEAH is not set
# CONFIG_TCP_CONG_ILLINOIS is not set
CONFIG_TCP_CONG_DCTCP=y
# CONFIG_TCP_CONG_CDG is not set
CONFIG_TCP_CONG_BBR=y
# CONFIG_DEFAULT_CUBIC is not set
# CONFIG_DEFAULT_DCTCP is not set
# CONFIG_DEFAULT_BBR is not set
CONFIG_DEFAULT_RENO=y
CONFIG_DEFAULT_TCP_CONG="reno"
CONFIG_TCP_SIGPOOL=y
# CONFIG_TCP_AO is not set
CONFIG_TCP_MD5SIG=y
CONFIG_IPV6=y
CONFIG_IPV6_ROUTER_PREF=y
CONFIG_IPV6_ROUTE_INFO=y
# CONFIG_IPV6_OPTIMISTIC_DAD is not set
# CONFIG_INET6_AH is not set
# CONFIG_INET6_ESP is not set
# CONFIG_INET6_IPCOMP is not set
CONFIG_IPV6_MIP6=y
# CONFIG_IPV6_ILA is not set
CONFIG_INET6_TUNNEL=y
# CONFIG_IPV6_VTI is not set
CONFIG_IPV6_SIT=y
# CONFIG_IPV6_SIT_6RD is not set
CONFIG_IPV6_NDISC_NODETYPE=y
CONFIG_IPV6_TUNNEL=y
CONFIG_IPV6_GRE=y
CONFIG_IPV6_FOU=y
CONFIG_IPV6_FOU_TUNNEL=y
CONFIG_IPV6_MULTIPLE_TABLES=y
CONFIG_IPV6_SUBTREES=y
# CONFIG_IPV6_MROUTE is not set
CONFIG_IPV6_SEG6_LWTUNNEL=y
# CONFIG_IPV6_SEG6_HMAC is not set
CONFIG_IPV6_SEG6_BPF=y
# CONFIG_IPV6_RPL_LWTUNNEL is not set
# CONFIG_IPV6_IOAM6_LWTUNNEL is not set
CONFIG_NETLABEL=y
CONFIG_MPTCP=y
CONFIG_INET_MPTCP_DIAG=y
CONFIG_MPTCP_IPV6=y
CONFIG_NETWORK_SECMARK=y
CONFIG_NET_PTP_CLASSIFY=y
# CONFIG_NETWORK_PHY_TIMESTAMPING is not set
CONFIG_NETFILTER=y
CONFIG_NETFILTER_ADVANCED=y

#
# Core Netfilter Configuration
#
CONFIG_NETFILTER_INGRESS=y
CONFIG_NETFILTER_EGRESS=y
CONFIG_NETFILTER_SKIP_EGRESS=y
CONFIG_NETFILTER_NETLINK=y
CONFIG_NETFILTER_BPF_LINK=y
# CONFIG_NETFILTER_NETLINK_HOOK is not set
# CONFIG_NETFILTER_NETLINK_ACCT is not set
CONFIG_NETFILTER_NETLINK_QUEUE=y
CONFIG_NETFILTER_NETLINK_LOG=y
# CONFIG_NETFILTER_NETLINK_OSF is not set
CONFIG_NF_CONNTRACK=y
# CONFIG_NF_LOG_SYSLOG is not set
CONFIG_NF_CONNTRACK_MARK=y
# CONFIG_NF_CONNTRACK_SECMARK is not set
CONFIG_NF_CONNTRACK_ZONES=y
# CONFIG_NF_CONNTRACK_PROCFS is not set
# CONFIG_NF_CONNTRACK_EVENTS is not set
# CONFIG_NF_CONNTRACK_TIMEOUT is not set
# CONFIG_NF_CONNTRACK_TIMESTAMP is not set
# CONFIG_NF_CONNTRACK_LABELS is not set
CONFIG_NF_CT_PROTO_DCCP=y
CONFIG_NF_CT_PROTO_SCTP=y
CONFIG_NF_CT_PROTO_UDPLITE=y
# CONFIG_NF_CONNTRACK_AMANDA is not set
# CONFIG_NF_CONNTRACK_FTP is not set
# CONFIG_NF_CONNTRACK_H323 is not set
# CONFIG_NF_CONNTRACK_IRC is not set
# CONFIG_NF_CONNTRACK_NETBIOS_NS is not set
# CONFIG_NF_CONNTRACK_SNMP is not set
# CONFIG_NF_CONNTRACK_PPTP is not set
# CONFIG_NF_CONNTRACK_SANE is not set
# CONFIG_NF_CONNTRACK_SIP is not set
# CONFIG_NF_CONNTRACK_TFTP is not set
# CONFIG_NF_CT_NETLINK is not set
CONFIG_NF_NAT=y
CONFIG_NETFILTER_SYNPROXY=y
CONFIG_NF_TABLES=y
CONFIG_NF_TABLES_INET=y
CONFIG_NF_TABLES_NETDEV=y
# CONFIG_NFT_NUMGEN is not set
# CONFIG_NFT_CT is not set
CONFIG_NFT_FLOW_OFFLOAD=y
# CONFIG_NFT_CONNLIMIT is not set
# CONFIG_NFT_LOG is not set
# CONFIG_NFT_LIMIT is not set
# CONFIG_NFT_MASQ is not set
# CONFIG_NFT_REDIR is not set
# CONFIG_NFT_NAT is not set
# CONFIG_NFT_TUNNEL is not set
# CONFIG_NFT_QUEUE is not set
# CONFIG_NFT_QUOTA is not set
# CONFIG_NFT_REJECT is not set
# CONFIG_NFT_COMPAT is not set
# CONFIG_NFT_HASH is not set
# CONFIG_NFT_XFRM is not set
# CONFIG_NFT_SOCKET is not set
# CONFIG_NFT_OSF is not set
# CONFIG_NFT_TPROXY is not set
# CONFIG_NFT_SYNPROXY is not set
# CONFIG_NF_DUP_NETDEV is not set
# CONFIG_NFT_DUP_NETDEV is not set
# CONFIG_NFT_FWD_NETDEV is not set
CONFIG_NF_FLOW_TABLE_INET=y
CONFIG_NF_FLOW_TABLE=y
# CONFIG_NF_FLOW_TABLE_PROCFS is not set
CONFIG_NETFILTER_XTABLES=y

#
# Xtables combined modules
#
# CONFIG_NETFILTER_XT_MARK is not set
CONFIG_NETFILTER_XT_CONNMARK=y

#
# Xtables targets
#
# CONFIG_NETFILTER_XT_TARGET_AUDIT is not set
# CONFIG_NETFILTER_XT_TARGET_CLASSIFY is not set
# CONFIG_NETFILTER_XT_TARGET_CONNMARK is not set
CONFIG_NETFILTER_XT_TARGET_CT=y
# CONFIG_NETFILTER_XT_TARGET_HMARK is not set
# CONFIG_NETFILTER_XT_TARGET_IDLETIMER is not set
# CONFIG_NETFILTER_XT_TARGET_LOG is not set
# CONFIG_NETFILTER_XT_TARGET_MARK is not set
# CONFIG_NETFILTER_XT_NAT is not set
# CONFIG_NETFILTER_XT_TARGET_NETMAP is not set
# CONFIG_NETFILTER_XT_TARGET_NFLOG is not set
# CONFIG_NETFILTER_XT_TARGET_NFQUEUE is not set
# CONFIG_NETFILTER_XT_TARGET_NOTRACK is not set
# CONFIG_NETFILTER_XT_TARGET_RATEEST is not set
# CONFIG_NETFILTER_XT_TARGET_REDIRECT is not set
# CONFIG_NETFILTER_XT_TARGET_MASQUERADE is not set
# CONFIG_NETFILTER_XT_TARGET_TEE is not set
# CONFIG_NETFILTER_XT_TARGET_TRACE is not set
# CONFIG_NETFILTER_XT_TARGET_SECMARK is not set
# CONFIG_NETFILTER_XT_TARGET_TCPMSS is not set

#
# Xtables matches
#
# CONFIG_NETFILTER_XT_MATCH_ADDRTYPE is not set
CONFIG_NETFILTER_XT_MATCH_BPF=y
# CONFIG_NETFILTER_XT_MATCH_CGROUP is not set
# CONFIG_NETFILTER_XT_MATCH_CLUSTER is not set
# CONFIG_NETFILTER_XT_MATCH_COMMENT is not set
# CONFIG_NETFILTER_XT_MATCH_CONNBYTES is not set
# CONFIG_NETFILTER_XT_MATCH_CONNLABEL is not set
# CONFIG_NETFILTER_XT_MATCH_CONNLIMIT is not set
# CONFIG_NETFILTER_XT_MATCH_CONNMARK is not set
# CONFIG_NETFILTER_XT_MATCH_CONNTRACK is not set
# CONFIG_NETFILTER_XT_MATCH_CPU is not set
# CONFIG_NETFILTER_XT_MATCH_DCCP is not set
# CONFIG_NETFILTER_XT_MATCH_DEVGROUP is not set
# CONFIG_NETFILTER_XT_MATCH_DSCP is not set
# CONFIG_NETFILTER_XT_MATCH_ECN is not set
# CONFIG_NETFILTER_XT_MATCH_ESP is not set
# CONFIG_NETFILTER_XT_MATCH_HASHLIMIT is not set
# CONFIG_NETFILTER_XT_MATCH_HELPER is not set
# CONFIG_NETFILTER_XT_MATCH_HL is not set
# CONFIG_NETFILTER_XT_MATCH_IPCOMP is not set
# CONFIG_NETFILTER_XT_MATCH_IPRANGE is not set
# CONFIG_NETFILTER_XT_MATCH_L2TP is not set
# CONFIG_NETFILTER_XT_MATCH_LENGTH is not set
# CONFIG_NETFILTER_XT_MATCH_LIMIT is not set
# CONFIG_NETFILTER_XT_MATCH_MAC is not set
# CONFIG_NETFILTER_XT_MATCH_MARK is not set
# CONFIG_NETFILTER_XT_MATCH_MULTIPORT is not set
# CONFIG_NETFILTER_XT_MATCH_NFACCT is not set
# CONFIG_NETFILTER_XT_MATCH_OSF is not set
# CONFIG_NETFILTER_XT_MATCH_OWNER is not set
# CONFIG_NETFILTER_XT_MATCH_POLICY is not set
# CONFIG_NETFILTER_XT_MATCH_PKTTYPE is not set
# CONFIG_NETFILTER_XT_MATCH_QUOTA is not set
# CONFIG_NETFILTER_XT_MATCH_RATEEST is not set
# CONFIG_NETFILTER_XT_MATCH_REALM is not set
# CONFIG_NETFILTER_XT_MATCH_RECENT is not set
# CONFIG_NETFILTER_XT_MATCH_SCTP is not set
# CONFIG_NETFILTER_XT_MATCH_SOCKET is not set
CONFIG_NETFILTER_XT_MATCH_STATE=y
CONFIG_NETFILTER_XT_MATCH_STATISTIC=y
# CONFIG_NETFILTER_XT_MATCH_STRING is not set
# CONFIG_NETFILTER_XT_MATCH_TCPMSS is not set
# CONFIG_NETFILTER_XT_MATCH_TIME is not set
# CONFIG_NETFILTER_XT_MATCH_U32 is not set
# end of Core Netfilter Configuration

# CONFIG_IP_SET is not set
# CONFIG_IP_VS is not set

#
# IP: Netfilter Configuration
#
CONFIG_NF_DEFRAG_IPV4=y
CONFIG_IP_NF_IPTABLES_LEGACY=y
# CONFIG_NF_SOCKET_IPV4 is not set
# CONFIG_NF_TPROXY_IPV4 is not set
CONFIG_NF_TABLES_IPV4=y
# CONFIG_NFT_DUP_IPV4 is not set
# CONFIG_NFT_FIB_IPV4 is not set
# CONFIG_NF_TABLES_ARP is not set
# CONFIG_NF_DUP_IPV4 is not set
# CONFIG_NF_LOG_ARP is not set
# CONFIG_NF_LOG_IPV4 is not set
# CONFIG_NF_REJECT_IPV4 is not set
CONFIG_IP_NF_IPTABLES=y
# CONFIG_IP_NF_MATCH_AH is not set
# CONFIG_IP_NF_MATCH_ECN is not set
# CONFIG_IP_NF_MATCH_RPFILTER is not set
# CONFIG_IP_NF_MATCH_TTL is not set
CONFIG_IP_NF_FILTER=y
# CONFIG_IP_NF_TARGET_REJECT is not set
CONFIG_IP_NF_TARGET_SYNPROXY=y
# CONFIG_IP_NF_NAT is not set
# CONFIG_IP_NF_MANGLE is not set
CONFIG_IP_NF_RAW=y
# CONFIG_IP_NF_SECURITY is not set
# CONFIG_IP_NF_ARPTABLES is not set
# CONFIG_IP_NF_ARPFILTER is not set
# end of IP: Netfilter Configuration

#
# IPv6: Netfilter Configuration
#
CONFIG_IP6_NF_IPTABLES_LEGACY=y
# CONFIG_NF_SOCKET_IPV6 is not set
# CONFIG_NF_TPROXY_IPV6 is not set
CONFIG_NF_TABLES_IPV6=y
# CONFIG_NFT_DUP_IPV6 is not set
# CONFIG_NFT_FIB_IPV6 is not set
# CONFIG_NF_DUP_IPV6 is not set
# CONFIG_NF_REJECT_IPV6 is not set
# CONFIG_NF_LOG_IPV6 is not set
CONFIG_IP6_NF_IPTABLES=y
# CONFIG_IP6_NF_MATCH_AH is not set
# CONFIG_IP6_NF_MATCH_EUI64 is not set
# CONFIG_IP6_NF_MATCH_FRAG is not set
# CONFIG_IP6_NF_MATCH_OPTS is not set
# CONFIG_IP6_NF_MATCH_HL is not set
# CONFIG_IP6_NF_MATCH_IPV6HEADER is not set
# CONFIG_IP6_NF_MATCH_MH is not set
# CONFIG_IP6_NF_MATCH_RT is not set
# CONFIG_IP6_NF_MATCH_SRH is not set
CONFIG_IP6_NF_FILTER=y
# CONFIG_IP6_NF_TARGET_REJECT is not set
# CONFIG_IP6_NF_TARGET_SYNPROXY is not set
# CONFIG_IP6_NF_MANGLE is not set
# CONFIG_IP6_NF_RAW is not set
# CONFIG_IP6_NF_SECURITY is not set
# CONFIG_IP6_NF_NAT is not set
# end of IPv6: Netfilter Configuration

CONFIG_NF_DEFRAG_IPV6=y
# CONFIG_NF_CONNTRACK_BRIDGE is not set
# CONFIG_IP_DCCP is not set
# CONFIG_IP_SCTP is not set
# CONFIG_RDS is not set
# CONFIG_TIPC is not set
# CONFIG_ATM is not set
# CONFIG_L2TP is not set
# CONFIG_BRIDGE is not set
# CONFIG_NET_DSA is not set
CONFIG_VLAN_8021Q=y
# CONFIG_VLAN_8021Q_GVRP is not set
# CONFIG_VLAN_8021Q_MVRP is not set
# CONFIG_LLC2 is not set
# CONFIG_ATALK is not set
# CONFIG_X25 is not set
# CONFIG_LAPB is not set
# CONFIG_PHONET is not set
# CONFIG_6LOWPAN is not set
# CONFIG_IEEE802154 is not set
CONFIG_NET_SCHED=y

#
# Queueing/Scheduling
#
# CONFIG_NET_SCH_HTB is not set
# CONFIG_NET_SCH_HFSC is not set
# CONFIG_NET_SCH_PRIO is not set
# CONFIG_NET_SCH_MULTIQ is not set
# CONFIG_NET_SCH_RED is not set
# CONFIG_NET_SCH_SFB is not set
# CONFIG_NET_SCH_SFQ is not set
# CONFIG_NET_SCH_TEQL is not set
# CONFIG_NET_SCH_TBF is not set
# CONFIG_NET_SCH_CBS is not set
# CONFIG_NET_SCH_ETF is not set
# CONFIG_NET_SCH_TAPRIO is not set
# CONFIG_NET_SCH_GRED is not set
# CONFIG_NET_SCH_NETEM is not set
# CONFIG_NET_SCH_DRR is not set
# CONFIG_NET_SCH_MQPRIO is not set
# CONFIG_NET_SCH_SKBPRIO is not set
# CONFIG_NET_SCH_CHOKE is not set
# CONFIG_NET_SCH_QFQ is not set
# CONFIG_NET_SCH_CODEL is not set
CONFIG_NET_SCH_FQ_CODEL=y
# CONFIG_NET_SCH_CAKE is not set
CONFIG_NET_SCH_FQ=y
# CONFIG_NET_SCH_HHF is not set
# CONFIG_NET_SCH_PIE is not set
CONFIG_NET_SCH_INGRESS=y
# CONFIG_NET_SCH_PLUG is not set
# CONFIG_NET_SCH_ETS is not set
CONFIG_NET_SCH_DEFAULT=y
# CONFIG_DEFAULT_FQ is not set
CONFIG_DEFAULT_FQ_CODEL=y
# CONFIG_DEFAULT_PFIFO_FAST is not set
CONFIG_DEFAULT_NET_SCH="fq_codel"

#
# Classification
#
CONFIG_NET_CLS=y
# CONFIG_NET_CLS_BASIC is not set
# CONFIG_NET_CLS_ROUTE4 is not set
# CONFIG_NET_CLS_FW is not set
# CONFIG_NET_CLS_U32 is not set
# CONFIG_NET_CLS_FLOW is not set
CONFIG_NET_CLS_CGROUP=y
CONFIG_NET_CLS_BPF=y
CONFIG_NET_CLS_FLOWER=y
CONFIG_NET_CLS_MATCHALL=y
CONFIG_NET_EMATCH=y
CONFIG_NET_EMATCH_STACK=32
# CONFIG_NET_EMATCH_CMP is not set
# CONFIG_NET_EMATCH_NBYTE is not set
# CONFIG_NET_EMATCH_U32 is not set
# CONFIG_NET_EMATCH_META is not set
# CONFIG_NET_EMATCH_TEXT is not set
# CONFIG_NET_EMATCH_IPT is not set
CONFIG_NET_CLS_ACT=y
# CONFIG_NET_ACT_POLICE is not set
CONFIG_NET_ACT_GACT=y
# CONFIG_GACT_PROB is not set
# CONFIG_NET_ACT_MIRRED is not set
# CONFIG_NET_ACT_SAMPLE is not set
# CONFIG_NET_ACT_NAT is not set
# CONFIG_NET_ACT_PEDIT is not set
# CONFIG_NET_ACT_SIMP is not set
# CONFIG_NET_ACT_SKBEDIT is not set
# CONFIG_NET_ACT_CSUM is not set
# CONFIG_NET_ACT_MPLS is not set
# CONFIG_NET_ACT_VLAN is not set
CONFIG_NET_ACT_BPF=y
# CONFIG_NET_ACT_CONNMARK is not set
# CONFIG_NET_ACT_CTINFO is not set
CONFIG_NET_ACT_SKBMOD=y
# CONFIG_NET_ACT_IFE is not set
# CONFIG_NET_ACT_TUNNEL_KEY is not set
# CONFIG_NET_ACT_CT is not set
# CONFIG_NET_ACT_GATE is not set
CONFIG_NET_TC_SKB_EXT=y
CONFIG_NET_SCH_FIFO=y
CONFIG_DCB=y
CONFIG_DNS_RESOLVER=y
# CONFIG_BATMAN_ADV is not set
# CONFIG_OPENVSWITCH is not set
CONFIG_VSOCKETS=y
CONFIG_VSOCKETS_DIAG=y
CONFIG_VSOCKETS_LOOPBACK=y
# CONFIG_VIRTIO_VSOCKETS is not set
CONFIG_VIRTIO_VSOCKETS_COMMON=y
# CONFIG_NETLINK_DIAG is not set
CONFIG_MPLS=y
CONFIG_NET_MPLS_GSO=y
CONFIG_MPLS_ROUTING=y
CONFIG_MPLS_IPTUNNEL=y
# CONFIG_NET_NSH is not set
# CONFIG_HSR is not set
# CONFIG_NET_SWITCHDEV is not set
CONFIG_NET_L3_MASTER_DEV=y
# CONFIG_QRTR is not set
# CONFIG_NET_NCSI is not set
CONFIG_PCPU_DEV_REFCNT=y
CONFIG_MAX_SKB_FRAGS=17
CONFIG_RPS=y
CONFIG_RFS_ACCEL=y
CONFIG_SOCK_RX_QUEUE_MAPPING=y
CONFIG_XPS=y
# CONFIG_CGROUP_NET_PRIO is not set
CONFIG_CGROUP_NET_CLASSID=y
CONFIG_NET_RX_BUSY_POLL=y
CONFIG_BQL=y
CONFIG_BPF_STREAM_PARSER=y
CONFIG_NET_FLOW_LIMIT=y

#
# Network testing
#
# CONFIG_NET_PKTGEN is not set
# CONFIG_NET_DROP_MONITOR is not set
# end of Network testing
# end of Networking options

# CONFIG_HAMRADIO is not set
# CONFIG_CAN is not set
# CONFIG_BT is not set
# CONFIG_AF_RXRPC is not set
# CONFIG_AF_KCM is not set
CONFIG_STREAM_PARSER=y
# CONFIG_MCTP is not set
CONFIG_FIB_RULES=y
CONFIG_WIRELESS=y
# CONFIG_CFG80211 is not set

#
# CFG80211 needs to be enabled for MAC80211
#
CONFIG_MAC80211_STA_HASH_MAX_SIZE=0
# CONFIG_RFKILL is not set
CONFIG_NET_9P=y
CONFIG_NET_9P_FD=y
CONFIG_NET_9P_VIRTIO=y
# CONFIG_NET_9P_DEBUG is not set
# CONFIG_CAIF is not set
# CONFIG_CEPH_LIB is not set
# CONFIG_NFC is not set
# CONFIG_PSAMPLE is not set
# CONFIG_NET_IFE is not set
CONFIG_LWTUNNEL=y
CONFIG_LWTUNNEL_BPF=y
CONFIG_DST_CACHE=y
CONFIG_GRO_CELLS=y
CONFIG_NET_SOCK_MSG=y
CONFIG_NET_DEVLINK=y
CONFIG_PAGE_POOL=y
# CONFIG_PAGE_POOL_STATS is not set
CONFIG_FAILOVER=y
CONFIG_ETHTOOL_NETLINK=y

#
# Device Drivers
#
CONFIG_HAVE_EISA=y
# CONFIG_EISA is not set
CONFIG_HAVE_PCI=y
CONFIG_GENERIC_PCI_IOMAP=y
CONFIG_PCI=y
CONFIG_PCI_DOMAINS=y
CONFIG_PCIEPORTBUS=y
# CONFIG_PCIEAER is not set
CONFIG_PCIEASPM=y
CONFIG_PCIEASPM_DEFAULT=y
# CONFIG_PCIEASPM_POWERSAVE is not set
# CONFIG_PCIEASPM_POWER_SUPERSAVE is not set
# CONFIG_PCIEASPM_PERFORMANCE is not set
CONFIG_PCIE_PME=y
# CONFIG_PCIE_PTM is not set
CONFIG_PCI_MSI=y
CONFIG_PCI_QUIRKS=y
# CONFIG_PCI_DEBUG is not set
# CONFIG_PCI_REALLOC_ENABLE_AUTO is not set
# CONFIG_PCI_STUB is not set
# CONFIG_PCI_PF_STUB is not set
CONFIG_PCI_ATS=y
CONFIG_PCI_LOCKLESS_CONFIG=y
CONFIG_PCI_IOV=y
# CONFIG_PCI_PRI is not set
# CONFIG_PCI_PASID is not set
# CONFIG_PCIE_TPH is not set
CONFIG_PCI_LABEL=y
# CONFIG_PCIE_BUS_TUNE_OFF is not set
CONFIG_PCIE_BUS_DEFAULT=y
# CONFIG_PCIE_BUS_SAFE is not set
# CONFIG_PCIE_BUS_PERFORMANCE is not set
# CONFIG_PCIE_BUS_PEER2PEER is not set
CONFIG_VGA_ARB=y
CONFIG_VGA_ARB_MAX_GPUS=16
# CONFIG_HOTPLUG_PCI is not set

#
# PCI controller drivers
#
# CONFIG_VMD is not set

#
# Cadence-based PCIe controllers
#
# end of Cadence-based PCIe controllers

#
# DesignWare-based PCIe controllers
#
# CONFIG_PCI_MESON is not set
# CONFIG_PCIE_DW_PLAT_HOST is not set
# end of DesignWare-based PCIe controllers

#
# Mobiveil-based PCIe controllers
#
# end of Mobiveil-based PCIe controllers

#
# PLDA-based PCIe controllers
#
# end of PLDA-based PCIe controllers
# end of PCI controller drivers

#
# PCI Endpoint
#
# CONFIG_PCI_ENDPOINT is not set
# end of PCI Endpoint

#
# PCI switch controller drivers
#
# CONFIG_PCI_SW_SWITCHTEC is not set
# end of PCI switch controller drivers

# CONFIG_CXL_BUS is not set
# CONFIG_PCCARD is not set
# CONFIG_RAPIDIO is not set

#
# Generic Driver Options
#
# CONFIG_UEVENT_HELPER is not set
CONFIG_DEVTMPFS=y
CONFIG_DEVTMPFS_MOUNT=y
# CONFIG_DEVTMPFS_SAFE is not set
CONFIG_STANDALONE=y
CONFIG_PREVENT_FIRMWARE_BUILD=y

#
# Firmware loader
#
CONFIG_FW_LOADER=y
CONFIG_FW_LOADER_PAGED_BUF=y
CONFIG_FW_LOADER_SYSFS=y
CONFIG_EXTRA_FIRMWARE=""
CONFIG_FW_LOADER_USER_HELPER=y
# CONFIG_FW_LOADER_USER_HELPER_FALLBACK is not set
# CONFIG_FW_LOADER_COMPRESS is not set
CONFIG_FW_CACHE=y
# CONFIG_FW_UPLOAD is not set
# end of Firmware loader

CONFIG_ALLOW_DEV_COREDUMP=y
# CONFIG_DEBUG_DRIVER is not set
# CONFIG_DEBUG_DEVRES is not set
# CONFIG_DEBUG_TEST_DRIVER_REMOVE is not set
# CONFIG_TEST_ASYNC_DRIVER_PROBE is not set
CONFIG_GENERIC_CPU_DEVICES=y
CONFIG_GENERIC_CPU_AUTOPROBE=y
CONFIG_GENERIC_CPU_VULNERABILITIES=y
CONFIG_DMA_SHARED_BUFFER=y
# CONFIG_DMA_FENCE_TRACE is not set
# CONFIG_FW_DEVLINK_SYNC_STATE_TIMEOUT is not set
# end of Generic Driver Options

#
# Bus devices
#
# CONFIG_MHI_BUS is not set
# CONFIG_MHI_BUS_EP is not set
# end of Bus devices

#
# Cache Drivers
#
# end of Cache Drivers

# CONFIG_CONNECTOR is not set

#
# Firmware Drivers
#

#
# ARM System Control and Management Interface Protocol
#
# end of ARM System Control and Management Interface Protocol

# CONFIG_EDD is not set
CONFIG_FIRMWARE_MEMMAP=y
CONFIG_DMIID=y
# CONFIG_DMI_SYSFS is not set
CONFIG_DMI_SCAN_MACHINE_NON_EFI_FALLBACK=y
# CONFIG_FW_CFG_SYSFS is not set
CONFIG_SYSFB=y
# CONFIG_SYSFB_SIMPLEFB is not set
# CONFIG_GOOGLE_FIRMWARE is not set

#
# EFI (Extensible Firmware Interface) Support
#
CONFIG_EFI_ESRT=y
CONFIG_EFI_DXE_MEM_ATTRIBUTES=y
CONFIG_EFI_RUNTIME_WRAPPERS=y
# CONFIG_EFI_BOOTLOADER_CONTROL is not set
# CONFIG_EFI_CAPSULE_LOADER is not set
# CONFIG_EFI_TEST is not set
# CONFIG_APPLE_PROPERTIES is not set
# CONFIG_RESET_ATTACK_MITIGATION is not set
# CONFIG_EFI_RCI2_TABLE is not set
# CONFIG_EFI_DISABLE_PCI_DMA is not set
CONFIG_EFI_EARLYCON=y
CONFIG_EFI_CUSTOM_SSDT_OVERLAYS=y
# CONFIG_EFI_DISABLE_RUNTIME is not set
# CONFIG_EFI_COCO_SECRET is not set
# end of EFI (Extensible Firmware Interface) Support

# CONFIG_IMX_SCMI_MISC_DRV is not set

#
# Qualcomm firmware drivers
#
# end of Qualcomm firmware drivers

#
# Tegra firmware driver
#
# end of Tegra firmware driver
# end of Firmware Drivers

# CONFIG_GNSS is not set
# CONFIG_MTD is not set
# CONFIG_OF is not set
CONFIG_ARCH_MIGHT_HAVE_PC_PARPORT=y
# CONFIG_PARPORT is not set
CONFIG_PNP=y
CONFIG_PNP_DEBUG_MESSAGES=y

#
# Protocols
#
CONFIG_PNPACPI=y
CONFIG_BLK_DEV=y
# CONFIG_BLK_DEV_NULL_BLK is not set
# CONFIG_BLK_DEV_FD is not set
# CONFIG_BLK_DEV_PCIESSD_MTIP32XX is not set
# CONFIG_ZRAM is not set
CONFIG_BLK_DEV_LOOP=y
CONFIG_BLK_DEV_LOOP_MIN_COUNT=8
# CONFIG_BLK_DEV_DRBD is not set
# CONFIG_BLK_DEV_NBD is not set
CONFIG_BLK_DEV_RAM=y
CONFIG_BLK_DEV_RAM_COUNT=16
CONFIG_BLK_DEV_RAM_SIZE=16384
# CONFIG_ATA_OVER_ETH is not set
CONFIG_VIRTIO_BLK=y
# CONFIG_BLK_DEV_RBD is not set
# CONFIG_BLK_DEV_UBLK is not set

#
# NVME Support
#
# CONFIG_BLK_DEV_NVME is not set
# CONFIG_NVME_FC is not set
# CONFIG_NVME_TCP is not set
# end of NVME Support

#
# Misc devices
#
# CONFIG_DUMMY_IRQ is not set
# CONFIG_IBM_ASM is not set
# CONFIG_PHANTOM is not set
# CONFIG_TIFM_CORE is not set
# CONFIG_ENCLOSURE_SERVICES is not set
# CONFIG_HP_ILO is not set
# CONFIG_SRAM is not set
# CONFIG_DW_XDATA_PCIE is not set
# CONFIG_PCI_ENDPOINT_TEST is not set
# CONFIG_XILINX_SDFEC is not set
# CONFIG_NSM is not set
# CONFIG_MCHP_LAN966X_PCI is not set
# CONFIG_C2PORT is not set

#
# EEPROM support
#
CONFIG_EEPROM_93CX6=y
# end of EEPROM support

# CONFIG_CB710_CORE is not set

#
# Altera FPGA firmware download module (requires I2C)
#
CONFIG_INTEL_MEI=y
CONFIG_INTEL_MEI_ME=y
# CONFIG_INTEL_MEI_TXE is not set
# CONFIG_VMWARE_VMCI is not set
# CONFIG_GENWQE is not set
# CONFIG_ECHO is not set
# CONFIG_BCM_VK is not set
# CONFIG_MISC_ALCOR_PCI is not set
# CONFIG_MISC_RTSX_PCI is not set
# CONFIG_UACCE is not set
# CONFIG_PVPANIC is not set
# end of Misc devices

#
# SCSI device support
#
CONFIG_SCSI_MOD=y
# CONFIG_RAID_ATTRS is not set
# CONFIG_SCSI is not set
# end of SCSI device support

# CONFIG_ATA is not set
# CONFIG_MD is not set
# CONFIG_TARGET_CORE is not set
# CONFIG_FUSION is not set

#
# IEEE 1394 (FireWire) support
#
# CONFIG_FIREWIRE is not set
# CONFIG_FIREWIRE_NOSY is not set
# end of IEEE 1394 (FireWire) support

# CONFIG_MACINTOSH_DRIVERS is not set
CONFIG_NETDEVICES=y
CONFIG_NET_CORE=y
CONFIG_BONDING=y
CONFIG_DUMMY=y
# CONFIG_WIREGUARD is not set
# CONFIG_EQUALIZER is not set
# CONFIG_NET_TEAM is not set
# CONFIG_MACVLAN is not set
# CONFIG_IPVLAN is not set
CONFIG_VXLAN=y
CONFIG_GENEVE=y
# CONFIG_BAREUDP is not set
# CONFIG_GTP is not set
# CONFIG_PFCP is not set
# CONFIG_AMT is not set
# CONFIG_MACSEC is not set
# CONFIG_NETCONSOLE is not set
CONFIG_TUN=y
# CONFIG_TUN_VNET_CROSS_LE is not set
CONFIG_VETH=y
CONFIG_VIRTIO_NET=y
# CONFIG_NLMON is not set
CONFIG_NETKIT=y
CONFIG_NET_VRF=y
# CONFIG_ARCNET is not set
CONFIG_ETHERNET=y
CONFIG_NET_VENDOR_3COM=y
# CONFIG_VORTEX is not set
# CONFIG_TYPHOON is not set
CONFIG_NET_VENDOR_ADAPTEC=y
# CONFIG_ADAPTEC_STARFIRE is not set
CONFIG_NET_VENDOR_AGERE=y
# CONFIG_ET131X is not set
CONFIG_NET_VENDOR_ALACRITECH=y
# CONFIG_SLICOSS is not set
CONFIG_NET_VENDOR_ALTEON=y
# CONFIG_ACENIC is not set
# CONFIG_ALTERA_TSE is not set
CONFIG_NET_VENDOR_AMAZON=y
# CONFIG_ENA_ETHERNET is not set
CONFIG_NET_VENDOR_AMD=y
# CONFIG_AMD8111_ETH is not set
# CONFIG_PCNET32 is not set
# CONFIG_AMD_XGBE is not set
# CONFIG_PDS_CORE is not set
CONFIG_NET_VENDOR_AQUANTIA=y
# CONFIG_AQTION is not set
CONFIG_NET_VENDOR_ARC=y
CONFIG_NET_VENDOR_ASIX=y
CONFIG_NET_VENDOR_ATHEROS=y
# CONFIG_ATL2 is not set
# CONFIG_ATL1 is not set
# CONFIG_ATL1E is not set
# CONFIG_ATL1C is not set
# CONFIG_ALX is not set
# CONFIG_CX_ECAT is not set
CONFIG_NET_VENDOR_BROADCOM=y
# CONFIG_B44 is not set
# CONFIG_BCMGENET is not set
# CONFIG_BNX2 is not set
# CONFIG_CNIC is not set
# CONFIG_TIGON3 is not set
# CONFIG_BNX2X is not set
# CONFIG_SYSTEMPORT is not set
# CONFIG_BNXT is not set
CONFIG_NET_VENDOR_CADENCE=y
CONFIG_NET_VENDOR_CAVIUM=y
# CONFIG_THUNDER_NIC_PF is not set
# CONFIG_THUNDER_NIC_VF is not set
# CONFIG_THUNDER_NIC_BGX is not set
# CONFIG_THUNDER_NIC_RGX is not set
# CONFIG_CAVIUM_PTP is not set
# CONFIG_LIQUIDIO is not set
# CONFIG_LIQUIDIO_VF is not set
CONFIG_NET_VENDOR_CHELSIO=y
# CONFIG_CHELSIO_T1 is not set
# CONFIG_CHELSIO_T3 is not set
# CONFIG_CHELSIO_T4 is not set
# CONFIG_CHELSIO_T4VF is not set
CONFIG_NET_VENDOR_CISCO=y
# CONFIG_ENIC is not set
CONFIG_NET_VENDOR_CORTINA=y
CONFIG_NET_VENDOR_DAVICOM=y
# CONFIG_DNET is not set
CONFIG_NET_VENDOR_DEC=y
# CONFIG_NET_TULIP is not set
CONFIG_NET_VENDOR_DLINK=y
# CONFIG_DL2K is not set
CONFIG_NET_VENDOR_EMULEX=y
# CONFIG_BE2NET is not set
CONFIG_NET_VENDOR_ENGLEDER=y
# CONFIG_TSNEP is not set
CONFIG_NET_VENDOR_EZCHIP=y
CONFIG_NET_VENDOR_FUNGIBLE=y
# CONFIG_FUN_ETH is not set
CONFIG_NET_VENDOR_GOOGLE=y
# CONFIG_GVE is not set
CONFIG_NET_VENDOR_HISILICON=y
# CONFIG_HIBMCGE is not set
CONFIG_NET_VENDOR_HUAWEI=y
# CONFIG_HINIC is not set
CONFIG_NET_VENDOR_I825XX=y
CONFIG_NET_VENDOR_INTEL=y
# CONFIG_E100 is not set
# CONFIG_E1000 is not set
# CONFIG_E1000E is not set
# CONFIG_IGB is not set
# CONFIG_IGBVF is not set
# CONFIG_IXGBE is not set
# CONFIG_IXGBEVF is not set
# CONFIG_I40E is not set
# CONFIG_I40EVF is not set
# CONFIG_ICE is not set
# CONFIG_FM10K is not set
# CONFIG_IGC is not set
# CONFIG_IDPF is not set
# CONFIG_JME is not set
CONFIG_NET_VENDOR_LITEX=y
CONFIG_NET_VENDOR_MARVELL=y
# CONFIG_MVMDIO is not set
# CONFIG_SKGE is not set
# CONFIG_SKY2 is not set
# CONFIG_OCTEON_EP is not set
# CONFIG_OCTEON_EP_VF is not set
CONFIG_NET_VENDOR_MELLANOX=y
# CONFIG_MLX4_EN is not set
# CONFIG_MLX5_CORE is not set
# CONFIG_MLXSW_CORE is not set
# CONFIG_MLXFW is not set
CONFIG_NET_VENDOR_META=y
# CONFIG_FBNIC is not set
CONFIG_NET_VENDOR_MICREL=y
# CONFIG_KS8851_MLL is not set
# CONFIG_KSZ884X_PCI is not set
CONFIG_NET_VENDOR_MICROCHIP=y
# CONFIG_LAN743X is not set
# CONFIG_VCAP is not set
CONFIG_NET_VENDOR_MICROSEMI=y
CONFIG_NET_VENDOR_MICROSOFT=y
CONFIG_NET_VENDOR_MYRI=y
# CONFIG_MYRI10GE is not set
# CONFIG_FEALNX is not set
CONFIG_NET_VENDOR_NI=y
# CONFIG_NI_XGE_MANAGEMENT_ENET is not set
CONFIG_NET_VENDOR_NATSEMI=y
# CONFIG_NATSEMI is not set
# CONFIG_NS83820 is not set
CONFIG_NET_VENDOR_NETERION=y
# CONFIG_S2IO is not set
CONFIG_NET_VENDOR_NETRONOME=y
# CONFIG_NFP is not set
CONFIG_NET_VENDOR_8390=y
# CONFIG_NE2K_PCI is not set
CONFIG_NET_VENDOR_NVIDIA=y
# CONFIG_FORCEDETH is not set
CONFIG_NET_VENDOR_OKI=y
# CONFIG_ETHOC is not set
CONFIG_NET_VENDOR_PACKET_ENGINES=y
# CONFIG_HAMACHI is not set
# CONFIG_YELLOWFIN is not set
CONFIG_NET_VENDOR_PENSANDO=y
# CONFIG_IONIC is not set
CONFIG_NET_VENDOR_QLOGIC=y
# CONFIG_QLA3XXX is not set
# CONFIG_QLCNIC is not set
# CONFIG_NETXEN_NIC is not set
# CONFIG_QED is not set
CONFIG_NET_VENDOR_BROCADE=y
# CONFIG_BNA is not set
CONFIG_NET_VENDOR_QUALCOMM=y
# CONFIG_QCOM_EMAC is not set
# CONFIG_RMNET is not set
CONFIG_NET_VENDOR_RDC=y
# CONFIG_R6040 is not set
CONFIG_NET_VENDOR_REALTEK=y
# CONFIG_8139CP is not set
# CONFIG_8139TOO is not set
# CONFIG_R8169 is not set
# CONFIG_RTASE is not set
CONFIG_NET_VENDOR_RENESAS=y
CONFIG_NET_VENDOR_ROCKER=y
CONFIG_NET_VENDOR_SAMSUNG=y
# CONFIG_SXGBE_ETH is not set
CONFIG_NET_VENDOR_SEEQ=y
CONFIG_NET_VENDOR_SILAN=y
# CONFIG_SC92031 is not set
CONFIG_NET_VENDOR_SIS=y
# CONFIG_SIS900 is not set
# CONFIG_SIS190 is not set
CONFIG_NET_VENDOR_SOLARFLARE=y
# CONFIG_SFC is not set
# CONFIG_SFC_FALCON is not set
# CONFIG_SFC_SIENA is not set
CONFIG_NET_VENDOR_SMSC=y
# CONFIG_EPIC100 is not set
# CONFIG_SMSC911X is not set
# CONFIG_SMSC9420 is not set
CONFIG_NET_VENDOR_SOCIONEXT=y
CONFIG_NET_VENDOR_STMICRO=y
# CONFIG_STMMAC_ETH is not set
CONFIG_NET_VENDOR_SUN=y
# CONFIG_HAPPYMEAL is not set
# CONFIG_SUNGEM is not set
# CONFIG_CASSINI is not set
# CONFIG_NIU is not set
CONFIG_NET_VENDOR_SYNOPSYS=y
# CONFIG_DWC_XLGMAC is not set
CONFIG_NET_VENDOR_TEHUTI=y
# CONFIG_TEHUTI is not set
# CONFIG_TEHUTI_TN40 is not set
CONFIG_NET_VENDOR_TI=y
# CONFIG_TI_CPSW_PHY_SEL is not set
# CONFIG_TLAN is not set
CONFIG_NET_VENDOR_VERTEXCOM=y
CONFIG_NET_VENDOR_VIA=y
# CONFIG_VIA_RHINE is not set
# CONFIG_VIA_VELOCITY is not set
CONFIG_NET_VENDOR_WANGXUN=y
# CONFIG_NGBE is not set
CONFIG_NET_VENDOR_WIZNET=y
# CONFIG_WIZNET_W5100 is not set
# CONFIG_WIZNET_W5300 is not set
CONFIG_NET_VENDOR_XILINX=y
# CONFIG_XILINX_EMACLITE is not set
# CONFIG_XILINX_LL_TEMAC is not set
# CONFIG_FDDI is not set
# CONFIG_HIPPI is not set
# CONFIG_PHYLIB is not set
# CONFIG_MDIO_DEVICE is not set

#
# PCS device drivers
#
# CONFIG_PCS_XPCS is not set
# end of PCS device drivers

# CONFIG_PPP is not set
# CONFIG_SLIP is not set

#
# Host-side USB support is needed for USB Network Adapter support
#
CONFIG_WLAN=y
CONFIG_WLAN_VENDOR_ADMTEK=y
CONFIG_WLAN_VENDOR_ATH=y
# CONFIG_ATH_DEBUG is not set
# CONFIG_ATH5K_PCI is not set
CONFIG_WLAN_VENDOR_ATMEL=y
CONFIG_WLAN_VENDOR_BROADCOM=y
CONFIG_WLAN_VENDOR_INTEL=y
CONFIG_WLAN_VENDOR_INTERSIL=y
CONFIG_WLAN_VENDOR_MARVELL=y
CONFIG_WLAN_VENDOR_MEDIATEK=y
CONFIG_WLAN_VENDOR_MICROCHIP=y
CONFIG_WLAN_VENDOR_PURELIFI=y
CONFIG_WLAN_VENDOR_RALINK=y
CONFIG_WLAN_VENDOR_REALTEK=y
CONFIG_WLAN_VENDOR_RSI=y
CONFIG_WLAN_VENDOR_SILABS=y
CONFIG_WLAN_VENDOR_ST=y
CONFIG_WLAN_VENDOR_TI=y
CONFIG_WLAN_VENDOR_ZYDAS=y
CONFIG_WLAN_VENDOR_QUANTENNA=y
# CONFIG_WAN is not set

#
# Wireless WAN
#
# CONFIG_WWAN is not set
# end of Wireless WAN

# CONFIG_VMXNET3 is not set
# CONFIG_FUJITSU_ES is not set
CONFIG_NETDEVSIM=y
CONFIG_NET_FAILOVER=y
# CONFIG_ISDN is not set

#
# Input device support
#
CONFIG_INPUT=y
CONFIG_INPUT_FF_MEMLESS=y
# CONFIG_INPUT_SPARSEKMAP is not set
# CONFIG_INPUT_MATRIXKMAP is not set
CONFIG_INPUT_VIVALDIFMAP=y

#
# Userland interfaces
#
# CONFIG_INPUT_MOUSEDEV is not set
# CONFIG_INPUT_JOYDEV is not set
CONFIG_INPUT_EVDEV=y

#
# Input Device Drivers
#
CONFIG_INPUT_KEYBOARD=y
CONFIG_KEYBOARD_ATKBD=y
# CONFIG_KEYBOARD_LKKBD is not set
# CONFIG_KEYBOARD_NEWTON is not set
# CONFIG_KEYBOARD_OPENCORES is not set
# CONFIG_KEYBOARD_STOWAWAY is not set
# CONFIG_KEYBOARD_SUNKBD is not set
# CONFIG_KEYBOARD_XTKBD is not set
CONFIG_INPUT_MOUSE=y
CONFIG_MOUSE_PS2=y
CONFIG_MOUSE_PS2_ALPS=y
CONFIG_MOUSE_PS2_BYD=y
CONFIG_MOUSE_PS2_LOGIPS2PP=y
CONFIG_MOUSE_PS2_SYNAPTICS=y
CONFIG_MOUSE_PS2_CYPRESS=y
CONFIG_MOUSE_PS2_LIFEBOOK=y
CONFIG_MOUSE_PS2_TRACKPOINT=y
# CONFIG_MOUSE_PS2_ELANTECH is not set
# CONFIG_MOUSE_PS2_SENTELIC is not set
# CONFIG_MOUSE_PS2_TOUCHKIT is not set
CONFIG_MOUSE_PS2_FOCALTECH=y
# CONFIG_MOUSE_SERIAL is not set
# CONFIG_MOUSE_APPLETOUCH is not set
# CONFIG_MOUSE_BCM5974 is not set
# CONFIG_MOUSE_VSXXXAA is not set
# CONFIG_MOUSE_SYNAPTICS_USB is not set
# CONFIG_INPUT_JOYSTICK is not set
# CONFIG_INPUT_TABLET is not set
# CONFIG_INPUT_TOUCHSCREEN is not set
# CONFIG_INPUT_MISC is not set
# CONFIG_RMI4_CORE is not set

#
# Hardware I/O ports
#
CONFIG_SERIO=y
CONFIG_ARCH_MIGHT_HAVE_PC_SERIO=y
CONFIG_SERIO_I8042=y
CONFIG_SERIO_SERPORT=y
# CONFIG_SERIO_CT82C710 is not set
# CONFIG_SERIO_PCIPS2 is not set
CONFIG_SERIO_LIBPS2=y
# CONFIG_SERIO_RAW is not set
# CONFIG_SERIO_ALTERA_PS2 is not set
# CONFIG_SERIO_PS2MULT is not set
# CONFIG_SERIO_ARC_PS2 is not set
# CONFIG_USERIO is not set
# CONFIG_GAMEPORT is not set
# end of Hardware I/O ports
# end of Input device support

#
# Character devices
#
CONFIG_TTY=y
CONFIG_VT=y
CONFIG_CONSOLE_TRANSLATIONS=y
CONFIG_VT_CONSOLE=y
CONFIG_VT_CONSOLE_SLEEP=y
CONFIG_VT_HW_CONSOLE_BINDING=y
CONFIG_UNIX98_PTYS=y
CONFIG_LEGACY_PTYS=y
CONFIG_LEGACY_PTY_COUNT=256
CONFIG_LEGACY_TIOCSTI=y
CONFIG_LDISC_AUTOLOAD=y

#
# Serial drivers
#
CONFIG_SERIAL_EARLYCON=y
CONFIG_SERIAL_8250=y
CONFIG_SERIAL_8250_DEPRECATED_OPTIONS=y
CONFIG_SERIAL_8250_PNP=y
# CONFIG_SERIAL_8250_16550A_VARIANTS is not set
# CONFIG_SERIAL_8250_FINTEK is not set
CONFIG_SERIAL_8250_CONSOLE=y
CONFIG_SERIAL_8250_PCILIB=y
CONFIG_SERIAL_8250_PCI=y
CONFIG_SERIAL_8250_EXAR=y
CONFIG_SERIAL_8250_NR_UARTS=32
CONFIG_SERIAL_8250_RUNTIME_UARTS=4
CONFIG_SERIAL_8250_EXTENDED=y
CONFIG_SERIAL_8250_MANY_PORTS=y
# CONFIG_SERIAL_8250_PCI1XXXX is not set
CONFIG_SERIAL_8250_SHARE_IRQ=y
CONFIG_SERIAL_8250_DETECT_IRQ=y
CONFIG_SERIAL_8250_RSA=y
CONFIG_SERIAL_8250_DWLIB=y
# CONFIG_SERIAL_8250_DW is not set
# CONFIG_SERIAL_8250_RT288X is not set
CONFIG_SERIAL_8250_LPSS=y
CONFIG_SERIAL_8250_MID=y
CONFIG_SERIAL_8250_PERICOM=y

#
# Non-8250 serial port support
#
# CONFIG_SERIAL_UARTLITE is not set
CONFIG_SERIAL_CORE=y
CONFIG_SERIAL_CORE_CONSOLE=y
# CONFIG_SERIAL_JSM is not set
# CONFIG_SERIAL_LANTIQ is not set
# CONFIG_SERIAL_SCCNXP is not set
# CONFIG_SERIAL_ALTERA_JTAGUART is not set
# CONFIG_SERIAL_ALTERA_UART is not set
# CONFIG_SERIAL_ARC is not set
# CONFIG_SERIAL_RP2 is not set
# CONFIG_SERIAL_FSL_LPUART is not set
# CONFIG_SERIAL_FSL_LINFLEXUART is not set
# end of Serial drivers

CONFIG_SERIAL_NONSTANDARD=y
# CONFIG_MOXA_INTELLIO is not set
# CONFIG_MOXA_SMARTIO is not set
# CONFIG_N_HDLC is not set
# CONFIG_N_GSM is not set
# CONFIG_NOZOMI is not set
# CONFIG_NULL_TTY is not set
CONFIG_HVC_DRIVER=y
# CONFIG_SERIAL_DEV_BUS is not set
# CONFIG_TTY_PRINTK is not set
CONFIG_VIRTIO_CONSOLE=y
# CONFIG_IPMI_HANDLER is not set
CONFIG_HW_RANDOM=m
# CONFIG_HW_RANDOM_TIMERIOMEM is not set
CONFIG_HW_RANDOM_INTEL=m
CONFIG_HW_RANDOM_AMD=m
# CONFIG_HW_RANDOM_BA431 is not set
CONFIG_HW_RANDOM_VIA=m
# CONFIG_HW_RANDOM_VIRTIO is not set
# CONFIG_HW_RANDOM_XIPHERA is not set
# CONFIG_APPLICOM is not set
# CONFIG_MWAVE is not set
CONFIG_DEVMEM=y
# CONFIG_NVRAM is not set
CONFIG_DEVPORT=y
CONFIG_HPET=y
CONFIG_HPET_MMAP=y
CONFIG_HPET_MMAP_DEFAULT=y
# CONFIG_HANGCHECK_TIMER is not set
CONFIG_TCG_TPM=y
CONFIG_TCG_TPM2_HMAC=y
CONFIG_TCG_TIS_CORE=y
CONFIG_TCG_TIS=y
# CONFIG_TCG_NSC is not set
# CONFIG_TCG_ATMEL is not set
# CONFIG_TCG_INFINEON is not set
CONFIG_TCG_CRB=y
# CONFIG_TCG_VTPM_PROXY is not set
# CONFIG_TELCLOCK is not set
# CONFIG_XILLYBUS is not set
# end of Character devices

#
# I2C support
#
# CONFIG_I2C is not set
# end of I2C support

# CONFIG_I3C is not set
# CONFIG_SPI is not set
# CONFIG_SPMI is not set
# CONFIG_HSI is not set
CONFIG_PPS=y
# CONFIG_PPS_DEBUG is not set

#
# PPS clients support
#
# CONFIG_PPS_CLIENT_KTIMER is not set
# CONFIG_PPS_CLIENT_LDISC is not set
# CONFIG_PPS_CLIENT_GPIO is not set

#
# PPS generators support
#

#
# PTP clock support
#
CONFIG_PTP_1588_CLOCK=y
CONFIG_PTP_1588_CLOCK_OPTIONAL=y

#
# Enable PHYLIB and NETWORK_PHY_TIMESTAMPING to see the additional clocks.
#
# CONFIG_PTP_1588_CLOCK_VMCLOCK is not set
# CONFIG_PTP_1588_CLOCK_MOCK is not set
# end of PTP clock support

# CONFIG_PINCTRL is not set
# CONFIG_GPIOLIB is not set
# CONFIG_W1 is not set
# CONFIG_POWER_RESET is not set
# CONFIG_POWER_SEQUENCING is not set
CONFIG_POWER_SUPPLY=y
# CONFIG_POWER_SUPPLY_DEBUG is not set
CONFIG_POWER_SUPPLY_HWMON=y
# CONFIG_TEST_POWER is not set
# CONFIG_BATTERY_DS2780 is not set
# CONFIG_BATTERY_DS2781 is not set
# CONFIG_BATTERY_SAMSUNG_SDI is not set
# CONFIG_BATTERY_BQ27XXX is not set
# CONFIG_CHARGER_MAX8903 is not set
# CONFIG_BATTERY_GOLDFISH is not set
CONFIG_HWMON=y
# CONFIG_HWMON_DEBUG_CHIP is not set

#
# Native drivers
#
# CONFIG_SENSORS_ABITUGURU is not set
# CONFIG_SENSORS_ABITUGURU3 is not set
# CONFIG_SENSORS_AS370 is not set
# CONFIG_SENSORS_ASUS_ROG_RYUJIN is not set
# CONFIG_SENSORS_AXI_FAN_CONTROL is not set
# CONFIG_SENSORS_K8TEMP is not set
# CONFIG_SENSORS_K10TEMP is not set
# CONFIG_SENSORS_FAM15H_POWER is not set
# CONFIG_SENSORS_APPLESMC is not set
# CONFIG_SENSORS_CORSAIR_CPRO is not set
# CONFIG_SENSORS_CORSAIR_PSU is not set
# CONFIG_SENSORS_I5K_AMB is not set
# CONFIG_SENSORS_F71805F is not set
# CONFIG_SENSORS_F71882FG is not set
# CONFIG_SENSORS_I5500 is not set
# CONFIG_SENSORS_CORETEMP is not set
# CONFIG_SENSORS_IT87 is not set
# CONFIG_SENSORS_LENOVO_EC is not set
# CONFIG_SENSORS_MAX197 is not set
# CONFIG_SENSORS_MR75203 is not set
# CONFIG_SENSORS_PC87360 is not set
# CONFIG_SENSORS_PC87427 is not set
# CONFIG_SENSORS_NCT6683 is not set
# CONFIG_SENSORS_NCT6775 is not set
# CONFIG_SENSORS_NPCM7XX is not set
# CONFIG_SENSORS_OXP is not set
# CONFIG_SENSORS_SIS5595 is not set
# CONFIG_SENSORS_SMSC47M1 is not set
# CONFIG_SENSORS_SMSC47B397 is not set
# CONFIG_SENSORS_VIA_CPUTEMP is not set
# CONFIG_SENSORS_VIA686A is not set
# CONFIG_SENSORS_VT1211 is not set
# CONFIG_SENSORS_VT8231 is not set
# CONFIG_SENSORS_W83627HF is not set
# CONFIG_SENSORS_W83627EHF is not set
# CONFIG_SENSORS_XGENE is not set

#
# ACPI drivers
#
# CONFIG_SENSORS_ACPI_POWER is not set
# CONFIG_SENSORS_ATK0110 is not set
# CONFIG_SENSORS_ASUS_EC is not set
CONFIG_THERMAL=y
CONFIG_THERMAL_NETLINK=y
# CONFIG_THERMAL_STATISTICS is not set
# CONFIG_THERMAL_DEBUGFS is not set
# CONFIG_THERMAL_CORE_TESTING is not set
CONFIG_THERMAL_EMERGENCY_POWEROFF_DELAY_MS=0
CONFIG_THERMAL_HWMON=y
CONFIG_THERMAL_DEFAULT_GOV_STEP_WISE=y
# CONFIG_THERMAL_DEFAULT_GOV_FAIR_SHARE is not set
# CONFIG_THERMAL_DEFAULT_GOV_USER_SPACE is not set
# CONFIG_THERMAL_GOV_FAIR_SHARE is not set
CONFIG_THERMAL_GOV_STEP_WISE=y
# CONFIG_THERMAL_GOV_BANG_BANG is not set
# CONFIG_THERMAL_GOV_USER_SPACE is not set
# CONFIG_PCIE_THERMAL is not set
# CONFIG_THERMAL_EMULATION is not set

#
# Intel thermal drivers
#
CONFIG_INTEL_POWERCLAMP=y
CONFIG_X86_THERMAL_VECTOR=y
CONFIG_INTEL_TCC=y
CONFIG_X86_PKG_TEMP_THERMAL=m
# CONFIG_INTEL_SOC_DTS_THERMAL is not set

#
# ACPI INT340X thermal drivers
#
# CONFIG_INT340X_THERMAL is not set
# end of ACPI INT340X thermal drivers

# CONFIG_INTEL_PCH_THERMAL is not set
# CONFIG_INTEL_TCC_COOLING is not set
# CONFIG_INTEL_HFI_THERMAL is not set
# end of Intel thermal drivers

# CONFIG_WATCHDOG is not set
CONFIG_SSB_POSSIBLE=y
# CONFIG_SSB is not set
CONFIG_BCMA_POSSIBLE=y
# CONFIG_BCMA is not set

#
# Multifunction device drivers
#
# CONFIG_MFD_CGBC is not set
# CONFIG_MFD_MADERA is not set
# CONFIG_LPC_ICH is not set
# CONFIG_LPC_SCH is not set
# CONFIG_MFD_INTEL_LPSS_ACPI is not set
# CONFIG_MFD_INTEL_LPSS_PCI is not set
# CONFIG_MFD_INTEL_PMC_BXT is not set
# CONFIG_MFD_JANZ_CMODIO is not set
# CONFIG_MFD_KEMPLD is not set
# CONFIG_MFD_MT6397 is not set
# CONFIG_MFD_RDC321X is not set
# CONFIG_MFD_SM501 is not set
# CONFIG_MFD_SYSCON is not set
# CONFIG_MFD_TQMX86 is not set
# CONFIG_MFD_VX855 is not set
# CONFIG_MFD_UPBOARD_FPGA is not set
# end of Multifunction device drivers

# CONFIG_REGULATOR is not set
CONFIG_RC_CORE=y
CONFIG_BPF_LIRC_MODE2=y
CONFIG_LIRC=y
CONFIG_RC_MAP=y
# CONFIG_RC_DECODERS is not set
CONFIG_RC_DEVICES=y
# CONFIG_IR_ENE is not set
# CONFIG_IR_FINTEK is not set
# CONFIG_IR_ITE_CIR is not set
# CONFIG_IR_NUVOTON is not set
# CONFIG_IR_SERIAL is not set
# CONFIG_IR_WINBOND_CIR is not set
CONFIG_RC_LOOPBACK=y

#
# CEC support
#
# CONFIG_MEDIA_CEC_SUPPORT is not set
# end of CEC support

# CONFIG_MEDIA_SUPPORT is not set

#
# Graphics support
#
CONFIG_APERTURE_HELPERS=y
CONFIG_SCREEN_INFO=y
CONFIG_VIDEO=y
# CONFIG_AUXDISPLAY is not set
CONFIG_AGP=y
CONFIG_AGP_AMD64=y
CONFIG_AGP_INTEL=y
CONFIG_AGP_SIS=y
CONFIG_AGP_VIA=y
CONFIG_INTEL_GTT=y
# CONFIG_VGA_SWITCHEROO is not set
# CONFIG_DRM is not set

#
# Frame buffer Devices
#
CONFIG_FB=y
# CONFIG_FB_CIRRUS is not set
# CONFIG_FB_PM2 is not set
# CONFIG_FB_CYBER2000 is not set
# CONFIG_FB_ARC is not set
# CONFIG_FB_ASILIANT is not set
# CONFIG_FB_IMSTT is not set
# CONFIG_FB_VGA16 is not set
CONFIG_FB_VESA=y
# CONFIG_FB_EFI is not set
# CONFIG_FB_N411 is not set
# CONFIG_FB_HGA is not set
# CONFIG_FB_OPENCORES is not set
# CONFIG_FB_S1D13XXX is not set
# CONFIG_FB_NVIDIA is not set
# CONFIG_FB_RIVA is not set
# CONFIG_FB_I740 is not set
# CONFIG_FB_MATROX is not set
# CONFIG_FB_RADEON is not set
# CONFIG_FB_ATY128 is not set
# CONFIG_FB_ATY is not set
# CONFIG_FB_S3 is not set
# CONFIG_FB_SAVAGE is not set
# CONFIG_FB_SIS is not set
# CONFIG_FB_NEOMAGIC is not set
# CONFIG_FB_KYRO is not set
# CONFIG_FB_3DFX is not set
# CONFIG_FB_VOODOO1 is not set
# CONFIG_FB_VT8623 is not set
# CONFIG_FB_TRIDENT is not set
# CONFIG_FB_ARK is not set
# CONFIG_FB_PM3 is not set
# CONFIG_FB_CARMINE is not set
# CONFIG_FB_IBM_GXT4500 is not set
# CONFIG_FB_VIRTUAL is not set
# CONFIG_FB_METRONOME is not set
# CONFIG_FB_MB862XX is not set
# CONFIG_FB_SIMPLE is not set
# CONFIG_FB_SM712 is not set
CONFIG_FB_CORE=y
CONFIG_FB_NOTIFY=y
# CONFIG_FIRMWARE_EDID is not set
CONFIG_FB_DEVICE=y
CONFIG_FB_CFB_FILLRECT=y
CONFIG_FB_CFB_COPYAREA=y
CONFIG_FB_CFB_IMAGEBLIT=y
# CONFIG_FB_FOREIGN_ENDIAN is not set
CONFIG_FB_IOMEM_FOPS=y
CONFIG_FB_IOMEM_HELPERS=y
CONFIG_FB_MODE_HELPERS=y
CONFIG_FB_TILEBLITTING=y
# end of Frame buffer Devices

#
# Backlight & LCD device support
#
# CONFIG_LCD_CLASS_DEVICE is not set
CONFIG_BACKLIGHT_CLASS_DEVICE=y
# CONFIG_BACKLIGHT_KTD2801 is not set
# CONFIG_BACKLIGHT_APPLE is not set
# CONFIG_BACKLIGHT_QCOM_WLED is not set
# CONFIG_BACKLIGHT_SAHARA is not set
# end of Backlight & LCD device support

#
# Console display driver support
#
CONFIG_VGA_CONSOLE=y
CONFIG_DUMMY_CONSOLE=y
CONFIG_DUMMY_CONSOLE_COLUMNS=80
CONFIG_DUMMY_CONSOLE_ROWS=25
CONFIG_FRAMEBUFFER_CONSOLE=y
# CONFIG_FRAMEBUFFER_CONSOLE_LEGACY_ACCELERATION is not set
CONFIG_FRAMEBUFFER_CONSOLE_DETECT_PRIMARY=y
CONFIG_FRAMEBUFFER_CONSOLE_ROTATION=y
# CONFIG_FRAMEBUFFER_CONSOLE_DEFERRED_TAKEOVER is not set
# end of Console display driver support

CONFIG_LOGO=y
CONFIG_LOGO_LINUX_MONO=y
CONFIG_LOGO_LINUX_VGA16=y
CONFIG_LOGO_LINUX_CLUT224=y
# end of Graphics support

# CONFIG_SOUND is not set
CONFIG_HID_SUPPORT=y
CONFIG_HID=y
# CONFIG_HID_BATTERY_STRENGTH is not set
# CONFIG_HIDRAW is not set
# CONFIG_UHID is not set
CONFIG_HID_GENERIC=y

#
# Special HID drivers
#
CONFIG_HID_A4TECH=y
# CONFIG_HID_ACRUX is not set
# CONFIG_HID_AUREAL is not set
CONFIG_HID_BELKIN=y
CONFIG_HID_CHERRY=y
# CONFIG_HID_COUGAR is not set
# CONFIG_HID_MACALLY is not set
# CONFIG_HID_CMEDIA is not set
CONFIG_HID_CYPRESS=y
CONFIG_HID_DRAGONRISE=y
# CONFIG_DRAGONRISE_FF is not set
# CONFIG_HID_EMS_FF is not set
# CONFIG_HID_ELECOM is not set
# CONFIG_HID_EVISION is not set
CONFIG_HID_EZKEY=y
# CONFIG_HID_GEMBIRD is not set
# CONFIG_HID_GFRM is not set
# CONFIG_HID_GLORIOUS is not set
# CONFIG_HID_GOOGLE_STADIA_FF is not set
# CONFIG_HID_VIVALDI is not set
# CONFIG_HID_KEYTOUCH is not set
CONFIG_HID_KYE=y
# CONFIG_HID_WALTOP is not set
# CONFIG_HID_VIEWSONIC is not set
# CONFIG_HID_VRC2 is not set
# CONFIG_HID_XIAOMI is not set
CONFIG_HID_GYRATION=y
# CONFIG_HID_ICADE is not set
# CONFIG_HID_ITE is not set
# CONFIG_HID_JABRA is not set
CONFIG_HID_TWINHAN=y
CONFIG_HID_KENSINGTON=y
# CONFIG_HID_LCPOWER is not set
# CONFIG_HID_LENOVO is not set
# CONFIG_HID_MAGICMOUSE is not set
# CONFIG_HID_MALTRON is not set
# CONFIG_HID_MAYFLASH is not set
# CONFIG_HID_REDRAGON is not set
CONFIG_HID_MICROSOFT=y
CONFIG_HID_MONTEREY=y
# CONFIG_HID_MULTITOUCH is not set
# CONFIG_HID_NTI is not set
# CONFIG_HID_ORTEK is not set
CONFIG_HID_PANTHERLORD=y
# CONFIG_PANTHERLORD_FF is not set
CONFIG_HID_PETALYNX=y
# CONFIG_HID_PICOLCD is not set
# CONFIG_HID_PLANTRONICS is not set
# CONFIG_HID_PXRC is not set
# CONFIG_HID_RAZER is not set
# CONFIG_HID_PRIMAX is not set
# CONFIG_HID_SAITEK is not set
# CONFIG_HID_SEMITEK is not set
# CONFIG_HID_SPEEDLINK is not set
# CONFIG_HID_STEAM is not set
CONFIG_HID_SUNPLUS=y
# CONFIG_HID_RMI is not set
CONFIG_HID_GREENASIA=y
# CONFIG_GREENASIA_FF is not set
CONFIG_HID_SMARTJOYPLUS=y
# CONFIG_SMARTJOYPLUS_FF is not set
# CONFIG_HID_TIVO is not set
CONFIG_HID_TOPSEED=y
# CONFIG_HID_TOPRE is not set
# CONFIG_HID_UDRAW_PS3 is not set
# CONFIG_HID_XINMO is not set
CONFIG_HID_ZEROPLUS=y
CONFIG_ZEROPLUS_FF=y
# CONFIG_HID_ZYDACRON is not set
# CONFIG_HID_SENSOR_HUB is not set
# CONFIG_HID_ALPS is not set
# end of Special HID drivers

#
# HID-BPF support
#
# CONFIG_HID_BPF is not set
# end of HID-BPF support

#
# Intel ISH HID support
#
# CONFIG_INTEL_ISH_HID is not set
# end of Intel ISH HID support

#
# AMD SFH HID Support
#
# CONFIG_AMD_SFH_HID is not set
# end of AMD SFH HID Support

#
# Intel THC HID Support
#
# CONFIG_INTEL_THC_HID is not set
# end of Intel THC HID Support

CONFIG_USB_OHCI_LITTLE_ENDIAN=y
CONFIG_USB_SUPPORT=y
# CONFIG_USB_ULPI_BUS is not set
CONFIG_USB_ARCH_HAS_HCD=y
# CONFIG_USB is not set
CONFIG_USB_PCI=y
CONFIG_USB_PCI_AMD=y

#
# USB dual-mode controller drivers
#

#
# USB port drivers
#

#
# USB Physical Layer drivers
#
# CONFIG_NOP_USB_XCEIV is not set
# end of USB Physical Layer drivers

# CONFIG_USB_GADGET is not set
# CONFIG_TYPEC is not set
# CONFIG_USB_ROLE_SWITCH is not set
# CONFIG_MMC is not set
# CONFIG_MEMSTICK is not set
# CONFIG_NEW_LEDS is not set
# CONFIG_ACCESSIBILITY is not set
# CONFIG_INFINIBAND is not set
CONFIG_EDAC_ATOMIC_SCRUB=y
CONFIG_EDAC_SUPPORT=y
# CONFIG_EDAC is not set
CONFIG_RTC_LIB=y
CONFIG_RTC_MC146818_LIB=y
# CONFIG_RTC_CLASS is not set
# CONFIG_DMADEVICES is not set

#
# DMABUF options
#
CONFIG_SYNC_FILE=y
# CONFIG_SW_SYNC is not set
# CONFIG_UDMABUF is not set
# CONFIG_DMABUF_MOVE_NOTIFY is not set
# CONFIG_DMABUF_DEBUG is not set
# CONFIG_DMABUF_SELFTESTS is not set
# CONFIG_DMABUF_HEAPS is not set
# CONFIG_DMABUF_SYSFS_STATS is not set
# end of DMABUF options

# CONFIG_UIO is not set
# CONFIG_VFIO is not set
CONFIG_VIRT_DRIVERS=y
CONFIG_VMGENID=y
# CONFIG_VBOXGUEST is not set
# CONFIG_NITRO_ENCLAVES is not set
# CONFIG_EFI_SECRET is not set
CONFIG_VIRTIO_ANCHOR=y
CONFIG_VIRTIO=y
CONFIG_VIRTIO_PCI_LIB=y
CONFIG_VIRTIO_PCI_LIB_LEGACY=y
CONFIG_VIRTIO_MENU=y
CONFIG_VIRTIO_PCI=y
CONFIG_VIRTIO_PCI_ADMIN_LEGACY=y
CONFIG_VIRTIO_PCI_LEGACY=y
CONFIG_VIRTIO_BALLOON=y
# CONFIG_VIRTIO_INPUT is not set
# CONFIG_VIRTIO_MMIO is not set
# CONFIG_VIRTIO_DEBUG is not set
# CONFIG_VDPA is not set
CONFIG_VHOST_MENU=y
# CONFIG_VHOST_NET is not set
# CONFIG_VHOST_VSOCK is not set
# CONFIG_VHOST_CROSS_ENDIAN_LEGACY is not set

#
# Microsoft Hyper-V guest support
#
# end of Microsoft Hyper-V guest support

# CONFIG_GREYBUS is not set
# CONFIG_COMEDI is not set
# CONFIG_STAGING is not set
# CONFIG_GOLDFISH is not set
# CONFIG_CHROME_PLATFORMS is not set
# CONFIG_CZNIC_PLATFORMS is not set
# CONFIG_MELLANOX_PLATFORM is not set
CONFIG_SURFACE_PLATFORMS=y
# CONFIG_SURFACE_GPE is not set
# CONFIG_SURFACE_PRO3_BUTTON is not set
CONFIG_X86_PLATFORM_DEVICES=y
# CONFIG_ACPI_WMI is not set
# CONFIG_ACERHDF is not set
# CONFIG_ACER_WIRELESS is not set

#
# AMD HSMP Driver
#
# CONFIG_AMD_HSMP_ACPI is not set
# CONFIG_AMD_HSMP_PLAT is not set
# end of AMD HSMP Driver

# CONFIG_AMD_3D_VCACHE is not set
# CONFIG_AMD_WBRF is not set
# CONFIG_ADV_SWBUTTON is not set
# CONFIG_APPLE_GMUX is not set
# CONFIG_ASUS_LAPTOP is not set
# CONFIG_ASUS_WIRELESS is not set
# CONFIG_X86_PLATFORM_DRIVERS_DELL is not set
# CONFIG_FUJITSU_LAPTOP is not set
# CONFIG_FUJITSU_TABLET is not set
# CONFIG_GPD_POCKET_FAN is not set
# CONFIG_X86_PLATFORM_DRIVERS_HP is not set
# CONFIG_WIRELESS_HOTKEY is not set
# CONFIG_IBM_RTL is not set
# CONFIG_SENSORS_HDAPS is not set
# CONFIG_INTEL_IFS is not set
# CONFIG_INTEL_SAR_INT1092 is not set

#
# Intel Speed Select Technology interface support
#
# CONFIG_INTEL_SPEED_SELECT_INTERFACE is not set
# end of Intel Speed Select Technology interface support

#
# Intel Uncore Frequency Control
#
# CONFIG_INTEL_UNCORE_FREQ_CONTROL is not set
# end of Intel Uncore Frequency Control

# CONFIG_INTEL_PUNIT_IPC is not set
# CONFIG_INTEL_RST is not set
# CONFIG_INTEL_SMARTCONNECT is not set
# CONFIG_INTEL_TURBO_MAX_3 is not set
# CONFIG_INTEL_VSEC is not set
# CONFIG_ACPI_QUICKSTART is not set
# CONFIG_MSI_EC is not set
# CONFIG_SAMSUNG_LAPTOP is not set
# CONFIG_SAMSUNG_Q10 is not set
# CONFIG_TOSHIBA_BT_RFKILL is not set
# CONFIG_TOSHIBA_HAPS is not set
# CONFIG_ACPI_CMPC is not set
# CONFIG_PANASONIC_LAPTOP is not set
# CONFIG_SYSTEM76_ACPI is not set
# CONFIG_TOPSTAR_LAPTOP is not set
# CONFIG_INTEL_IPS is not set
# CONFIG_INTEL_SCU_PCI is not set
# CONFIG_INTEL_SCU_PLATFORM is not set
# CONFIG_SIEMENS_SIMATIC_IPC is not set
# CONFIG_WINMATE_FM07_KEYS is not set
# CONFIG_COMMON_CLK is not set
# CONFIG_HWSPINLOCK is not set

#
# Clock Source drivers
#
CONFIG_CLKEVT_I8253=y
CONFIG_I8253_LOCK=y
CONFIG_CLKBLD_I8253=y
# end of Clock Source drivers

CONFIG_MAILBOX=y
CONFIG_PCC=y
# CONFIG_ALTERA_MBOX is not set
CONFIG_IOMMU_IOVA=y
CONFIG_IOMMU_API=y
CONFIG_IOMMU_SUPPORT=y

#
# Generic IOMMU Pagetable Support
#
# end of Generic IOMMU Pagetable Support

# CONFIG_IOMMU_DEBUGFS is not set
# CONFIG_IOMMU_DEFAULT_DMA_STRICT is not set
CONFIG_IOMMU_DEFAULT_DMA_LAZY=y
# CONFIG_IOMMU_DEFAULT_PASSTHROUGH is not set
CONFIG_IOMMU_DMA=y
# CONFIG_AMD_IOMMU is not set
# CONFIG_INTEL_IOMMU is not set
# CONFIG_IOMMUFD is not set
# CONFIG_IRQ_REMAP is not set
# CONFIG_VIRTIO_IOMMU is not set

#
# Remoteproc drivers
#
# CONFIG_REMOTEPROC is not set
# end of Remoteproc drivers

#
# Rpmsg drivers
#
# CONFIG_RPMSG_QCOM_GLINK_RPM is not set
# CONFIG_RPMSG_VIRTIO is not set
# end of Rpmsg drivers

#
# SOC (System On Chip) specific Drivers
#

#
# Amlogic SoC drivers
#
# end of Amlogic SoC drivers

#
# Broadcom SoC drivers
#
# end of Broadcom SoC drivers

#
# NXP/Freescale QorIQ SoC drivers
#
# end of NXP/Freescale QorIQ SoC drivers

#
# fujitsu SoC drivers
#
# end of fujitsu SoC drivers

#
# i.MX SoC drivers
#
# end of i.MX SoC drivers

#
# Enable LiteX SoC Builder specific drivers
#
# end of Enable LiteX SoC Builder specific drivers

# CONFIG_WPCM450_SOC is not set

#
# Qualcomm SoC drivers
#
# end of Qualcomm SoC drivers

# CONFIG_SOC_TI is not set

#
# Xilinx SoC drivers
#
# end of Xilinx SoC drivers
# end of SOC (System On Chip) specific Drivers

#
# PM Domains
#

#
# Amlogic PM Domains
#
# end of Amlogic PM Domains

#
# Broadcom PM Domains
#
# end of Broadcom PM Domains

#
# i.MX PM Domains
#
# end of i.MX PM Domains

#
# Qualcomm PM Domains
#
# end of Qualcomm PM Domains
# end of PM Domains

# CONFIG_PM_DEVFREQ is not set
# CONFIG_EXTCON is not set
# CONFIG_MEMORY is not set
# CONFIG_IIO is not set
# CONFIG_NTB is not set
# CONFIG_PWM is not set

#
# IRQ chip support
#
# CONFIG_LAN966X_OIC is not set
# end of IRQ chip support

# CONFIG_IPACK_BUS is not set
# CONFIG_RESET_CONTROLLER is not set

#
# PHY Subsystem
#
CONFIG_GENERIC_PHY=y
# CONFIG_USB_LGM_PHY is not set
# CONFIG_PHY_CAN_TRANSCEIVER is not set

#
# PHY drivers for Broadcom platforms
#
# CONFIG_BCM_KONA_USB2_PHY is not set
# end of PHY drivers for Broadcom platforms

# CONFIG_PHY_PXA_28NM_HSIC is not set
# CONFIG_PHY_PXA_28NM_USB2 is not set
# CONFIG_PHY_INTEL_LGM_EMMC is not set
# end of PHY Subsystem

CONFIG_POWERCAP=y
# CONFIG_INTEL_RAPL is not set
CONFIG_IDLE_INJECT=y
# CONFIG_MCB is not set

#
# Performance monitor support
#
# CONFIG_DWC_PCIE_PMU is not set
# end of Performance monitor support

CONFIG_RAS=y
# CONFIG_RAS_CEC is not set
# CONFIG_AMD_ATL is not set
# CONFIG_USB4 is not set

#
# Android
#
# CONFIG_ANDROID_BINDER_IPC is not set
# end of Android

# CONFIG_LIBNVDIMM is not set
# CONFIG_DAX is not set
CONFIG_NVMEM=y
CONFIG_NVMEM_SYSFS=y
# CONFIG_NVMEM_LAYOUTS is not set
# CONFIG_NVMEM_RMEM is not set

#
# HW tracing support
#
# CONFIG_STM is not set
# CONFIG_INTEL_TH is not set
# end of HW tracing support

# CONFIG_FPGA is not set
# CONFIG_TEE is not set
# CONFIG_SIOX is not set
# CONFIG_SLIMBUS is not set
# CONFIG_INTERCONNECT is not set
# CONFIG_COUNTER is not set
# CONFIG_PECI is not set
# CONFIG_HTE is not set
# end of Device Drivers

#
# File systems
#
CONFIG_DCACHE_WORD_ACCESS=y
CONFIG_VALIDATE_FS_PARSER=y
CONFIG_FS_IOMAP=y
CONFIG_FS_STACK=y
CONFIG_BUFFER_HEAD=y
# CONFIG_EXT2_FS is not set
# CONFIG_EXT3_FS is not set
CONFIG_EXT4_FS=y
CONFIG_EXT4_USE_FOR_EXT2=y
CONFIG_EXT4_FS_POSIX_ACL=y
CONFIG_EXT4_FS_SECURITY=y
# CONFIG_EXT4_DEBUG is not set
CONFIG_JBD2=y
# CONFIG_JBD2_DEBUG is not set
CONFIG_FS_MBCACHE=y
# CONFIG_JFS_FS is not set
# CONFIG_XFS_FS is not set
# CONFIG_GFS2_FS is not set
# CONFIG_BTRFS_FS is not set
# CONFIG_NILFS2_FS is not set
# CONFIG_F2FS_FS is not set
# CONFIG_BCACHEFS_FS is not set
CONFIG_FS_POSIX_ACL=y
CONFIG_EXPORTFS=y
# CONFIG_EXPORTFS_BLOCK_OPS is not set
CONFIG_FILE_LOCKING=y
# CONFIG_FS_ENCRYPTION is not set
CONFIG_FS_VERITY=y
# CONFIG_FS_VERITY_BUILTIN_SIGNATURES is not set
CONFIG_FSNOTIFY=y
CONFIG_DNOTIFY=y
CONFIG_INOTIFY_USER=y
# CONFIG_FANOTIFY is not set
# CONFIG_QUOTA is not set
# CONFIG_AUTOFS_FS is not set
CONFIG_FUSE_FS=y
# CONFIG_CUSE is not set
CONFIG_VIRTIO_FS=y
CONFIG_FUSE_PASSTHROUGH=y
# CONFIG_OVERLAY_FS is not set

#
# Caches
#
CONFIG_NETFS_SUPPORT=y
CONFIG_NETFS_STATS=y
CONFIG_NETFS_DEBUG=y
CONFIG_FSCACHE=y
CONFIG_FSCACHE_STATS=y
# CONFIG_CACHEFILES is not set
# end of Caches

#
# CD-ROM/DVD Filesystems
#
# CONFIG_ISO9660_FS is not set
# CONFIG_UDF_FS is not set
# end of CD-ROM/DVD Filesystems

#
# DOS/FAT/EXFAT/NT Filesystems
#
# CONFIG_MSDOS_FS is not set
# CONFIG_VFAT_FS is not set
# CONFIG_EXFAT_FS is not set
# CONFIG_NTFS3_FS is not set
# CONFIG_NTFS_FS is not set
# end of DOS/FAT/EXFAT/NT Filesystems

#
# Pseudo filesystems
#
CONFIG_PROC_FS=y
CONFIG_PROC_KCORE=y
CONFIG_PROC_VMCORE=y
# CONFIG_PROC_VMCORE_DEVICE_DUMP is not set
CONFIG_PROC_SYSCTL=y
CONFIG_PROC_PAGE_MONITOR=y
# CONFIG_PROC_CHILDREN is not set
CONFIG_PROC_PID_ARCH_STATUS=y
CONFIG_KERNFS=y
CONFIG_SYSFS=y
CONFIG_TMPFS=y
CONFIG_TMPFS_POSIX_ACL=y
CONFIG_TMPFS_XATTR=y
# CONFIG_TMPFS_INODE64 is not set
# CONFIG_TMPFS_QUOTA is not set
CONFIG_HUGETLBFS=y
# CONFIG_HUGETLB_PAGE_OPTIMIZE_VMEMMAP_DEFAULT_ON is not set
CONFIG_HUGETLB_PAGE=y
CONFIG_HUGETLB_PAGE_OPTIMIZE_VMEMMAP=y
CONFIG_HUGETLB_PMD_PAGE_TABLE_SHARING=y
CONFIG_ARCH_HAS_GIGANTIC_PAGE=y
# CONFIG_CONFIGFS_FS is not set
CONFIG_EFIVAR_FS=m
# end of Pseudo filesystems

CONFIG_MISC_FILESYSTEMS=y
# CONFIG_ORANGEFS_FS is not set
# CONFIG_ADFS_FS is not set
# CONFIG_AFFS_FS is not set
# CONFIG_ECRYPT_FS is not set
# CONFIG_HFS_FS is not set
# CONFIG_HFSPLUS_FS is not set
# CONFIG_BEFS_FS is not set
# CONFIG_BFS_FS is not set
# CONFIG_EFS_FS is not set
# CONFIG_CRAMFS is not set
# CONFIG_SQUASHFS is not set
# CONFIG_VXFS_FS is not set
# CONFIG_MINIX_FS is not set
# CONFIG_OMFS_FS is not set
# CONFIG_HPFS_FS is not set
# CONFIG_QNX4FS_FS is not set
# CONFIG_QNX6FS_FS is not set
# CONFIG_ROMFS_FS is not set
# CONFIG_PSTORE is not set
# CONFIG_SYSV_FS is not set
# CONFIG_UFS_FS is not set
# CONFIG_EROFS_FS is not set
CONFIG_NETWORK_FILESYSTEMS=y
# CONFIG_NFS_FS is not set
# CONFIG_NFSD is not set
# CONFIG_CEPH_FS is not set
# CONFIG_CIFS is not set
# CONFIG_SMB_SERVER is not set
# CONFIG_CODA_FS is not set
# CONFIG_AFS_FS is not set
CONFIG_9P_FS=y
# CONFIG_9P_FSCACHE is not set
CONFIG_9P_FS_POSIX_ACL=y
CONFIG_9P_FS_SECURITY=y
CONFIG_NLS=y
CONFIG_NLS_DEFAULT="utf8"
CONFIG_NLS_CODEPAGE_437=y
# CONFIG_NLS_CODEPAGE_737 is not set
# CONFIG_NLS_CODEPAGE_775 is not set
# CONFIG_NLS_CODEPAGE_850 is not set
# CONFIG_NLS_CODEPAGE_852 is not set
# CONFIG_NLS_CODEPAGE_855 is not set
# CONFIG_NLS_CODEPAGE_857 is not set
# CONFIG_NLS_CODEPAGE_860 is not set
# CONFIG_NLS_CODEPAGE_861 is not set
# CONFIG_NLS_CODEPAGE_862 is not set
# CONFIG_NLS_CODEPAGE_863 is not set
# CONFIG_NLS_CODEPAGE_864 is not set
# CONFIG_NLS_CODEPAGE_865 is not set
# CONFIG_NLS_CODEPAGE_866 is not set
# CONFIG_NLS_CODEPAGE_869 is not set
# CONFIG_NLS_CODEPAGE_936 is not set
# CONFIG_NLS_CODEPAGE_950 is not set
# CONFIG_NLS_CODEPAGE_932 is not set
# CONFIG_NLS_CODEPAGE_949 is not set
# CONFIG_NLS_CODEPAGE_874 is not set
# CONFIG_NLS_ISO8859_8 is not set
# CONFIG_NLS_CODEPAGE_1250 is not set
# CONFIG_NLS_CODEPAGE_1251 is not set
CONFIG_NLS_ASCII=y
# CONFIG_NLS_ISO8859_1 is not set
# CONFIG_NLS_ISO8859_2 is not set
# CONFIG_NLS_ISO8859_3 is not set
# CONFIG_NLS_ISO8859_4 is not set
# CONFIG_NLS_ISO8859_5 is not set
# CONFIG_NLS_ISO8859_6 is not set
# CONFIG_NLS_ISO8859_7 is not set
# CONFIG_NLS_ISO8859_9 is not set
# CONFIG_NLS_ISO8859_13 is not set
# CONFIG_NLS_ISO8859_14 is not set
# CONFIG_NLS_ISO8859_15 is not set
# CONFIG_NLS_KOI8_R is not set
# CONFIG_NLS_KOI8_U is not set
# CONFIG_NLS_MAC_ROMAN is not set
# CONFIG_NLS_MAC_CELTIC is not set
# CONFIG_NLS_MAC_CENTEURO is not set
# CONFIG_NLS_MAC_CROATIAN is not set
# CONFIG_NLS_MAC_CYRILLIC is not set
# CONFIG_NLS_MAC_GAELIC is not set
# CONFIG_NLS_MAC_GREEK is not set
# CONFIG_NLS_MAC_ICELAND is not set
# CONFIG_NLS_MAC_INUIT is not set
# CONFIG_NLS_MAC_ROMANIAN is not set
# CONFIG_NLS_MAC_TURKISH is not set
# CONFIG_NLS_UTF8 is not set
# CONFIG_UNICODE is not set
CONFIG_IO_WQ=y
# end of File systems

#
# Security options
#
CONFIG_KEYS=y
# CONFIG_KEYS_REQUEST_CACHE is not set
# CONFIG_PERSISTENT_KEYRINGS is not set
# CONFIG_TRUSTED_KEYS is not set
# CONFIG_ENCRYPTED_KEYS is not set
# CONFIG_KEY_DH_OPERATIONS is not set
# CONFIG_SECURITY_DMESG_RESTRICT is not set
CONFIG_PROC_MEM_ALWAYS_FORCE=y
# CONFIG_PROC_MEM_FORCE_PTRACE is not set
# CONFIG_PROC_MEM_NO_FORCE is not set
CONFIG_SECURITY=y
CONFIG_HAS_SECURITY_AUDIT=y
CONFIG_SECURITYFS=y
CONFIG_SECURITY_NETWORK=y
# CONFIG_SECURITY_NETWORK_XFRM is not set
CONFIG_SECURITY_PATH=y
CONFIG_LSM_MMAP_MIN_ADDR=65536
# CONFIG_HARDENED_USERCOPY is not set
# CONFIG_FORTIFY_SOURCE is not set
# CONFIG_STATIC_USERMODEHELPER is not set
CONFIG_SECURITY_SELINUX=y
# CONFIG_SECURITY_SELINUX_BOOTPARAM is not set
CONFIG_SECURITY_SELINUX_DEVELOP=y
CONFIG_SECURITY_SELINUX_AVC_STATS=y
CONFIG_SECURITY_SELINUX_SIDTAB_HASH_BITS=9
CONFIG_SECURITY_SELINUX_SID2STR_CACHE_SIZE=256
# CONFIG_SECURITY_SELINUX_DEBUG is not set
# CONFIG_SECURITY_SMACK is not set
# CONFIG_SECURITY_TOMOYO is not set
# CONFIG_SECURITY_APPARMOR is not set
# CONFIG_SECURITY_LOADPIN is not set
# CONFIG_SECURITY_YAMA is not set
# CONFIG_SECURITY_SAFESETID is not set
# CONFIG_SECURITY_LOCKDOWN_LSM is not set
# CONFIG_SECURITY_LANDLOCK is not set
# CONFIG_SECURITY_IPE is not set
CONFIG_INTEGRITY=y
# CONFIG_INTEGRITY_SIGNATURE is not set
CONFIG_INTEGRITY_AUDIT=y
CONFIG_IMA=y
CONFIG_IMA_MEASURE_PCR_IDX=10
CONFIG_IMA_LSM_RULES=y
CONFIG_IMA_NG_TEMPLATE=y
# CONFIG_IMA_SIG_TEMPLATE is not set
CONFIG_IMA_DEFAULT_TEMPLATE="ima-ng"
CONFIG_IMA_DEFAULT_HASH_SHA1=y
# CONFIG_IMA_DEFAULT_HASH_SHA256 is not set
# CONFIG_IMA_DEFAULT_HASH_SHA512 is not set
CONFIG_IMA_DEFAULT_HASH="sha1"
CONFIG_IMA_WRITE_POLICY=y
CONFIG_IMA_READ_POLICY=y
# CONFIG_IMA_APPRAISE is not set
CONFIG_IMA_MEASURE_ASYMMETRIC_KEYS=y
CONFIG_IMA_QUEUE_EARLY_BOOT_KEYS=y
# CONFIG_IMA_SECURE_AND_OR_TRUSTED_BOOT is not set
# CONFIG_IMA_DISABLE_HTABLE is not set
# CONFIG_EVM is not set
# CONFIG_DEFAULT_SECURITY_SELINUX is not set
CONFIG_DEFAULT_SECURITY_DAC=y
CONFIG_LSM="selinux,bpf,integrity"

#
# Kernel hardening options
#

#
# Memory initialization
#
CONFIG_CC_HAS_AUTO_VAR_INIT_PATTERN=y
CONFIG_CC_HAS_AUTO_VAR_INIT_ZERO_BARE=y
CONFIG_CC_HAS_AUTO_VAR_INIT_ZERO=y
# CONFIG_INIT_STACK_NONE is not set
# CONFIG_INIT_STACK_ALL_PATTERN is not set
CONFIG_INIT_STACK_ALL_ZERO=y
# CONFIG_INIT_ON_ALLOC_DEFAULT_ON is not set
# CONFIG_INIT_ON_FREE_DEFAULT_ON is not set
CONFIG_CC_HAS_ZERO_CALL_USED_REGS=y
# CONFIG_ZERO_CALL_USED_REGS is not set
# end of Memory initialization

#
# Hardening of kernel data structures
#
# CONFIG_LIST_HARDENED is not set
# CONFIG_BUG_ON_DATA_CORRUPTION is not set
# end of Hardening of kernel data structures

CONFIG_CC_HAS_RANDSTRUCT=y
CONFIG_RANDSTRUCT_NONE=y
# CONFIG_RANDSTRUCT_FULL is not set
# end of Kernel hardening options
# end of Security options

CONFIG_CRYPTO=y

#
# Crypto core or helper
#
CONFIG_CRYPTO_ALGAPI=y
CONFIG_CRYPTO_ALGAPI2=y
CONFIG_CRYPTO_AEAD=y
CONFIG_CRYPTO_AEAD2=y
CONFIG_CRYPTO_SIG=y
CONFIG_CRYPTO_SIG2=y
CONFIG_CRYPTO_SKCIPHER=y
CONFIG_CRYPTO_SKCIPHER2=y
CONFIG_CRYPTO_HASH=y
CONFIG_CRYPTO_HASH2=y
CONFIG_CRYPTO_RNG=y
CONFIG_CRYPTO_RNG2=y
CONFIG_CRYPTO_RNG_DEFAULT=y
CONFIG_CRYPTO_AKCIPHER2=y
CONFIG_CRYPTO_AKCIPHER=y
CONFIG_CRYPTO_KPP2=y
CONFIG_CRYPTO_KPP=y
CONFIG_CRYPTO_ACOMP2=y
CONFIG_CRYPTO_MANAGER=y
CONFIG_CRYPTO_MANAGER2=y
# CONFIG_CRYPTO_USER is not set
CONFIG_CRYPTO_MANAGER_DISABLE_TESTS=y
CONFIG_CRYPTO_NULL=y
CONFIG_CRYPTO_NULL2=y
# CONFIG_CRYPTO_PCRYPT is not set
# CONFIG_CRYPTO_CRYPTD is not set
CONFIG_CRYPTO_AUTHENC=y
# CONFIG_CRYPTO_TEST is not set
CONFIG_CRYPTO_ENGINE=y
# end of Crypto core or helper

#
# Public-key cryptography
#
CONFIG_CRYPTO_RSA=y
# CONFIG_CRYPTO_DH is not set
CONFIG_CRYPTO_ECC=y
CONFIG_CRYPTO_ECDH=y
# CONFIG_CRYPTO_ECDSA is not set
# CONFIG_CRYPTO_ECRDSA is not set
# CONFIG_CRYPTO_CURVE25519 is not set
# end of Public-key cryptography

#
# Block ciphers
#
CONFIG_CRYPTO_AES=y
# CONFIG_CRYPTO_AES_TI is not set
# CONFIG_CRYPTO_ANUBIS is not set
# CONFIG_CRYPTO_ARIA is not set
# CONFIG_CRYPTO_BLOWFISH is not set
# CONFIG_CRYPTO_CAMELLIA is not set
# CONFIG_CRYPTO_CAST5 is not set
# CONFIG_CRYPTO_CAST6 is not set
# CONFIG_CRYPTO_DES is not set
# CONFIG_CRYPTO_FCRYPT is not set
# CONFIG_CRYPTO_KHAZAD is not set
# CONFIG_CRYPTO_SEED is not set
# CONFIG_CRYPTO_SERPENT is not set
# CONFIG_CRYPTO_SM4_GENERIC is not set
# CONFIG_CRYPTO_TEA is not set
# CONFIG_CRYPTO_TWOFISH is not set
# end of Block ciphers

#
# Length-preserving ciphers and modes
#
# CONFIG_CRYPTO_ADIANTUM is not set
# CONFIG_CRYPTO_ARC4 is not set
# CONFIG_CRYPTO_CHACHA20 is not set
CONFIG_CRYPTO_CBC=y
CONFIG_CRYPTO_CTR=y
# CONFIG_CRYPTO_CTS is not set
CONFIG_CRYPTO_ECB=y
# CONFIG_CRYPTO_HCTR2 is not set
# CONFIG_CRYPTO_KEYWRAP is not set
# CONFIG_CRYPTO_LRW is not set
# CONFIG_CRYPTO_PCBC is not set
# CONFIG_CRYPTO_XTS is not set
# end of Length-preserving ciphers and modes

#
# AEAD (authenticated encryption with associated data) ciphers
#
# CONFIG_CRYPTO_AEGIS128 is not set
# CONFIG_CRYPTO_CHACHA20POLY1305 is not set
# CONFIG_CRYPTO_CCM is not set
CONFIG_CRYPTO_GCM=y
CONFIG_CRYPTO_GENIV=y
CONFIG_CRYPTO_SEQIV=y
CONFIG_CRYPTO_ECHAINIV=y
# CONFIG_CRYPTO_ESSIV is not set
# end of AEAD (authenticated encryption with associated data) ciphers

#
# Hashes, digests, and MACs
#
CONFIG_CRYPTO_BLAKE2B=y
# CONFIG_CRYPTO_CMAC is not set
CONFIG_CRYPTO_GHASH=y
CONFIG_CRYPTO_HMAC=y
# CONFIG_CRYPTO_MD4 is not set
CONFIG_CRYPTO_MD5=y
# CONFIG_CRYPTO_MICHAEL_MIC is not set
# CONFIG_CRYPTO_POLY1305 is not set
# CONFIG_CRYPTO_RMD160 is not set
CONFIG_CRYPTO_SHA1=y
CONFIG_CRYPTO_SHA256=y
CONFIG_CRYPTO_SHA512=y
CONFIG_CRYPTO_SHA3=y
# CONFIG_CRYPTO_SM3_GENERIC is not set
# CONFIG_CRYPTO_STREEBOG is not set
# CONFIG_CRYPTO_VMAC is not set
# CONFIG_CRYPTO_WP512 is not set
# CONFIG_CRYPTO_XCBC is not set
CONFIG_CRYPTO_XXHASH=y
# end of Hashes, digests, and MACs

#
# CRCs (cyclic redundancy checks)
#
# CONFIG_CRYPTO_CRC32C is not set
# CONFIG_CRYPTO_CRC32 is not set
# CONFIG_CRYPTO_CRCT10DIF is not set
# end of CRCs (cyclic redundancy checks)

#
# Compression
#
# CONFIG_CRYPTO_DEFLATE is not set
# CONFIG_CRYPTO_LZO is not set
# CONFIG_CRYPTO_842 is not set
# CONFIG_CRYPTO_LZ4 is not set
# CONFIG_CRYPTO_LZ4HC is not set
# CONFIG_CRYPTO_ZSTD is not set
# end of Compression

#
# Random number generation
#
# CONFIG_CRYPTO_ANSI_CPRNG is not set
CONFIG_CRYPTO_DRBG_MENU=y
CONFIG_CRYPTO_DRBG_HMAC=y
# CONFIG_CRYPTO_DRBG_HASH is not set
# CONFIG_CRYPTO_DRBG_CTR is not set
CONFIG_CRYPTO_DRBG=y
CONFIG_CRYPTO_JITTERENTROPY=y
CONFIG_CRYPTO_JITTERENTROPY_MEMORY_BLOCKS=64
CONFIG_CRYPTO_JITTERENTROPY_MEMORY_BLOCKSIZE=32
CONFIG_CRYPTO_JITTERENTROPY_OSR=1
# end of Random number generation

#
# Userspace interface
#
CONFIG_CRYPTO_USER_API=y
CONFIG_CRYPTO_USER_API_HASH=y
CONFIG_CRYPTO_USER_API_SKCIPHER=y
# CONFIG_CRYPTO_USER_API_RNG is not set
# CONFIG_CRYPTO_USER_API_AEAD is not set
CONFIG_CRYPTO_USER_API_ENABLE_OBSOLETE=y
# end of Userspace interface

CONFIG_CRYPTO_HASH_INFO=y

#
# Accelerated Cryptographic Algorithms for CPU (x86)
#
# CONFIG_CRYPTO_CURVE25519_X86 is not set
# CONFIG_CRYPTO_AES_NI_INTEL is not set
# CONFIG_CRYPTO_BLOWFISH_X86_64 is not set
# CONFIG_CRYPTO_CAMELLIA_X86_64 is not set
# CONFIG_CRYPTO_CAMELLIA_AESNI_AVX_X86_64 is not set
# CONFIG_CRYPTO_CAMELLIA_AESNI_AVX2_X86_64 is not set
# CONFIG_CRYPTO_CAST5_AVX_X86_64 is not set
# CONFIG_CRYPTO_CAST6_AVX_X86_64 is not set
# CONFIG_CRYPTO_DES3_EDE_X86_64 is not set
# CONFIG_CRYPTO_SERPENT_SSE2_X86_64 is not set
# CONFIG_CRYPTO_SERPENT_AVX_X86_64 is not set
# CONFIG_CRYPTO_SERPENT_AVX2_X86_64 is not set
# CONFIG_CRYPTO_SM4_AESNI_AVX_X86_64 is not set
# CONFIG_CRYPTO_SM4_AESNI_AVX2_X86_64 is not set
# CONFIG_CRYPTO_TWOFISH_X86_64 is not set
# CONFIG_CRYPTO_TWOFISH_X86_64_3WAY is not set
# CONFIG_CRYPTO_TWOFISH_AVX_X86_64 is not set
# CONFIG_CRYPTO_ARIA_AESNI_AVX_X86_64 is not set
# CONFIG_CRYPTO_ARIA_AESNI_AVX2_X86_64 is not set
# CONFIG_CRYPTO_ARIA_GFNI_AVX512_X86_64 is not set
# CONFIG_CRYPTO_CHACHA20_X86_64 is not set
# CONFIG_CRYPTO_AEGIS128_AESNI_SSE2 is not set
# CONFIG_CRYPTO_NHPOLY1305_SSE2 is not set
# CONFIG_CRYPTO_NHPOLY1305_AVX2 is not set
# CONFIG_CRYPTO_BLAKE2S_X86 is not set
# CONFIG_CRYPTO_POLYVAL_CLMUL_NI is not set
# CONFIG_CRYPTO_POLY1305_X86_64 is not set
# CONFIG_CRYPTO_SHA1_SSSE3 is not set
# CONFIG_CRYPTO_SHA256_SSSE3 is not set
# CONFIG_CRYPTO_SHA512_SSSE3 is not set
# CONFIG_CRYPTO_SM3_AVX_X86_64 is not set
# CONFIG_CRYPTO_GHASH_CLMUL_NI_INTEL is not set
# end of Accelerated Cryptographic Algorithms for CPU (x86)

CONFIG_CRYPTO_HW=y
# CONFIG_CRYPTO_DEV_PADLOCK is not set
# CONFIG_CRYPTO_DEV_CCP is not set
# CONFIG_CRYPTO_DEV_NITROX_CNN55XX is not set
# CONFIG_CRYPTO_DEV_QAT_DH895xCC is not set
# CONFIG_CRYPTO_DEV_QAT_C3XXX is not set
# CONFIG_CRYPTO_DEV_QAT_C62X is not set
# CONFIG_CRYPTO_DEV_QAT_4XXX is not set
# CONFIG_CRYPTO_DEV_QAT_420XX is not set
# CONFIG_CRYPTO_DEV_QAT_DH895xCCVF is not set
# CONFIG_CRYPTO_DEV_QAT_C3XXXVF is not set
# CONFIG_CRYPTO_DEV_QAT_C62XVF is not set
CONFIG_CRYPTO_DEV_VIRTIO=y
# CONFIG_CRYPTO_DEV_SAFEXCEL is not set
# CONFIG_CRYPTO_DEV_AMLOGIC_GXL is not set
CONFIG_ASYMMETRIC_KEY_TYPE=y
CONFIG_ASYMMETRIC_PUBLIC_KEY_SUBTYPE=y
CONFIG_X509_CERTIFICATE_PARSER=y
# CONFIG_PKCS8_PRIVATE_KEY_PARSER is not set
CONFIG_PKCS7_MESSAGE_PARSER=y
# CONFIG_PKCS7_TEST_KEY is not set
# CONFIG_SIGNED_PE_FILE_VERIFICATION is not set
# CONFIG_FIPS_SIGNATURE_SELFTEST is not set

#
# Certificates for signature checking
#
CONFIG_MODULE_SIG_KEY="certs/signing_key.pem"
CONFIG_MODULE_SIG_KEY_TYPE_RSA=y
# CONFIG_MODULE_SIG_KEY_TYPE_ECDSA is not set
CONFIG_SYSTEM_TRUSTED_KEYRING=y
CONFIG_SYSTEM_TRUSTED_KEYS=""
# CONFIG_SYSTEM_EXTRA_CERTIFICATE is not set
# CONFIG_SECONDARY_TRUSTED_KEYRING is not set
# CONFIG_SYSTEM_BLACKLIST_KEYRING is not set
# end of Certificates for signature checking

CONFIG_BINARY_PRINTF=y

#
# Library routines
#
# CONFIG_PACKING is not set
CONFIG_BITREVERSE=y
CONFIG_GENERIC_STRNCPY_FROM_USER=y
CONFIG_GENERIC_STRNLEN_USER=y
CONFIG_GENERIC_NET_UTILS=y
# CONFIG_CORDIC is not set
# CONFIG_PRIME_NUMBERS is not set
CONFIG_RATIONAL=y
CONFIG_GENERIC_IOMAP=y
CONFIG_ARCH_USE_CMPXCHG_LOCKREF=y
CONFIG_ARCH_HAS_FAST_MULTIPLIER=y
CONFIG_ARCH_USE_SYM_ANNOTATIONS=y

#
# Crypto library routines
#
CONFIG_CRYPTO_LIB_UTILS=y
CONFIG_CRYPTO_LIB_AES=y
CONFIG_CRYPTO_LIB_AESCFB=y
CONFIG_CRYPTO_LIB_GF128MUL=y
CONFIG_CRYPTO_LIB_BLAKE2S_GENERIC=y
# CONFIG_CRYPTO_LIB_CHACHA is not set
# CONFIG_CRYPTO_LIB_CURVE25519 is not set
CONFIG_CRYPTO_LIB_POLY1305_RSIZE=11
# CONFIG_CRYPTO_LIB_POLY1305 is not set
# CONFIG_CRYPTO_LIB_CHACHA20POLY1305 is not set
CONFIG_CRYPTO_LIB_SHA1=y
CONFIG_CRYPTO_LIB_SHA256=y
# end of Crypto library routines

CONFIG_CRC_CCITT=y
CONFIG_CRC16=y
CONFIG_CRC_T10DIF=y
CONFIG_ARCH_HAS_CRC_T10DIF=y
CONFIG_CRC_T10DIF_IMPL_ARCH=y
# CONFIG_CRC_T10DIF_IMPL_GENERIC is not set
CONFIG_CRC_T10DIF_ARCH=y
# CONFIG_CRC64_ROCKSOFT is not set
# CONFIG_CRC_ITU_T is not set
CONFIG_CRC32=y
CONFIG_ARCH_HAS_CRC32=y
CONFIG_CRC32_IMPL_ARCH_PLUS_SLICEBY8=y
# CONFIG_CRC32_IMPL_ARCH_PLUS_SLICEBY1 is not set
# CONFIG_CRC32_IMPL_SLICEBY8 is not set
# CONFIG_CRC32_IMPL_SLICEBY4 is not set
# CONFIG_CRC32_IMPL_SLICEBY1 is not set
# CONFIG_CRC32_IMPL_BIT is not set
CONFIG_CRC32_ARCH=y
CONFIG_CRC32_SLICEBY8=y
# CONFIG_CRC64 is not set
# CONFIG_CRC4 is not set
# CONFIG_CRC7 is not set
CONFIG_LIBCRC32C=y
# CONFIG_CRC8 is not set
CONFIG_XXHASH=y
# CONFIG_RANDOM32_SELFTEST is not set
CONFIG_ZLIB_INFLATE=y
CONFIG_LZO_DECOMPRESS=y
CONFIG_LZ4_DECOMPRESS=y
CONFIG_ZSTD_COMMON=y
CONFIG_ZSTD_DECOMPRESS=y
CONFIG_XZ_DEC=y
CONFIG_XZ_DEC_X86=y
CONFIG_XZ_DEC_POWERPC=y
CONFIG_XZ_DEC_ARM=y
CONFIG_XZ_DEC_ARMTHUMB=y
CONFIG_XZ_DEC_ARM64=y
CONFIG_XZ_DEC_SPARC=y
CONFIG_XZ_DEC_RISCV=y
# CONFIG_XZ_DEC_MICROLZMA is not set
CONFIG_XZ_DEC_BCJ=y
# CONFIG_XZ_DEC_TEST is not set
CONFIG_DECOMPRESS_GZIP=y
CONFIG_DECOMPRESS_BZIP2=y
CONFIG_DECOMPRESS_LZMA=y
CONFIG_DECOMPRESS_XZ=y
CONFIG_DECOMPRESS_LZO=y
CONFIG_DECOMPRESS_LZ4=y
CONFIG_DECOMPRESS_ZSTD=y
CONFIG_GENERIC_ALLOCATOR=y
CONFIG_XARRAY_MULTI=y
CONFIG_ASSOCIATIVE_ARRAY=y
CONFIG_HAS_IOMEM=y
CONFIG_HAS_IOPORT=y
CONFIG_HAS_IOPORT_MAP=y
CONFIG_HAS_DMA=y
CONFIG_DMA_OPS_HELPERS=y
CONFIG_NEED_SG_DMA_FLAGS=y
CONFIG_NEED_SG_DMA_LENGTH=y
CONFIG_NEED_DMA_MAP_STATE=y
CONFIG_ARCH_DMA_ADDR_T_64BIT=y
CONFIG_SWIOTLB=y
# CONFIG_SWIOTLB_DYNAMIC is not set
CONFIG_DMA_NEED_SYNC=y
CONFIG_DMA_CMA=y
# CONFIG_DMA_NUMA_CMA is not set

#
# Default contiguous memory area size:
#
CONFIG_CMA_SIZE_MBYTES=0
CONFIG_CMA_SIZE_SEL_MBYTES=y
# CONFIG_CMA_SIZE_SEL_PERCENTAGE is not set
# CONFIG_CMA_SIZE_SEL_MIN is not set
# CONFIG_CMA_SIZE_SEL_MAX is not set
CONFIG_CMA_ALIGNMENT=8
# CONFIG_DMA_API_DEBUG is not set
# CONFIG_DMA_MAP_BENCHMARK is not set
CONFIG_SGL_ALLOC=y
CONFIG_IOMMU_HELPER=y
CONFIG_CPU_RMAP=y
CONFIG_DQL=y
CONFIG_GLOB=y
# CONFIG_GLOB_SELFTEST is not set
CONFIG_NLATTR=y
CONFIG_CLZ_TAB=y
CONFIG_IRQ_POLL=y
CONFIG_MPILIB=y
CONFIG_DIMLIB=y
CONFIG_OID_REGISTRY=y
CONFIG_UCS2_STRING=y
CONFIG_HAVE_GENERIC_VDSO=y
CONFIG_GENERIC_GETTIMEOFDAY=y
CONFIG_GENERIC_VDSO_TIME_NS=y
CONFIG_GENERIC_VDSO_OVERFLOW_PROTECT=y
CONFIG_VDSO_GETRANDOM=y
CONFIG_FONT_SUPPORT=y
CONFIG_FONTS=y
# CONFIG_FONT_8x8 is not set
CONFIG_FONT_8x16=y
# CONFIG_FONT_6x11 is not set
# CONFIG_FONT_7x14 is not set
# CONFIG_FONT_PEARL_8x8 is not set
# CONFIG_FONT_ACORN_8x8 is not set
CONFIG_FONT_MINI_4x6=y
# CONFIG_FONT_6x10 is not set
# CONFIG_FONT_10x18 is not set
# CONFIG_FONT_SUN8x16 is not set
# CONFIG_FONT_SUN12x22 is not set
# CONFIG_FONT_TER16x32 is not set
# CONFIG_FONT_6x8 is not set
CONFIG_SG_POOL=y
CONFIG_ARCH_HAS_PMEM_API=y
CONFIG_ARCH_HAS_CPU_CACHE_INVALIDATE_MEMREGION=y
CONFIG_ARCH_HAS_UACCESS_FLUSHCACHE=y
CONFIG_ARCH_HAS_COPY_MC=y
CONFIG_ARCH_STACKWALK=y
CONFIG_STACKDEPOT=y
CONFIG_STACKDEPOT_MAX_FRAMES=64
CONFIG_SBITMAP=y
# CONFIG_LWQ_TEST is not set
# end of Library routines

CONFIG_FIRMWARE_TABLE=y
CONFIG_UNION_FIND=y

#
# Kernel hacking
#

#
# printk and dmesg options
#
CONFIG_PRINTK_TIME=y
# CONFIG_PRINTK_CALLER is not set
# CONFIG_STACKTRACE_BUILD_ID is not set
CONFIG_CONSOLE_LOGLEVEL_DEFAULT=7
CONFIG_CONSOLE_LOGLEVEL_QUIET=4
CONFIG_MESSAGE_LOGLEVEL_DEFAULT=4
# CONFIG_BOOT_PRINTK_DELAY is not set
# CONFIG_DYNAMIC_DEBUG is not set
# CONFIG_DYNAMIC_DEBUG_CORE is not set
CONFIG_SYMBOLIC_ERRNAME=y
CONFIG_DEBUG_BUGVERBOSE=y
# end of printk and dmesg options

CONFIG_DEBUG_KERNEL=y
CONFIG_DEBUG_MISC=y

#
# Compile-time checks and compiler options
#
CONFIG_DEBUG_INFO=y
CONFIG_AS_HAS_NON_CONST_ULEB128=y
# CONFIG_DEBUG_INFO_NONE is not set
CONFIG_DEBUG_INFO_DWARF_TOOLCHAIN_DEFAULT=y
# CONFIG_DEBUG_INFO_DWARF4 is not set
# CONFIG_DEBUG_INFO_DWARF5 is not set
# CONFIG_DEBUG_INFO_REDUCED is not set
CONFIG_DEBUG_INFO_COMPRESSED_NONE=y
# CONFIG_DEBUG_INFO_COMPRESSED_ZLIB is not set
# CONFIG_DEBUG_INFO_COMPRESSED_ZSTD is not set
# CONFIG_DEBUG_INFO_SPLIT is not set
CONFIG_DEBUG_INFO_BTF=y
CONFIG_PAHOLE_HAS_SPLIT_BTF=y
CONFIG_PAHOLE_HAS_BTF_TAG=y
CONFIG_PAHOLE_HAS_LANG_EXCLUDE=y
CONFIG_DEBUG_INFO_BTF_MODULES=y
# CONFIG_MODULE_ALLOW_BTF_MISMATCH is not set
# CONFIG_GDB_SCRIPTS is not set
CONFIG_FRAME_WARN=2048
# CONFIG_STRIP_ASM_SYMS is not set
# CONFIG_HEADERS_INSTALL is not set
CONFIG_SECTION_MISMATCH_WARN_ONLY=y
# CONFIG_DEBUG_FORCE_FUNCTION_ALIGN_64B is not set
CONFIG_OBJTOOL=y
# CONFIG_VMLINUX_MAP is not set
# CONFIG_DEBUG_FORCE_WEAK_PER_CPU is not set
# end of Compile-time checks and compiler options

#
# Generic Kernel Debugging Instruments
#
CONFIG_MAGIC_SYSRQ=y
CONFIG_MAGIC_SYSRQ_DEFAULT_ENABLE=0x1
CONFIG_MAGIC_SYSRQ_SERIAL=y
CONFIG_MAGIC_SYSRQ_SERIAL_SEQUENCE=""
CONFIG_DEBUG_FS=y
CONFIG_DEBUG_FS_ALLOW_ALL=y
# CONFIG_DEBUG_FS_DISALLOW_MOUNT is not set
# CONFIG_DEBUG_FS_ALLOW_NONE is not set
CONFIG_HAVE_ARCH_KGDB=y
# CONFIG_KGDB is not set
CONFIG_ARCH_HAS_UBSAN=y
# CONFIG_UBSAN is not set
CONFIG_HAVE_ARCH_KCSAN=y
CONFIG_HAVE_KCSAN_COMPILER=y
# CONFIG_KCSAN is not set
# end of Generic Kernel Debugging Instruments

#
# Networking Debugging
#
# CONFIG_NET_DEV_REFCNT_TRACKER is not set
# CONFIG_NET_NS_REFCNT_TRACKER is not set
# CONFIG_DEBUG_NET is not set
# CONFIG_DEBUG_NET_SMALL_RTNL is not set
# end of Networking Debugging

#
# Memory Debugging
#
# CONFIG_PAGE_EXTENSION is not set
# CONFIG_DEBUG_PAGEALLOC is not set
CONFIG_SLUB_DEBUG=y
# CONFIG_SLUB_DEBUG_ON is not set
# CONFIG_PAGE_OWNER is not set
# CONFIG_PAGE_TABLE_CHECK is not set
# CONFIG_PAGE_POISONING is not set
# CONFIG_DEBUG_PAGE_REF is not set
# CONFIG_DEBUG_RODATA_TEST is not set
CONFIG_ARCH_HAS_DEBUG_WX=y
# CONFIG_DEBUG_WX is not set
CONFIG_GENERIC_PTDUMP=y
# CONFIG_PTDUMP_DEBUGFS is not set
CONFIG_HAVE_DEBUG_KMEMLEAK=y
# CONFIG_DEBUG_KMEMLEAK is not set
# CONFIG_PER_VMA_LOCK_STATS is not set
# CONFIG_DEBUG_OBJECTS is not set
# CONFIG_SHRINKER_DEBUG is not set
# CONFIG_DEBUG_STACK_USAGE is not set
CONFIG_SCHED_STACK_END_CHECK=y
CONFIG_ARCH_HAS_DEBUG_VM_PGTABLE=y
# CONFIG_DEBUG_VM is not set
# CONFIG_DEBUG_VM_PGTABLE is not set
CONFIG_ARCH_HAS_DEBUG_VIRTUAL=y
# CONFIG_DEBUG_VIRTUAL is not set
CONFIG_DEBUG_MEMORY_INIT=y
# CONFIG_DEBUG_PER_CPU_MAPS is not set
CONFIG_ARCH_SUPPORTS_KMAP_LOCAL_FORCE_MAP=y
# CONFIG_DEBUG_KMAP_LOCAL_FORCE_MAP is not set
# CONFIG_MEM_ALLOC_PROFILING is not set
CONFIG_HAVE_ARCH_KASAN=y
CONFIG_HAVE_ARCH_KASAN_VMALLOC=y
CONFIG_CC_HAS_KASAN_GENERIC=y
CONFIG_CC_HAS_KASAN_SW_TAGS=y
CONFIG_CC_HAS_WORKING_NOSANITIZE_ADDRESS=y
# CONFIG_KASAN is not set
CONFIG_HAVE_ARCH_KFENCE=y
# CONFIG_KFENCE is not set
CONFIG_HAVE_ARCH_KMSAN=y
CONFIG_HAVE_KMSAN_COMPILER=y
# CONFIG_KMSAN is not set
# end of Memory Debugging

# CONFIG_DEBUG_SHIRQ is not set

#
# Debug Oops, Lockups and Hangs
#
CONFIG_PANIC_ON_OOPS=y
CONFIG_PANIC_ON_OOPS_VALUE=1
CONFIG_PANIC_TIMEOUT=0
CONFIG_LOCKUP_DETECTOR=y
CONFIG_SOFTLOCKUP_DETECTOR=y
CONFIG_BOOTPARAM_SOFTLOCKUP_PANIC=y
CONFIG_HAVE_HARDLOCKUP_DETECTOR_BUDDY=y
CONFIG_HARDLOCKUP_DETECTOR=y
# CONFIG_HARDLOCKUP_DETECTOR_PREFER_BUDDY is not set
CONFIG_HARDLOCKUP_DETECTOR_PERF=y
# CONFIG_HARDLOCKUP_DETECTOR_BUDDY is not set
# CONFIG_HARDLOCKUP_DETECTOR_ARCH is not set
CONFIG_HARDLOCKUP_DETECTOR_COUNTS_HRTIMER=y
CONFIG_HARDLOCKUP_CHECK_TIMESTAMP=y
CONFIG_BOOTPARAM_HARDLOCKUP_PANIC=y
CONFIG_DETECT_HUNG_TASK=y
CONFIG_DEFAULT_HUNG_TASK_TIMEOUT=120
# CONFIG_BOOTPARAM_HUNG_TASK_PANIC is not set
# CONFIG_WQ_WATCHDOG is not set
# CONFIG_WQ_CPU_INTENSIVE_REPORT is not set
# CONFIG_TEST_LOCKUP is not set
# end of Debug Oops, Lockups and Hangs

#
# Scheduler Debugging
#
CONFIG_SCHED_DEBUG=y
CONFIG_SCHED_INFO=y
CONFIG_SCHEDSTATS=y
# end of Scheduler Debugging

# CONFIG_DEBUG_PREEMPT is not set

#
# Lock Debugging (spinlocks, mutexes, etc...)
#
CONFIG_LOCK_DEBUGGING_SUPPORT=y
CONFIG_PROVE_LOCKING=y
CONFIG_PROVE_RAW_LOCK_NESTING=y
# CONFIG_LOCK_STAT is not set
CONFIG_DEBUG_RT_MUTEXES=y
CONFIG_DEBUG_SPINLOCK=y
CONFIG_DEBUG_MUTEXES=y
CONFIG_DEBUG_WW_MUTEX_SLOWPATH=y
CONFIG_DEBUG_RWSEMS=y
CONFIG_DEBUG_LOCK_ALLOC=y
CONFIG_LOCKDEP=y
CONFIG_LOCKDEP_BITS=15
CONFIG_LOCKDEP_CHAINS_BITS=16
CONFIG_LOCKDEP_STACK_TRACE_BITS=19
CONFIG_LOCKDEP_STACK_TRACE_HASH_BITS=14
CONFIG_LOCKDEP_CIRCULAR_QUEUE_BITS=12
# CONFIG_DEBUG_LOCKDEP is not set
CONFIG_DEBUG_ATOMIC_SLEEP=y
# CONFIG_DEBUG_LOCKING_API_SELFTESTS is not set
# CONFIG_LOCK_TORTURE_TEST is not set
# CONFIG_WW_MUTEX_SELFTEST is not set
# CONFIG_SCF_TORTURE_TEST is not set
# CONFIG_CSD_LOCK_WAIT_DEBUG is not set
# end of Lock Debugging (spinlocks, mutexes, etc...)

CONFIG_TRACE_IRQFLAGS=y
CONFIG_TRACE_IRQFLAGS_NMI=y
# CONFIG_NMI_CHECK_CPU is not set
# CONFIG_DEBUG_IRQFLAGS is not set
CONFIG_STACKTRACE=y
# CONFIG_WARN_ALL_UNSEEDED_RANDOM is not set
# CONFIG_DEBUG_KOBJECT is not set

#
# Debug kernel data structures
#
# CONFIG_DEBUG_LIST is not set
# CONFIG_DEBUG_PLIST is not set
# CONFIG_DEBUG_SG is not set
# CONFIG_DEBUG_NOTIFIERS is not set
# CONFIG_DEBUG_MAPLE_TREE is not set
# end of Debug kernel data structures

#
# RCU Debugging
#
CONFIG_PROVE_RCU=y
# CONFIG_RCU_SCALE_TEST is not set
# CONFIG_RCU_TORTURE_TEST is not set
# CONFIG_RCU_REF_SCALE_TEST is not set
CONFIG_RCU_CPU_STALL_TIMEOUT=60
CONFIG_RCU_EXP_CPU_STALL_TIMEOUT=0
# CONFIG_RCU_CPU_STALL_CPUTIME is not set
CONFIG_RCU_TRACE=y
# CONFIG_RCU_EQS_DEBUG is not set
# end of RCU Debugging

# CONFIG_DEBUG_WQ_FORCE_RR_CPU is not set
# CONFIG_CPU_HOTPLUG_STATE_CONTROL is not set
# CONFIG_LATENCYTOP is not set
# CONFIG_DEBUG_CGROUP_REF is not set
CONFIG_USER_STACKTRACE_SUPPORT=y
CONFIG_NOP_TRACER=y
CONFIG_HAVE_RETHOOK=y
CONFIG_RETHOOK=y
CONFIG_HAVE_FUNCTION_TRACER=y
CONFIG_HAVE_FUNCTION_GRAPH_TRACER=y
CONFIG_HAVE_FUNCTION_GRAPH_FREGS=y
CONFIG_HAVE_FTRACE_GRAPH_FUNC=y
CONFIG_HAVE_DYNAMIC_FTRACE=y
CONFIG_HAVE_DYNAMIC_FTRACE_WITH_REGS=y
CONFIG_HAVE_DYNAMIC_FTRACE_WITH_DIRECT_CALLS=y
CONFIG_HAVE_DYNAMIC_FTRACE_WITH_ARGS=y
CONFIG_HAVE_FTRACE_REGS_HAVING_PT_REGS=y
CONFIG_HAVE_DYNAMIC_FTRACE_NO_PATCHABLE=y
CONFIG_HAVE_FTRACE_MCOUNT_RECORD=y
CONFIG_HAVE_SYSCALL_TRACEPOINTS=y
CONFIG_HAVE_FENTRY=y
CONFIG_HAVE_OBJTOOL_MCOUNT=y
CONFIG_HAVE_OBJTOOL_NOP_MCOUNT=y
CONFIG_HAVE_C_RECORDMCOUNT=y
CONFIG_HAVE_BUILDTIME_MCOUNT_SORT=y
CONFIG_BUILDTIME_MCOUNT_SORT=y
CONFIG_TRACE_CLOCK=y
CONFIG_RING_BUFFER=y
CONFIG_EVENT_TRACING=y
CONFIG_CONTEXT_SWITCH_TRACER=y
CONFIG_PREEMPTIRQ_TRACEPOINTS=y
CONFIG_TRACING=y
CONFIG_GENERIC_TRACER=y
CONFIG_TRACING_SUPPORT=y
CONFIG_FTRACE=y
CONFIG_BOOTTIME_TRACING=y
CONFIG_FUNCTION_TRACER=y
CONFIG_FUNCTION_GRAPH_TRACER=y
# CONFIG_FUNCTION_GRAPH_RETVAL is not set
# CONFIG_FUNCTION_GRAPH_RETADDR is not set
CONFIG_DYNAMIC_FTRACE=y
CONFIG_DYNAMIC_FTRACE_WITH_REGS=y
CONFIG_DYNAMIC_FTRACE_WITH_DIRECT_CALLS=y
CONFIG_DYNAMIC_FTRACE_WITH_ARGS=y
CONFIG_FPROBE=y
# CONFIG_FUNCTION_PROFILER is not set
# CONFIG_STACK_TRACER is not set
# CONFIG_IRQSOFF_TRACER is not set
# CONFIG_PREEMPT_TRACER is not set
# CONFIG_SCHED_TRACER is not set
# CONFIG_HWLAT_TRACER is not set
# CONFIG_OSNOISE_TRACER is not set
# CONFIG_TIMERLAT_TRACER is not set
# CONFIG_MMIOTRACE is not set
CONFIG_FTRACE_SYSCALLS=y
# CONFIG_TRACER_SNAPSHOT is not set
CONFIG_BRANCH_PROFILE_NONE=y
# CONFIG_PROFILE_ANNOTATED_BRANCHES is not set
# CONFIG_PROFILE_ALL_BRANCHES is not set
CONFIG_BLK_DEV_IO_TRACE=y
CONFIG_FPROBE_EVENTS=y
CONFIG_PROBE_EVENTS_BTF_ARGS=y
CONFIG_KPROBE_EVENTS=y
# CONFIG_KPROBE_EVENTS_ON_NOTRACE is not set
CONFIG_UPROBE_EVENTS=y
CONFIG_BPF_EVENTS=y
CONFIG_DYNAMIC_EVENTS=y
CONFIG_PROBE_EVENTS=y
CONFIG_BPF_KPROBE_OVERRIDE=y
CONFIG_FTRACE_MCOUNT_RECORD=y
CONFIG_FTRACE_MCOUNT_USE_OBJTOOL=y
# CONFIG_SYNTH_EVENTS is not set
# CONFIG_USER_EVENTS is not set
# CONFIG_HIST_TRIGGERS is not set
# CONFIG_TRACE_EVENT_INJECT is not set
# CONFIG_TRACEPOINT_BENCHMARK is not set
# CONFIG_RING_BUFFER_BENCHMARK is not set
# CONFIG_TRACE_EVAL_MAP_FILE is not set
# CONFIG_FTRACE_RECORD_RECURSION is not set
# CONFIG_FTRACE_VALIDATE_RCU_IS_WATCHING is not set
# CONFIG_FTRACE_STARTUP_TEST is not set
# CONFIG_FTRACE_SORT_STARTUP_TEST is not set
# CONFIG_RING_BUFFER_STARTUP_TEST is not set
# CONFIG_RING_BUFFER_VALIDATE_TIME_DELTAS is not set
# CONFIG_PREEMPTIRQ_DELAY_TEST is not set
# CONFIG_KPROBE_EVENT_GEN_TEST is not set
# CONFIG_RV is not set
# CONFIG_PROVIDE_OHCI1394_DMA_INIT is not set
# CONFIG_SAMPLES is not set
CONFIG_HAVE_SAMPLE_FTRACE_DIRECT=y
CONFIG_HAVE_SAMPLE_FTRACE_DIRECT_MULTI=y
CONFIG_ARCH_HAS_DEVMEM_IS_ALLOWED=y
CONFIG_STRICT_DEVMEM=y
# CONFIG_IO_STRICT_DEVMEM is not set

#
# x86 Debugging
#
CONFIG_X86_VERBOSE_BOOTUP=y
CONFIG_EARLY_PRINTK=y
# CONFIG_EARLY_PRINTK_DBGP is not set
# CONFIG_EARLY_PRINTK_USB_XDBC is not set
# CONFIG_EFI_PGT_DUMP is not set
# CONFIG_DEBUG_TLBFLUSH is not set
# CONFIG_IOMMU_DEBUG is not set
CONFIG_HAVE_MMIOTRACE_SUPPORT=y
# CONFIG_X86_DECODER_SELFTEST is not set
CONFIG_IO_DELAY_0X80=y
# CONFIG_IO_DELAY_0XED is not set
# CONFIG_IO_DELAY_UDELAY is not set
# CONFIG_IO_DELAY_NONE is not set
# CONFIG_DEBUG_BOOT_PARAMS is not set
# CONFIG_CPA_DEBUG is not set
# CONFIG_DEBUG_ENTRY is not set
# CONFIG_DEBUG_NMI_SELFTEST is not set
CONFIG_X86_DEBUG_FPU=y
# CONFIG_PUNIT_ATOM_DEBUG is not set
CONFIG_UNWINDER_ORC=y
# CONFIG_UNWINDER_FRAME_POINTER is not set
# end of x86 Debugging

#
# Kernel Testing and Coverage
#
# CONFIG_KUNIT is not set
# CONFIG_NOTIFIER_ERROR_INJECTION is not set
CONFIG_FUNCTION_ERROR_INJECTION=y
CONFIG_FAULT_INJECTION=y
# CONFIG_FAILSLAB is not set
# CONFIG_FAIL_PAGE_ALLOC is not set
# CONFIG_FAULT_INJECTION_USERCOPY is not set
# CONFIG_FAIL_MAKE_REQUEST is not set
# CONFIG_FAIL_IO_TIMEOUT is not set
# CONFIG_FAIL_FUTEX is not set
CONFIG_FAULT_INJECTION_DEBUG_FS=y
CONFIG_FAIL_FUNCTION=y
# CONFIG_FAIL_SKB_REALLOC is not set
# CONFIG_FAULT_INJECTION_CONFIGFS is not set
# CONFIG_FAULT_INJECTION_STACKTRACE_FILTER is not set
CONFIG_ARCH_HAS_KCOV=y
CONFIG_CC_HAS_SANCOV_TRACE_PC=y
# CONFIG_KCOV is not set
CONFIG_RUNTIME_TESTING_MENU=y
# CONFIG_TEST_DHRY is not set
# CONFIG_LKDTM is not set
# CONFIG_TEST_MIN_HEAP is not set
# CONFIG_TEST_DIV64 is not set
# CONFIG_TEST_MULDIV64 is not set
# CONFIG_BACKTRACE_SELF_TEST is not set
# CONFIG_TEST_REF_TRACKER is not set
# CONFIG_RBTREE_TEST is not set
# CONFIG_REED_SOLOMON_TEST is not set
# CONFIG_INTERVAL_TREE_TEST is not set
# CONFIG_PERCPU_TEST is not set
# CONFIG_ATOMIC64_SELFTEST is not set
# CONFIG_TEST_HEXDUMP is not set
# CONFIG_TEST_KSTRTOX is not set
# CONFIG_TEST_PRINTF is not set
# CONFIG_TEST_SCANF is not set
# CONFIG_TEST_BITMAP is not set
# CONFIG_TEST_UUID is not set
# CONFIG_TEST_XARRAY is not set
# CONFIG_TEST_MAPLE_TREE is not set
# CONFIG_TEST_RHASHTABLE is not set
# CONFIG_TEST_IDA is not set
# CONFIG_TEST_LKM is not set
# CONFIG_TEST_BITOPS is not set
# CONFIG_TEST_VMALLOC is not set
CONFIG_TEST_BPF=m
# CONFIG_TEST_BLACKHOLE_DEV is not set
# CONFIG_FIND_BIT_BENCHMARK is not set
# CONFIG_TEST_FIRMWARE is not set
# CONFIG_TEST_SYSCTL is not set
# CONFIG_TEST_UDELAY is not set
# CONFIG_TEST_STATIC_KEYS is not set
# CONFIG_TEST_KMOD is not set
# CONFIG_TEST_KALLSYMS is not set
# CONFIG_TEST_MEMCAT_P is not set
# CONFIG_TEST_MEMINIT is not set
# CONFIG_TEST_FREE_PAGES is not set
# CONFIG_TEST_FPU is not set
# CONFIG_TEST_CLOCKSOURCE_WATCHDOG is not set
# CONFIG_TEST_OBJPOOL is not set
CONFIG_ARCH_USE_MEMTEST=y
# CONFIG_MEMTEST is not set
# end of Kernel Testing and Coverage

#
# Rust hacking
#
# end of Rust hacking
# end of Kernel hacking
::endgroup::
ALLOWLIST_FILE= is not set or does not exist
DENYLIST_FILE= is not set or does not exist
::group::test_progs-no_alu32 - Testing test_progs-no_alu32
./test_progs-no_alu32     --json-summary "/mnt/vmtest/test_progs_no_alu32.json"
[    2.018534] bpf_testmod: loading out-of-tree module taints kernel.
[    2.018898] bpf_testmod: module verification failed: signature and/or required key missing - tainting kernel
#1       access_variable_array:OK
#2/1     align/mov:OK
#2/2     align/shift:OK
#2/3     align/addsub:OK
#2/4     align/mul:OK
#2/5     align/unknown shift:OK
#2/6     align/unknown mul:OK
#2/7     align/packet const offset:OK
#2/8     align/packet variable offset:OK
#2/9     align/packet variable offset 2:OK
#2/10    align/dubious pointer arithmetic:OK
#2/11    align/variable subtraction:OK
#2/12    align/pointer variable subtraction:OK
#2       align:OK
#3       arena_atomics:SKIP
#4/1     arena_htab/arena_htab_llvm:SKIP
#4/2     arena_htab/arena_htab_asm:OK
#4       arena_htab:OK (SKIP: 1/2)
#5/1     arena_list/arena_list_1:SKIP
#5/2     arena_list/arena_list_1000:SKIP
#5       arena_list:SKIP
#6/1     arg_parsing/test_parse_test_list:OK
#6/2     arg_parsing/test_parse_test_list_file:OK
#6       arg_parsing:OK
#7/1     assign_reuse/tcpv4:OK
#7/2     assign_reuse/tcpv6:OK
#7/3     assign_reuse/udpv4:OK
#7/4     assign_reuse/udpv6:OK
#7       assign_reuse:OK
#8/1     async_stack_depth/pseudo_call_check:OK
#8/2     async_stack_depth/async_call_root_check:OK
#8       async_stack_depth:OK
#9       atomic_bounds:OK
#10      atomics:SKIP
#11/1    attach_probe/manual-default:OK
#11/2    attach_probe/manual-legacy:OK
#11/3    attach_probe/manual-perf:OK
#11/4    attach_probe/manual-link:OK
#11/5    attach_probe/auto:OK
#11/6    attach_probe/kprobe-sleepable:OK
#11/7    attach_probe/uprobe-lib:OK
#11/8    attach_probe/uprobe-sleepable:OK
#11/9    attach_probe/uprobe-ref_ctr:OK
#11      attach_probe:OK
#12      autoattach:OK
#13      autoload:OK
#14/1    bad_struct_ops/invalid_prog_reuse:OK
#14/2    bad_struct_ops/unused_program:OK
#14      bad_struct_ops:OK
#15      bind_perm:OK
#16      bloom_filter_map:OK
#17/1    bpf_cookie/kprobe:OK
#17/2    bpf_cookie/multi_kprobe_link_api:OK
#17/3    bpf_cookie/multi_kprobe_attach_api:OK
#17/4    bpf_cookie/uprobe:OK
#17/5    bpf_cookie/multi_uprobe_attach_api:OK
#17/6    bpf_cookie/tracepoint:OK
#17/7    bpf_cookie/perf_event:OK
#17/8    bpf_cookie/trampoline:OK
#17/9    bpf_cookie/lsm:OK
#17/10   bpf_cookie/tp_btf:OK
#17/11   bpf_cookie/raw_tp:OK
#17      bpf_cookie:OK
#18/1    bpf_ip_check_defrag/v4:OK
#18/2    bpf_ip_check_defrag/v6:OK
#18      bpf_ip_check_defrag:OK
#19/1    bpf_iter/btf_id_or_null:OK
#19/2    bpf_iter/ipv6_route:OK
#19/3    bpf_iter/netlink:OK
#19/4    bpf_iter/bpf_map:OK
#19/5    bpf_iter/task_tid:OK
#19/6    bpf_iter/task_pid:OK
#19/7    bpf_iter/task_pidfd:OK
#19/8    bpf_iter/task_sleepable:OK
#19/9    bpf_iter/task_stack:OK
#19/10   bpf_iter/task_file:OK
#19/11   bpf_iter/task_vma:OK
#19/12   bpf_iter/task_vma_dead_task:OK
#19/13   bpf_iter/task_btf:OK
#19/14   bpf_iter/tcp4:OK
#19/15   bpf_iter/tcp6:OK
#19/16   bpf_iter/udp4:OK
#19/17   bpf_iter/udp6:OK
#19/18   bpf_iter/unix:OK
#19/19   bpf_iter/anon:OK
#19/20   bpf_iter/anon-read-one-char:OK
#19/21   bpf_iter/file:OK
#19/22   bpf_iter/overflow:OK
#19/23   bpf_iter/overflow-e2big:OK
#19/24   bpf_iter/prog-ret-1:OK
#19/25   bpf_iter/bpf_hash_map:OK
#19/26   bpf_iter/bpf_percpu_hash_map:OK
#19/27   bpf_iter/bpf_array_map:OK
#19/28   bpf_iter/bpf_array_map_iter_fd:OK
#19/29   bpf_iter/bpf_percpu_array_map:OK
#19/30   bpf_iter/bpf_sk_storage_map:OK
#19/31   bpf_iter/bpf_sk_storage_map_iter_fd:OK
#19/32   bpf_iter/bpf_sk_storage_delete:OK
#19/33   bpf_iter/bpf_sk_storage_get:OK
#19/34   bpf_iter/rdonly-buf-out-of-bound:OK
#19/35   bpf_iter/buf-neg-offset:OK
#19/36   bpf_iter/link-iter:OK
#19/37   bpf_iter/ksym:OK
#19/38   bpf_iter/bpf_sockmap_map_iter_fd:OK
#19/39   bpf_iter/vma_offset:OK
#19      bpf_iter:OK
#20      bpf_iter_setsockopt:OK
#21      bpf_iter_setsockopt_unix:OK
#22/1    bpf_loop/check_nr_loops:OK
#22/2    bpf_loop/check_callback_fn_stop:OK
#22/3    bpf_loop/check_null_callback_ctx:OK
#22/4    bpf_loop/check_invalid_flags:OK
#22/5    bpf_loop/check_nested_calls:OK
#22/6    bpf_loop/check_non_constant_callback:OK
#22/7    bpf_loop/check_stack:OK
#22      bpf_loop:OK
#23/1    bpf_mod_race/ksym (used_btfs UAF):OK
#23/2    bpf_mod_race/kfunc (kfunc_btf_tab UAF):OK
#23      bpf_mod_race:OK
#24/1    bpf_nf/xdp-ct:OK
#24/2    bpf_nf/tc-bpf-ct:OK
#24/3    bpf_nf/alloc_release:OK
#24/4    bpf_nf/insert_insert:OK
#24/5    bpf_nf/lookup_insert:OK
#24/6    bpf_nf/set_timeout_after_insert:OK
#24/7    bpf_nf/set_status_after_insert:OK
#24/8    bpf_nf/change_timeout_after_alloc:OK
#24/9    bpf_nf/change_status_after_alloc:OK
#24/10   bpf_nf/write_not_allowlisted_field:OK
#24      bpf_nf:OK
#25      bpf_obj_id:OK
#26/1    bpf_obj_pinning/detached:OK
#26/2    bpf_obj_pinning/mounted-str-abs:OK
#26/3    bpf_obj_pinning/mounted-str-rel:OK
#26/4    bpf_obj_pinning/mounted-fd-rel:OK
#26      bpf_obj_pinning:OK
#27      bpf_sockmap_map_iter_fd:OK
#28      bpf_syscall_macro:OK
[   16.002694] TCP: bpf_incompl_ops does not implement required ops
[   16.122683] TCP: tcp_ca_wrong not registered or non-unique key
#29/1    bpf_tcp_ca/dctcp:OK
#29/2    bpf_tcp_ca/cubic:OK
#29/3    bpf_tcp_ca/invalid_license:OK
#29/4    bpf_tcp_ca/dctcp_fallback:OK
#29/5    bpf_tcp_ca/rel_setsockopt:OK
#29/6    bpf_tcp_ca/write_sk_pacing:OK
#29/7    bpf_tcp_ca/incompl_cong_ops:OK
#29/8    bpf_tcp_ca/unsupp_cong_op:OK
#29/9    bpf_tcp_ca/update_ca:OK
#29/10   bpf_tcp_ca/update_wrong:OK
#29/11   bpf_tcp_ca/mixed_links:OK
#29/12   bpf_tcp_ca/multi_links:OK
#29/13   bpf_tcp_ca/link_replace:OK
#29/14   bpf_tcp_ca/tcp_ca_kfunc:OK
#29/15   bpf_tcp_ca/cc_cubic:OK
#29/16   bpf_tcp_ca/dctcp_autoattach_map:OK
#29      bpf_tcp_ca:OK
#30/1    btf/struct test #1:OK
#30/2    btf/struct test #2:OK
#30/3    btf/struct test #3 Invalid member offset:OK
#30/4    btf/global data test #1:OK
#30/5    btf/global data test #2:OK
#30/6    btf/global data test #3:OK
#30/7    btf/global data test #4, unsupported linkage:OK
#30/8    btf/global data test #5, invalid var type:OK
#30/9    btf/global data test #6, invalid var type (fwd type):OK
#30/10   btf/global data test #7, invalid var type (fwd type):OK
#30/11   btf/global data test #8, invalid var size:OK
#30/12   btf/global data test #9, invalid var size:OK
#30/13   btf/global data test #10, invalid var size:OK
#30/14   btf/global data test #11, multiple section members:OK
#30/15   btf/global data test #12, invalid offset:OK
#30/16   btf/global data test #13, invalid offset:OK
#30/17   btf/global data test #14, invalid offset:OK
#30/18   btf/global data test #15, not var kind:OK
#30/19   btf/global data test #16, invalid var referencing sec:OK
#30/20   btf/global data test #17, invalid var referencing var:OK
#30/21   btf/global data test #18, invalid var loop:OK
#30/22   btf/global data test #19, invalid var referencing var:OK
#30/23   btf/global data test #20, invalid ptr referencing var:OK
#30/24   btf/global data test #21, var included in struct:OK
#30/25   btf/global data test #22, array of var:OK
#30/26   btf/var after datasec, ptr followed by modifier:OK
#30/27   btf/size check test #1:OK
#30/28   btf/size check test #2:OK
#30/29   btf/size check test #3:OK
#30/30   btf/size check test #4:OK
#30/31   btf/size check test #5:OK
#30/32   btf/void test #1:OK
#30/33   btf/void test #2:OK
#30/34   btf/void test #3:OK
#30/35   btf/void test #4:OK
#30/36   btf/loop test #1:OK
#30/37   btf/loop test #2:OK
#30/38   btf/loop test #3:OK
#30/39   btf/loop test #4:OK
#30/40   btf/loop test #5:OK
#30/41   btf/loop test #6:OK
#30/42   btf/loop test #7:OK
#30/43   btf/loop test #8:OK
#30/44   btf/string section does not end with null:OK
#30/45   btf/empty string section:OK
#30/46   btf/empty type section:OK
#30/47   btf/btf_header test. Longer hdr_len:OK
#30/48   btf/btf_header test. Gap between hdr and type:OK
#30/49   btf/btf_header test. Gap between type and str:OK
#30/50   btf/btf_header test. Overlap between type and str:OK
#30/51   btf/btf_header test. Larger BTF size:OK
#30/52   btf/btf_header test. Smaller BTF size:OK
#30/53   btf/array test. index_type/elem_type "int":OK
#30/54   btf/array test. index_type/elem_type "const int":OK
#30/55   btf/array test. index_type "const int:31":OK
#30/56   btf/array test. elem_type "const int:31":OK
#30/57   btf/array test. index_type "void":OK
#30/58   btf/array test. index_type "const void":OK
#30/59   btf/array test. elem_type "const void":OK
#30/60   btf/array test. elem_type "const void *":OK
#30/61   btf/array test. index_type "const void *":OK
#30/62   btf/array test. t->size != 0":OK
#30/63   btf/int test. invalid int_data:OK
#30/64   btf/invalid BTF_INFO:OK
#30/65   btf/fwd test. t->type != 0":OK
#30/66   btf/typedef (invalid name, name_off = 0):OK
#30/67   btf/typedef (invalid name, invalid identifier):OK
#30/68   btf/ptr type (invalid name, name_off <> 0):OK
#30/69   btf/volatile type (invalid name, name_off <> 0):OK
#30/70   btf/const type (invalid name, name_off <> 0):OK
#30/71   btf/restrict type (invalid name, name_off <> 0):OK
#30/72   btf/fwd type (invalid name, name_off = 0):OK
#30/73   btf/fwd type (invalid name, invalid identifier):OK
#30/74   btf/array type (invalid name, name_off <> 0):OK
#30/75   btf/struct type (name_off = 0):OK
#30/76   btf/struct type (invalid name, invalid identifier):OK
#30/77   btf/struct member (name_off = 0):OK
#30/78   btf/struct member (invalid name, invalid identifier):OK
#30/79   btf/enum type (name_off = 0):OK
#30/80   btf/enum type (invalid name, invalid identifier):OK
#30/81   btf/enum member (invalid name, name_off = 0):OK
#30/82   btf/enum member (invalid name, invalid identifier):OK
#30/83   btf/arraymap invalid btf key (a bit field):OK
#30/84   btf/arraymap invalid btf key (!= 32 bits):OK
#30/85   btf/arraymap invalid btf value (too small):OK
#30/86   btf/arraymap invalid btf value (too big):OK
#30/87   btf/func proto (int (*)(int, unsigned int)):OK
#30/88   btf/func proto (vararg):OK
#30/89   btf/func proto (vararg with name):OK
#30/90   btf/func proto (arg after vararg):OK
#30/91   btf/func proto (CONST=>TYPEDEF=>PTR=>FUNC_PROTO):OK
#30/92   btf/func proto (TYPEDEF=>FUNC_PROTO):OK
#30/93   btf/func proto (btf_resolve(arg)):OK
#30/94   btf/func proto (Not all arg has name):OK
#30/95   btf/func proto (Bad arg name_off):OK
#30/96   btf/func proto (Bad arg name):OK
#30/97   btf/func proto (Invalid return type):OK
#30/98   btf/func proto (with func name):OK
#30/99   btf/func proto (const void arg):OK
#30/100  btf/func (void func(int a, unsigned int b)):OK
#30/101  btf/func (No func name):OK
#30/102  btf/func (Invalid func name):OK
#30/103  btf/func (Some arg has no name):OK
#30/104  btf/func (Non zero vlen):OK
#30/105  btf/func (Not referring to FUNC_PROTO):OK
#30/106  btf/invalid int kind_flag:OK
#30/107  btf/invalid ptr kind_flag:OK
#30/108  btf/invalid array kind_flag:OK
#30/109  btf/valid fwd kind_flag:OK
#30/110  btf/invalid typedef kind_flag:OK
#30/111  btf/invalid volatile kind_flag:OK
#30/112  btf/invalid const kind_flag:OK
#30/113  btf/invalid restrict kind_flag:OK
#30/114  btf/invalid func kind_flag:OK
#30/115  btf/invalid func_proto kind_flag:OK
#30/116  btf/valid struct, kind_flag, bitfield_size = 0:OK
#30/117  btf/valid struct, kind_flag, int member, bitfield_size != 0:OK
#30/118  btf/valid union, kind_flag, int member, bitfield_size != 0:OK
#30/119  btf/valid struct, kind_flag, enum member, bitfield_size != 0:OK
#30/120  btf/valid union, kind_flag, enum member, bitfield_size != 0:OK
#30/121  btf/valid struct, kind_flag, typedef member, bitfield_size != 0:OK
#30/122  btf/valid union, kind_flag, typedef member, bitfield_size != 0:OK
#30/123  btf/invalid struct, kind_flag, bitfield_size greater than struct size:OK
#30/124  btf/invalid struct, kind_flag, bitfield base_type int not regular:OK
#30/125  btf/invalid struct, kind_flag, base_type int not regular:OK
#30/126  btf/invalid union, kind_flag, bitfield_size greater than struct size:OK
#30/127  btf/invalid struct, kind_flag, int member, bitfield_size = 0, wrong byte alignment:OK
#30/128  btf/invalid struct, kind_flag, enum member, bitfield_size = 0, wrong byte alignment:OK
#30/129  btf/128-bit int:OK
#30/130  btf/struct, 128-bit int member:OK
#30/131  btf/struct, 120-bit int member bitfield:OK
#30/132  btf/struct, kind_flag, 128-bit int member:OK
#30/133  btf/struct, kind_flag, 120-bit int member bitfield:OK
#30/134  btf/struct->ptr->typedef->array->int size resolution:OK
#30/135  btf/struct->ptr->typedef->multi-array->int size resolution:OK
#30/136  btf/typedef/multi-arr mix size resolution:OK
#30/137  btf/datasec: vlen == 0:OK
#30/138  btf/datasec: name '?.foo bar:buz' is ok:OK
#30/139  btf/datasec: name with non-printable first char not is ok:OK
#30/140  btf/datasec: name '\0' is not ok:OK
#30/141  btf/type name '?foo' is not ok:OK
#30/142  btf/float test #1, well-formed:OK
#30/143  btf/float test #2, invalid vlen:OK
#30/144  btf/float test #3, invalid kind_flag:OK
#30/145  btf/float test #4, member does not fit:OK
#30/146  btf/float test #5, member is not properly aligned:OK
#30/147  btf/float test #6, invalid size:OK
#30/148  btf/decl_tag test #1, struct/member, well-formed:OK
#30/149  btf/decl_tag test #2, union/member, well-formed:OK
#30/150  btf/decl_tag test #3, variable, well-formed:OK
#30/151  btf/decl_tag test #4, func/parameter, well-formed:OK
#30/152  btf/decl_tag test #5, invalid value:OK
#30/153  btf/decl_tag test #6, invalid target type:OK
#30/154  btf/decl_tag test #7, invalid vlen:OK
#30/155  btf/decl_tag test #8, invalid kflag:OK
#30/156  btf/decl_tag test #9, var, invalid component_idx:OK
#30/157  btf/decl_tag test #10, struct member, invalid component_idx:OK
#30/158  btf/decl_tag test #11, func parameter, invalid component_idx:OK
#30/159  btf/decl_tag test #12, < -1 component_idx:OK
#30/160  btf/decl_tag test #13, typedef, well-formed:OK
#30/161  btf/decl_tag test #14, typedef, invalid component_idx:OK
#30/162  btf/decl_tag test #15, func, invalid func proto:OK
#30/163  btf/decl_tag test #16, func proto, return type:OK
#30/164  btf/decl_tag test #17, func proto, argument:OK
#30/165  btf/decl_tag test #18, decl_tag as the map key type:OK
#30/166  btf/decl_tag test #19, decl_tag as the map value type:OK
#30/167  btf/type_tag test #1:OK
#30/168  btf/type_tag test #2, type tag order:OK
#30/169  btf/type_tag test #3, type tag order:OK
#30/170  btf/type_tag test #4, type tag order:OK
#30/171  btf/type_tag test #5, type tag order:OK
#30/172  btf/type_tag test #6, type tag order:OK
#30/173  btf/enum64 test #1, unsigned, size 8:OK
#30/174  btf/enum64 test #2, signed, size 4:OK
#30/175  btf/== raw_btf_size+1:OK
#30/176  btf/== raw_btf_size-3:OK
#30/177  btf/Large bpf_btf_info:OK
#30/178  btf/BTF ID:OK
#30/179  btf/test_btf_newkv.bpf.o:OK
#30/180  btf/test_btf_nokv.bpf.o:OK
#30/181  btf/func_type (main func + one sub):OK
#30/182  btf/func_type (Incorrect func_info_rec_size):OK
#30/183  btf/func_type (Incorrect func_info_cnt):OK
#30/184  btf/func_type (Incorrect bpf_func_info.insn_off):OK
#30/185  btf/line_info (No subprog):OK
#30/186  btf/line_info (No subprog. insn_off >= prog->len):OK
#30/187  btf/line_info (Zero bpf insn code):OK
#30/188  btf/line_info (No subprog. zero tailing line_info:OK
#30/189  btf/line_info (No subprog. nonzero tailing line_info):OK
#30/190  btf/line_info (subprog):OK
#30/191  btf/line_info (subprog + func_info):OK
#30/192  btf/line_info (subprog. missing 1st func line info):OK
#30/193  btf/line_info (subprog. missing 2nd func line info):OK
#30/194  btf/line_info (subprog. unordered insn offset):OK
#30/195  btf/line_info (dead start):OK
#30/196  btf/line_info (dead end):OK
#30/197  btf/line_info (dead code + subprog + func_info):OK
#30/198  btf/line_info (dead subprog):OK
#30/199  btf/line_info (dead last subprog):OK
#30/200  btf/line_info (dead subprog + dead start):OK
#30/201  btf/line_info (dead subprog + dead start w/ move):OK
#30/202  btf/line_info (dead end + subprog start w/ no linfo):OK
#30/203  btf/dedup: unused strings filtering:OK
#30/204  btf/dedup: strings deduplication:OK
#30/205  btf/dedup: struct example #1:OK
#30/206  btf/dedup: struct <-> fwd resolution w/ hash collision:OK
#30/207  btf/dedup: void equiv check:OK
#30/208  btf/dedup: all possible kinds (no duplicates):OK
#30/209  btf/dedup: no int/float duplicates:OK
#30/210  btf/dedup: enum fwd resolution:OK
#30/211  btf/dedup: datasec and vars pass-through:OK
#30/212  btf/dedup: func/func_arg/var tags:OK
#30/213  btf/dedup: func/func_param tags:OK
#30/214  btf/dedup: struct/struct_member tags:OK
#30/215  btf/dedup: typedef tags:OK
#30/216  btf/dedup: btf_type_tag #1:OK
#30/217  btf/dedup: btf_type_tag #2:OK
#30/218  btf/dedup: btf_type_tag #3:OK
#30/219  btf/dedup: btf_type_tag #4:OK
#30/220  btf/dedup: btf_type_tag #5, struct:OK
#30/221  btf/dedup: enum64, standalone:OK
#30/222  btf/dedup: enum64, fwd resolution:OK
#30/223  btf/dedup: enum and enum64, no dedup:OK
#30/224  btf/dedup: enum of different size: no dedup:OK
#30/225  btf/dedup: enum fwd to enum64:OK
#30/226  btf/dedup: enum64 fwd to enum:OK
#30/227  btf/dedup: standalone fwd declaration struct:OK
#30/228  btf/dedup: standalone fwd declaration union:OK
#30/229  btf/dedup: standalone fwd declaration wrong kind:OK
#30/230  btf/dedup: standalone fwd declaration name conflict:OK
#30/231  btf/BTF pretty print array:OK
#30/232  btf/BTF pretty print hash:OK
#30/233  btf/BTF pretty print lru hash:OK
#30/234  btf/BTF pretty print percpu array:OK
#30/235  btf/BTF pretty print percpu hash:OK
#30/236  btf/BTF pretty print lru percpu hash:OK
#30/237  btf/BTF pretty print array:OK
#30/238  btf/BTF pretty print array:OK
#30/239  btf/BTF pretty print array:OK
#30      btf:OK
#31/1    btf_dedup_split/split_simple:OK
#31/2    btf_dedup_split/split_struct_duped:OK
#31/3    btf_dedup_split/split_fwd_resolve:OK
#31/4    btf_dedup_split/split_dup_struct_in_cu:OK
#31      btf_dedup_split:OK
#32/1    btf_distill/distilled_base:OK
#32/2    btf_distill/distilled_base_multi:OK
#32/3    btf_distill/distilled_base_missing_err:OK
#32/4    btf_distill/distilled_base_multi_err:OK
#32/5    btf_distill/distilled_base_multi_err2:OK
#32/6    btf_distill/distilled_base_embedded_err:OK
#32/7    btf_distill/distilled_base_vmlinux:OK
#32/8    btf_distill/distilled_endianness:OK
#32      btf_distill:OK
#33/1    btf_dump/btf_dump: syntax:OK
#33/2    btf_dump/btf_dump: ordering:OK
#33/3    btf_dump/btf_dump: padding:OK
#33/4    btf_dump/btf_dump: packing:OK
#33/5    btf_dump/btf_dump: bitfields:OK
#33/6    btf_dump/btf_dump: multidim:OK
#33/7    btf_dump/btf_dump: namespacing:OK
#33/8    btf_dump/btf_dump: incremental:OK
#33/9    btf_dump/btf_dump: int_data:OK
#33/10   btf_dump/btf_dump: float_data:OK
#33/11   btf_dump/btf_dump: char_data:OK
#33/12   btf_dump/btf_dump: typedef_data:OK
#33/13   btf_dump/btf_dump: enum_data:OK
#33/14   btf_dump/btf_dump: struct_data:OK
#33/15   btf_dump/btf_dump: var_data:OK
#33/16   btf_dump/btf_dump: datasec_data:OK
#33      btf_dump:OK
#34      btf_endian:OK
#35      btf_field_iter:OK
#36/1    btf_map_in_map/lookup_update:OK
#36/2    btf_map_in_map/diff_size:OK
#36      btf_map_in_map:OK
#37      btf_module:OK
#38/1    btf_skc_cls_ingress/conn_ipv4:OK
#38/2    btf_skc_cls_ingress/conn_ipv6:OK
#38/3    btf_skc_cls_ingress/conn_dual:OK
#38/4    btf_skc_cls_ingress/syncookie_ipv4:OK
#38/5    btf_skc_cls_ingress/syncookie_ipv6:OK
#38/6    btf_skc_cls_ingress/syncookie_dual:OK
#38      btf_skc_cls_ingress:OK
#39      btf_split:OK
#40/1    btf_tag/btf_decl_tag:OK
#40/2    btf_tag/btf_type_tag:OK
#40/3    btf_tag/btf_type_tag_user_mod1:OK
#40/4    btf_tag/btf_type_tag_user_mod2:OK
#40/5    btf_tag/btf_type_tag_sys_user_vmlinux:OK
#40/6    btf_tag/btf_type_tag_percpu_mod1:OK
#40/7    btf_tag/btf_type_tag_percpu_mod2:OK
#40/8    btf_tag/btf_type_tag_percpu_vmlinux_load:OK
#40/9    btf_tag/btf_type_tag_percpu_vmlinux_helper:OK
#40      btf_tag:OK
#41/1    btf_write/btf_add:OK
#41/2    btf_write/btf_add_btf:OK
#41      btf_write:OK
#42/1    build_id/nofault-paged-out:OK
#42/2    build_id/nofault-paged-in:OK
#42/3    build_id/sleepable:OK
#42      build_id:OK
#43      cb_refs:OK
#44/1    cg_storage_multi/egress_only:OK
#44/2    cg_storage_multi/isolated:OK
#44/3    cg_storage_multi/shared:OK
#44      cg_storage_multi:OK
#45/1    cgroup1_hierarchy/test_cgroup1_hierarchy:OK
#45/2    cgroup1_hierarchy/test_root_cgid:OK
#45/3    cgroup1_hierarchy/test_invalid_level:OK
#45/4    cgroup1_hierarchy/test_invalid_cgid:OK
#45/5    cgroup1_hierarchy/test_invalid_hid:OK
#45/6    cgroup1_hierarchy/test_invalid_cgrp_name:OK
#45/7    cgroup1_hierarchy/test_invalid_cgrp_name2:OK
#45/8    cgroup1_hierarchy/test_sleepable_prog:OK
#45      cgroup1_hierarchy:OK
#46      cgroup_ancestor:OK
#47      cgroup_attach_autodetach:OK
#48      cgroup_attach_multi:OK
#49      cgroup_attach_override:OK
#50/1    cgroup_dev/allow-mknod:OK
#50/2    cgroup_dev/allow-read:OK
#50/3    cgroup_dev/allow-write:OK
#50/4    cgroup_dev/deny-mknod:OK
#50/5    cgroup_dev/deny-read:OK
#50/6    cgroup_dev/deny-write:OK
#50/7    cgroup_dev/deny-mknod-wrong-type:OK
#50      cgroup_dev:OK
#51      cgroup_get_current_cgroup_id:OK
#52/1    cgroup_getset_retval/setsockopt-set:OK
#52/2    cgroup_getset_retval/setsockopt-set_and_get:OK
#52/3    cgroup_getset_retval/setsockopt-default_zero:OK
#52/4    cgroup_getset_retval/setsockopt-default_zero_and_set:OK
#52/5    cgroup_getset_retval/setsockopt-override:OK
#52/6    cgroup_getset_retval/setsockopt-legacy_eperm:OK
#52/7    cgroup_getset_retval/setsockopt-legacy_no_override:OK
#52/8    cgroup_getset_retval/getsockopt-get:OK
#52/9    cgroup_getset_retval/getsockopt-override:OK
#52/10   cgroup_getset_retval/getsockopt-retval_sync:OK
#52/11   cgroup_getset_retval/exposed_hooks:OK
#52      cgroup_getset_retval:OK
#53      cgroup_hierarchical_stats:OK
#54/1    cgroup_iter/cgroup_iter__invalid_cgroup:OK
#54/2    cgroup_iter/cgroup_iter__invalid_cgroup_spec:OK
#54/3    cgroup_iter/cgroup_iter__preorder:OK
#54/4    cgroup_iter/cgroup_iter__postorder:OK
#54/5    cgroup_iter/cgroup_iter__ancestors_up_walk:OK
#54/6    cgroup_iter/cgroup_iter__early_termination:OK
#54/7    cgroup_iter/cgroup_iter__self_only:OK
#54/8    cgroup_iter/cgroup_iter__dead_self_only:OK
#54/9    cgroup_iter/cgroup_iter__self_only_css_task:OK
#54      cgroup_iter:OK
#55      cgroup_link:OK
#56      cgroup_skb_prog_run_direct_packet_access:OK
#57      cgroup_skb_sk_lookup:OK
#58      cgroup_storage:OK
#59      cgroup_tcp_skb:OK
#60      cgroup_v1v2:OK
#61/1    cgrp_kfunc/test_cgrp_acquire_release_argument:OK
#61/2    cgrp_kfunc/test_cgrp_acquire_leave_in_map:OK
#61/3    cgrp_kfunc/test_cgrp_xchg_release:OK
#61/4    cgrp_kfunc/test_cgrp_get_release:OK
#61/5    cgrp_kfunc/test_cgrp_get_ancestors:OK
#61/6    cgrp_kfunc/test_cgrp_from_id:OK
#61/7    cgrp_kfunc/cgrp_kfunc_acquire_untrusted:OK
#61/8    cgrp_kfunc/cgrp_kfunc_acquire_no_null_check:OK
#61/9    cgrp_kfunc/cgrp_kfunc_acquire_fp:OK
#61/10   cgrp_kfunc/cgrp_kfunc_acquire_trusted_walked:OK
#61/11   cgrp_kfunc/cgrp_kfunc_acquire_null:OK
#61/12   cgrp_kfunc/cgrp_kfunc_acquire_unreleased:OK
#61/13   cgrp_kfunc/cgrp_kfunc_xchg_unreleased:OK
#61/14   cgrp_kfunc/cgrp_kfunc_rcu_get_release:OK
#61/15   cgrp_kfunc/cgrp_kfunc_release_untrusted:OK
#61/16   cgrp_kfunc/cgrp_kfunc_release_fp:OK
#61/17   cgrp_kfunc/cgrp_kfunc_release_null:OK
#61/18   cgrp_kfunc/cgrp_kfunc_release_unacquired:OK
#61/19   cgrp_kfunc/cgrp_kfunc_acquire_unsafe_kretprobe:OK
#61      cgrp_kfunc:OK
#62/1    cgrp_local_storage/tp_btf:OK
#62/2    cgrp_local_storage/attach_cgroup:OK
#62/3    cgrp_local_storage/recursion:OK
#62/4    cgrp_local_storage/negative:OK
#62/5    cgrp_local_storage/cgroup_iter_sleepable:OK
#62/6    cgrp_local_storage/yes_rcu_lock:OK
#62/7    cgrp_local_storage/no_rcu_lock:OK
#62/8    cgrp_local_storage/cgrp1_tp_btf:OK
#62/9    cgrp_local_storage/cgrp1_recursion:OK
#62/10   cgrp_local_storage/cgrp1_negative:OK
#62/11   cgrp_local_storage/cgrp1_iter_sleepable:OK
#62/12   cgrp_local_storage/cgrp1_yes_rcu_lock:OK
#62/13   cgrp_local_storage/cgrp1_no_rcu_lock:OK
#62      cgrp_local_storage:OK
#63/1    changes_pkt_data_freplace/changes_pkt_data_with_changes_pkt_data:OK
#63/2    changes_pkt_data_freplace/changes_pkt_data_with_does_not_change_pkt_data:OK
#63/3    changes_pkt_data_freplace/does_not_change_pkt_data_with_changes_pkt_data:OK
#63/4    changes_pkt_data_freplace/does_not_change_pkt_data_with_does_not_change_pkt_data:OK
#63/5    changes_pkt_data_freplace/main_changes_with_changes_pkt_data:OK
#63/6    changes_pkt_data_freplace/main_changes_with_does_not_change_pkt_data:OK
#63/7    changes_pkt_data_freplace/main_does_not_change_with_changes_pkt_data:OK
#63/8    changes_pkt_data_freplace/main_does_not_change_with_does_not_change_pkt_data:OK
#63      changes_pkt_data_freplace:OK
#64/1    check_mtu/bpf_check_mtu XDP-attach:OK
#64/2    check_mtu/bpf_check_mtu XDP-run:OK
#64/3    check_mtu/bpf_check_mtu XDP-run ifindex-lookup:OK
#64/4    check_mtu/bpf_check_mtu TC-run:OK
#64/5    check_mtu/bpf_check_mtu TC-run ifindex-lookup:OK
#64      check_mtu:OK
#65/1    cls_redirect/cls_redirect_inlined:OK
#65/2    cls_redirect/IPv4 TCP accept unknown (no hops, flags: SYN):OK
#65/3    cls_redirect/IPv6 TCP accept unknown (no hops, flags: SYN):OK
#65/4    cls_redirect/IPv4 TCP accept unknown (no hops, flags: ACK):OK
#65/5    cls_redirect/IPv6 TCP accept unknown (no hops, flags: ACK):OK
#65/6    cls_redirect/IPv4 TCP forward unknown (one hop, flags: ACK):OK
#65/7    cls_redirect/IPv6 TCP forward unknown (one hop, flags: ACK):OK
#65/8    cls_redirect/IPv4 TCP accept known (one hop, flags: ACK):OK
#65/9    cls_redirect/IPv6 TCP accept known (one hop, flags: ACK):OK
#65/10   cls_redirect/IPv4 UDP accept unknown (no hops, flags: none):OK
#65/11   cls_redirect/IPv6 UDP accept unknown (no hops, flags: none):OK
#65/12   cls_redirect/IPv4 UDP forward unknown (one hop, flags: none):OK
#65/13   cls_redirect/IPv6 UDP forward unknown (one hop, flags: none):OK
#65/14   cls_redirect/IPv4 UDP accept known (one hop, flags: none):OK
#65/15   cls_redirect/IPv6 UDP accept known (one hop, flags: none):OK
#65/16   cls_redirect/cls_redirect_subprogs:OK
#65/17   cls_redirect/IPv4 TCP accept unknown (no hops, flags: SYN):OK
#65/18   cls_redirect/IPv6 TCP accept unknown (no hops, flags: SYN):OK
#65/19   cls_redirect/IPv4 TCP accept unknown (no hops, flags: ACK):OK
#65/20   cls_redirect/IPv6 TCP accept unknown (no hops, flags: ACK):OK
#65/21   cls_redirect/IPv4 TCP forward unknown (one hop, flags: ACK):OK
#65/22   cls_redirect/IPv6 TCP forward unknown (one hop, flags: ACK):OK
#65/23   cls_redirect/IPv4 TCP accept known (one hop, flags: ACK):OK
#65/24   cls_redirect/IPv6 TCP accept known (one hop, flags: ACK):OK
#65/25   cls_redirect/IPv4 UDP accept unknown (no hops, flags: none):OK
#65/26   cls_redirect/IPv6 UDP accept unknown (no hops, flags: none):OK
#65/27   cls_redirect/IPv4 UDP forward unknown (one hop, flags: none):OK
#65/28   cls_redirect/IPv6 UDP forward unknown (one hop, flags: none):OK
#65/29   cls_redirect/IPv4 UDP accept known (one hop, flags: none):OK
#65/30   cls_redirect/IPv6 UDP accept known (one hop, flags: none):OK
#65/31   cls_redirect/cls_redirect_dynptr:OK
#65/32   cls_redirect/IPv4 TCP accept unknown (no hops, flags: SYN):OK
#65/33   cls_redirect/IPv6 TCP accept unknown (no hops, flags: SYN):OK
#65/34   cls_redirect/IPv4 TCP accept unknown (no hops, flags: ACK):OK
#65/35   cls_redirect/IPv6 TCP accept unknown (no hops, flags: ACK):OK
#65/36   cls_redirect/IPv4 TCP forward unknown (one hop, flags: ACK):OK
#65/37   cls_redirect/IPv6 TCP forward unknown (one hop, flags: ACK):OK
#65/38   cls_redirect/IPv4 TCP accept known (one hop, flags: ACK):OK
#65/39   cls_redirect/IPv6 TCP accept known (one hop, flags: ACK):OK
#65/40   cls_redirect/IPv4 UDP accept unknown (no hops, flags: none):OK
#65/41   cls_redirect/IPv6 UDP accept unknown (no hops, flags: none):OK
#65/42   cls_redirect/IPv4 UDP forward unknown (one hop, flags: none):OK
#65/43   cls_redirect/IPv6 UDP forward unknown (one hop, flags: none):OK
#65/44   cls_redirect/IPv4 UDP accept known (one hop, flags: none):OK
#65/45   cls_redirect/IPv6 UDP accept known (one hop, flags: none):OK
#65      cls_redirect:OK
#66      connect_force_port:OK
#67/1    connect_ping/ipv4:OK
#67/2    connect_ping/ipv4-bind:OK
#67/3    connect_ping/ipv6:OK
#67/4    connect_ping/ipv6-bind:OK
#67      connect_ping:OK
#68      core_autosize:OK
#69/1    core_extern/default search path:OK
#69/2    core_extern/custom values:OK
#69/3    core_extern/tristate (y):OK
#69/4    core_extern/tristate (n):OK
#69/5    core_extern/tristate (m):OK
#69/6    core_extern/tristate (int):OK
#69/7    core_extern/tristate (bad):OK
#69/8    core_extern/bool (y):OK
#69/9    core_extern/bool (n):OK
#69/10   core_extern/bool (tristate):OK
#69/11   core_extern/bool (int):OK
#69/12   core_extern/char (tristate):OK
#69/13   core_extern/char (bad):OK
#69/14   core_extern/char (empty):OK
#69/15   core_extern/char (str):OK
#69/16   core_extern/str (empty):OK
#69/17   core_extern/str (padded):OK
#69/18   core_extern/str (too long):OK
#69/19   core_extern/str (no value):OK
#69/20   core_extern/str (bad value):OK
#69/21   core_extern/integer forms:OK
#69/22   core_extern/int (bad):OK
#69/23   core_extern/int (str):OK
#69/24   core_extern/int (empty):OK
#69/25   core_extern/int (mixed):OK
#69/26   core_extern/int (max):OK
#69/27   core_extern/int (min):OK
#69/28   core_extern/int (max+1):OK
#69/29   core_extern/int (min-1):OK
#69/30   core_extern/ushort (max):OK
#69/31   core_extern/ushort (min):OK
#69/32   core_extern/ushort (max+1):OK
#69/33   core_extern/ushort (min-1):OK
#69/34   core_extern/u64 (max):OK
#69/35   core_extern/u64 (min):OK
#69/36   core_extern/u64 (max+1):OK
#69      core_extern:OK
#70      core_kern_lskel:OK
#71      core_kern_overflow_lskel:OK
#72      core_read_macros:OK
#73/1    core_reloc/kernel:OK
#73/2    core_reloc/module_probed:OK
#73/3    core_reloc/module_direct:OK
#73/4    core_reloc/flavors:OK
#73/5    core_reloc/flavors__err_wrong_name:OK
#73/6    core_reloc/nesting:OK
#73/7    core_reloc/nesting___anon_embed:OK
#73/8    core_reloc/nesting___struct_union_mixup:OK
#73/9    core_reloc/nesting___extra_nesting:OK
#73/10   core_reloc/nesting___dup_compat_types:OK
#73/11   core_reloc/nesting___err_missing_field:OK
#73/12   core_reloc/nesting___err_array_field:OK
#73/13   core_reloc/nesting___err_missing_container:OK
#73/14   core_reloc/nesting___err_nonstruct_container:OK
#73/15   core_reloc/nesting___err_array_container:OK
#73/16   core_reloc/nesting___err_dup_incompat_types:OK
#73/17   core_reloc/nesting___err_partial_match_dups:OK
#73/18   core_reloc/nesting___err_too_deep:OK
#73/19   core_reloc/arrays:OK
#73/20   core_reloc/arrays___diff_arr_dim:OK
#73/21   core_reloc/arrays___diff_arr_val_sz:OK
#73/22   core_reloc/arrays___equiv_zero_sz_arr:OK
#73/23   core_reloc/arrays___fixed_arr:OK
#73/24   core_reloc/arrays___err_too_small:OK
#73/25   core_reloc/arrays___err_too_shallow:OK
#73/26   core_reloc/arrays___err_non_array:OK
#73/27   core_reloc/arrays___err_wrong_val_type:OK
#73/28   core_reloc/arrays___err_bad_zero_sz_arr:OK
#73/29   core_reloc/primitives:OK
#73/30   core_reloc/primitives___diff_enum_def:OK
#73/31   core_reloc/primitives___diff_func_proto:OK
#73/32   core_reloc/primitives___diff_ptr_type:OK
#73/33   core_reloc/primitives___err_non_enum:OK
#73/34   core_reloc/primitives___err_non_int:OK
#73/35   core_reloc/primitives___err_non_ptr:OK
#73/36   core_reloc/mods:OK
#73/37   core_reloc/mods___mod_swap:OK
#73/38   core_reloc/mods___typedefs:OK
#73/39   core_reloc/ptr_as_arr:OK
#73/40   core_reloc/ptr_as_arr___diff_sz:OK
#73/41   core_reloc/ints:OK
#73/42   core_reloc/ints___bool:OK
#73/43   core_reloc/ints___reverse_sign:OK
#73/44   core_reloc/misc:OK
#73/45   core_reloc/existence:OK
#73/46   core_reloc/existence___minimal:OK
#73/47   core_reloc/existence___wrong_field_defs:OK
#73/48   core_reloc/probed:bitfields:OK
#73/49   core_reloc/direct:bitfields:OK
#73/50   core_reloc/probed:bitfields___bit_sz_change:OK
#73/51   core_reloc/direct:bitfields___bit_sz_change:OK
#73/52   core_reloc/probed:bitfields___bitfield_vs_int:OK
#73/53   core_reloc/direct:bitfields___bitfield_vs_int:OK
#73/54   core_reloc/probed:bitfields___just_big_enough:OK
#73/55   core_reloc/direct:bitfields___just_big_enough:OK
#73/56   core_reloc/probed:bitfields___err_too_big_bitfield:OK
#73/57   core_reloc/direct:bitfields___err_too_big_bitfield:OK
#73/58   core_reloc/size:OK
#73/59   core_reloc/size___diff_sz:OK
#73/60   core_reloc/size___diff_offs:OK
#73/61   core_reloc/size___err_ambiguous:OK
#73/62   core_reloc/type_based:OK
#73/63   core_reloc/type_based___all_missing:OK
#73/64   core_reloc/type_based___diff:OK
#73/65   core_reloc/type_based___diff_sz:OK
#73/66   core_reloc/type_based___incompat:OK
#73/67   core_reloc/type_based___fn_wrong_args:OK
#73/68   core_reloc/type_id:OK
#73/69   core_reloc/type_id___missing_targets:OK
#73/70   core_reloc/enumval:OK
#73/71   core_reloc/enumval___diff:OK
#73/72   core_reloc/enumval___val3_missing:OK
#73/73   core_reloc/enumval___err_missing:OK
#73/74   core_reloc/enum64val:OK
#73/75   core_reloc/enum64val___diff:OK
#73/76   core_reloc/enum64val___val3_missing:OK
#73/77   core_reloc/enum64val___err_missing:OK
#73      core_reloc:OK
#74/1    core_reloc_btfgen/kernel:SKIP
#74/2    core_reloc_btfgen/module_probed:SKIP
#74/3    core_reloc_btfgen/module_direct:SKIP
#74/4    core_reloc_btfgen/flavors:OK
#74/5    core_reloc_btfgen/flavors__err_wrong_name:OK
#74/6    core_reloc_btfgen/nesting:OK
#74/7    core_reloc_btfgen/nesting___anon_embed:OK
#74/8    core_reloc_btfgen/nesting___struct_union_mixup:OK
#74/9    core_reloc_btfgen/nesting___extra_nesting:OK
#74/10   core_reloc_btfgen/nesting___dup_compat_types:OK
#74/11   core_reloc_btfgen/nesting___err_missing_field:SKIP
#74/12   core_reloc_btfgen/nesting___err_array_field:SKIP
#74/13   core_reloc_btfgen/nesting___err_missing_container:SKIP
#74/14   core_reloc_btfgen/nesting___err_nonstruct_container:SKIP
#74/15   core_reloc_btfgen/nesting___err_array_container:SKIP
#74/16   core_reloc_btfgen/nesting___err_dup_incompat_types:SKIP
#74/17   core_reloc_btfgen/nesting___err_partial_match_dups:SKIP
#74/18   core_reloc_btfgen/nesting___err_too_deep:SKIP
#74/19   core_reloc_btfgen/arrays:OK
#74/20   core_reloc_btfgen/arrays___diff_arr_dim:OK
#74/21   core_reloc_btfgen/arrays___diff_arr_val_sz:OK
#74/22   core_reloc_btfgen/arrays___equiv_zero_sz_arr:OK
#74/23   core_reloc_btfgen/arrays___fixed_arr:OK
#74/24   core_reloc_btfgen/arrays___err_too_small:OK
#74/25   core_reloc_btfgen/arrays___err_too_shallow:OK
#74/26   core_reloc_btfgen/arrays___err_non_array:OK
#74/27   core_reloc_btfgen/arrays___err_wrong_val_type:OK
#74/28   core_reloc_btfgen/arrays___err_bad_zero_sz_arr:OK
#74/29   core_reloc_btfgen/primitives:OK
#74/30   core_reloc_btfgen/primitives___diff_enum_def:OK
#74/31   core_reloc_btfgen/primitives___diff_func_proto:OK
#74/32   core_reloc_btfgen/primitives___diff_ptr_type:OK
#74/33   core_reloc_btfgen/primitives___err_non_enum:OK
#74/34   core_reloc_btfgen/primitives___err_non_int:OK
#74/35   core_reloc_btfgen/primitives___err_non_ptr:OK
#74/36   core_reloc_btfgen/mods:OK
#74/37   core_reloc_btfgen/mods___mod_swap:OK
#74/38   core_reloc_btfgen/mods___typedefs:OK
#74/39   core_reloc_btfgen/ptr_as_arr:OK
#74/40   core_reloc_btfgen/ptr_as_arr___diff_sz:OK
#74/41   core_reloc_btfgen/ints:OK
#74/42   core_reloc_btfgen/ints___bool:OK
#74/43   core_reloc_btfgen/ints___reverse_sign:OK
#74/44   core_reloc_btfgen/misc:OK
#74/45   core_reloc_btfgen/existence:OK
#74/46   core_reloc_btfgen/existence___minimal:OK
#74/47   core_reloc_btfgen/existence___wrong_field_defs:OK
#74/48   core_reloc_btfgen/probed:bitfields:OK
#74/49   core_reloc_btfgen/direct:bitfields:OK
#74/50   core_reloc_btfgen/probed:bitfields___bit_sz_change:OK
#74/51   core_reloc_btfgen/direct:bitfields___bit_sz_change:OK
#74/52   core_reloc_btfgen/probed:bitfields___bitfield_vs_int:OK
#74/53   core_reloc_btfgen/direct:bitfields___bitfield_vs_int:OK
#74/54   core_reloc_btfgen/probed:bitfields___just_big_enough:OK
#74/55   core_reloc_btfgen/direct:bitfields___just_big_enough:OK
#74/56   core_reloc_btfgen/probed:bitfields___err_too_big_bitfield:SKIP
#74/57   core_reloc_btfgen/direct:bitfields___err_too_big_bitfield:SKIP
#74/58   core_reloc_btfgen/size:OK
#74/59   core_reloc_btfgen/size___diff_sz:OK
#74/60   core_reloc_btfgen/size___diff_offs:OK
#74/61   core_reloc_btfgen/size___err_ambiguous:SKIP
#74/62   core_reloc_btfgen/type_based:OK
#74/63   core_reloc_btfgen/type_based___all_missing:OK
#74/64   core_reloc_btfgen/type_based___diff:OK
#74/65   core_reloc_btfgen/type_based___diff_sz:OK
#74/66   core_reloc_btfgen/type_based___incompat:OK
#74/67   core_reloc_btfgen/type_based___fn_wrong_args:OK
#74/68   core_reloc_btfgen/type_id:OK
#74/69   core_reloc_btfgen/type_id___missing_targets:OK
#74/70   core_reloc_btfgen/enumval:OK
#74/71   core_reloc_btfgen/enumval___diff:OK
#74/72   core_reloc_btfgen/enumval___val3_missing:OK
#74/73   core_reloc_btfgen/enumval___err_missing:OK
#74/74   core_reloc_btfgen/enum64val:OK
#74/75   core_reloc_btfgen/enum64val___diff:OK
#74/76   core_reloc_btfgen/enum64val___val3_missing:OK
#74/77   core_reloc_btfgen/enum64val___err_missing:OK
#74      core_reloc_btfgen:OK (SKIP: 14/77)
#75/1    core_reloc_raw/bad_local_id:OK
#75      core_reloc_raw:OK
#76      core_retro:OK
#77      cpu_mask:OK
#78/1    cpumask/test_alloc_free_cpumask:OK
#78/2    cpumask/test_set_clear_cpu:OK
#78/3    cpumask/test_setall_clear_cpu:OK
#78/4    cpumask/test_first_firstzero_cpu:OK
#78/5    cpumask/test_firstand_nocpu:OK
#78/6    cpumask/test_test_and_set_clear:OK
#78/7    cpumask/test_and_or_xor:OK
#78/8    cpumask/test_intersects_subset:OK
#78/9    cpumask/test_copy_any_anyand:OK
#78/10   cpumask/test_insert_leave:OK
#78/11   cpumask/test_insert_remove_release:OK
#78/12   cpumask/test_global_mask_rcu:OK
#78/13   cpumask/test_global_mask_array_one_rcu:OK
#78/14   cpumask/test_global_mask_array_rcu:OK
#78/15   cpumask/test_global_mask_array_l2_rcu:OK
#78/16   cpumask/test_global_mask_nested_rcu:OK
#78/17   cpumask/test_global_mask_nested_deep_rcu:OK
#78/18   cpumask/test_global_mask_nested_deep_array_rcu:OK
#78/19   cpumask/test_cpumask_weight:OK
#78/20   cpumask/test_alloc_free_cpumask:OK
#78/21   cpumask/test_set_clear_cpu:OK
#78/22   cpumask/test_setall_clear_cpu:OK
#78/23   cpumask/test_first_firstzero_cpu:OK
#78/24   cpumask/test_firstand_nocpu:OK
#78/25   cpumask/test_test_and_set_clear:OK
#78/26   cpumask/test_and_or_xor:OK
#78/27   cpumask/test_intersects_subset:OK
#78/28   cpumask/test_copy_any_anyand:OK
#78/29   cpumask/test_insert_leave:OK
#78/30   cpumask/test_insert_remove_release:OK
#78/31   cpumask/test_global_mask_rcu:OK
#78/32   cpumask/test_global_mask_array_one_rcu:OK
#78/33   cpumask/test_global_mask_array_rcu:OK
#78/34   cpumask/test_global_mask_array_l2_rcu:OK
#78/35   cpumask/test_global_mask_nested_rcu:OK
#78/36   cpumask/test_global_mask_nested_deep_rcu:OK
#78/37   cpumask/test_global_mask_nested_deep_array_rcu:OK
#78/38   cpumask/test_cpumask_weight:OK
#78/39   cpumask/test_refcount_null_tracking:OK
#78/40   cpumask/test_alloc_no_release:OK
#78/41   cpumask/test_alloc_double_release:OK
#78/42   cpumask/test_acquire_wrong_cpumask:OK
#78/43   cpumask/test_mutate_cpumask:OK
#78/44   cpumask/test_insert_remove_no_release:OK
#78/45   cpumask/test_cpumask_null:OK
#78/46   cpumask/test_global_mask_out_of_rcu:OK
#78/47   cpumask/test_global_mask_no_null_check:OK
#78/48   cpumask/test_global_mask_rcu_no_null_check:OK
#78/49   cpumask/test_invalid_nested_array:OK
#78      cpumask:OK
#79/1    crypto_basic/crypto_release:OK
#79/2    crypto_basic/crypto_acquire:OK
#79      crypto_basic:OK
#80      crypto_sanity:OK
#81/1    ctx_rewrite/SCHED_CLS.tstamp:OK
#81/2    ctx_rewrite/SCHED_CLS.priority:OK
#81/3    ctx_rewrite/SCHED_CLS.mark:OK
#81/4    ctx_rewrite/SCHED_CLS.cb[0]:OK
#81/5    ctx_rewrite/SCHED_CLS.tc_classid:OK
#81/6    ctx_rewrite/SCHED_CLS.tc_index:OK
#81/7    ctx_rewrite/SCHED_CLS.queue_mapping:OK
#81/8    ctx_rewrite/SCHED_CLS.queue_mapping.ushrt_max:OK
#81/9    ctx_rewrite/CGROUP_SOCK.bound_dev_if:OK
#81/10   ctx_rewrite/CGROUP_SOCK.mark:OK
#81/11   ctx_rewrite/CGROUP_SOCK.priority:OK
#81/12   ctx_rewrite/SOCK_OPS.replylong[0]:OK
#81/13   ctx_rewrite/CGROUP_SYSCTL.file_pos:OK
#81/14   ctx_rewrite/CGROUP_SOCKOPT.sk:OK
#81/15   ctx_rewrite/CGROUP_SOCKOPT.level:OK
#81/16   ctx_rewrite/CGROUP_SOCKOPT.optname:OK
#81/17   ctx_rewrite/CGROUP_SOCKOPT.optlen:OK
#81/18   ctx_rewrite/CGROUP_SOCKOPT.retval:OK
#81/19   ctx_rewrite/CGROUP_SOCKOPT.optval:OK
#81/20   ctx_rewrite/CGROUP_SOCKOPT.optval_end:OK
#81      ctx_rewrite:OK
#82      custom_sec_handlers:OK
#83/1    d_path/basic:OK
#83/2    d_path/check_rdonly_mem:OK
#83/3    d_path/check_alloc_mem:OK
#83      d_path:OK
#84      decap_sanity:OK
#85/1    deny_namespace/unpriv_userns_create_no_bpf:OK
#85/2    deny_namespace/userns_create_bpf:OK
#85      deny_namespace:OK
#86/1    dummy_st_ops/dummy_st_ops_attach:OK
#86/2    dummy_st_ops/dummy_init_ret_value:OK
#86/3    dummy_st_ops/dummy_init_ptr_arg:OK
#86/4    dummy_st_ops/dummy_multiple_args:OK
#86/5    dummy_st_ops/dummy_sleepable:OK
#86/6    dummy_st_ops/dummy_sleepable_reject_null:OK
#86/7    dummy_st_ops/test_unsupported_field_sleepable:OK
#86      dummy_st_ops:OK
#87/1    dynptr/test_read_write:OK
#87/2    dynptr/test_dynptr_data:OK
#87/3    dynptr/test_ringbuf:OK
#87/4    dynptr/test_skb_readonly:OK
#87/5    dynptr/test_dynptr_skb_data:OK
#87/6    dynptr/test_adjust:OK
#87/7    dynptr/test_adjust_err:OK
#87/8    dynptr/test_zero_size_dynptr:OK
#87/9    dynptr/test_dynptr_is_null:OK
#87/10   dynptr/test_dynptr_is_rdonly:OK
#87/11   dynptr/test_dynptr_clone:OK
#87/12   dynptr/test_dynptr_skb_no_buff:OK
#87/13   dynptr/test_dynptr_skb_strcmp:OK
#87/14   dynptr/test_dynptr_skb_tp_btf:OK
#87/15   dynptr/ringbuf_missing_release1:OK
#87/16   dynptr/ringbuf_missing_release2:OK
#87/17   dynptr/ringbuf_missing_release_callback:OK
#87/18   dynptr/ringbuf_release_uninit_dynptr:OK
#87/19   dynptr/use_after_invalid:OK
#87/20   dynptr/ringbuf_invalid_api:OK
#87/21   dynptr/add_dynptr_to_map1:OK
#87/22   dynptr/add_dynptr_to_map2:OK
#87/23   dynptr/data_slice_out_of_bounds_ringbuf:OK
#87/24   dynptr/data_slice_out_of_bounds_map_value:OK
#87/25   dynptr/data_slice_use_after_release1:OK
#87/26   dynptr/data_slice_use_after_release2:OK
#87/27   dynptr/data_slice_missing_null_check1:OK
#87/28   dynptr/data_slice_missing_null_check2:OK
#87/29   dynptr/invalid_helper1:OK
#87/30   dynptr/invalid_helper2:OK
#87/31   dynptr/invalid_write1:OK
#87/32   dynptr/invalid_write2:OK
#87/33   dynptr/invalid_write3:OK
#87/34   dynptr/invalid_write4:OK
#87/35   dynptr/global:OK
#87/36   dynptr/invalid_read1:OK
#87/37   dynptr/invalid_read2:OK
#87/38   dynptr/invalid_read3:OK
#87/39   dynptr/invalid_read4:OK
#87/40   dynptr/invalid_offset:OK
#87/41   dynptr/release_twice:OK
#87/42   dynptr/release_twice_callback:OK
#87/43   dynptr/dynptr_from_mem_invalid_api:OK
#87/44   dynptr/dynptr_overwrite_unref:OK
#87/45   dynptr/dynptr_invalidate_slice_reinit:OK
#87/46   dynptr/dynptr_invalidate_slice_or_null:OK
#87/47   dynptr/dynptr_invalidate_slice_failure:OK
#87/48   dynptr/dynptr_invalidate_slice_success:OK
#87/49   dynptr/dynptr_overwrite_ref:OK
#87/50   dynptr/dynptr_read_into_slot:OK
#87/51   dynptr/skb_invalid_ctx:OK
#87/52   dynptr/uninit_write_into_slot:OK
#87/53   dynptr/xdp_invalid_ctx:OK
#87/54   dynptr/invalid_data_slices:OK
#87/55   dynptr/dynptr_adjust_invalid:OK
#87/56   dynptr/dynptr_is_null_invalid:OK
#87/57   dynptr/dynptr_is_rdonly_invalid:OK
#87/58   dynptr/dynptr_size_invalid:OK
#87/59   dynptr/clone_invalid1:OK
#87/60   dynptr/clone_invalidate1:OK
#87/61   dynptr/clone_invalidate2:OK
#87/62   dynptr/clone_invalidate3:OK
#87/63   dynptr/clone_invalidate4:OK
#87/64   dynptr/clone_invalidate5:OK
#87/65   dynptr/clone_invalidate6:OK
#87/66   dynptr/test_dynptr_reg_type:OK
#87/67   dynptr/data_slice_out_of_bounds_skb:OK
#87/68   dynptr/dynptr_pruning_overwrite:OK
#87/69   dynptr/dynptr_pruning_stacksafe:OK
#87/70   dynptr/dynptr_pruning_type_confusion:OK
#87/71   dynptr/dynptr_var_off_overwrite:OK
#87/72   dynptr/dynptr_partial_slot_invalidate:OK
#87/73   dynptr/skb_invalid_slice_write:OK
#87/74   dynptr/skb_invalid_data_slice1:OK
#87/75   dynptr/skb_invalid_data_slice2:OK
#87/76   dynptr/skb_invalid_data_slice3:OK
#87/77   dynptr/skb_invalid_data_slice4:OK
#87/78   dynptr/dynptr_slice_var_len1:OK
#87/79   dynptr/dynptr_slice_var_len2:OK
#87/80   dynptr/clone_skb_packet_data:OK
#87/81   dynptr/xdp_invalid_data_slice1:OK
#87/82   dynptr/xdp_invalid_data_slice2:OK
#87/83   dynptr/clone_invalid2:OK
#87/84   dynptr/clone_xdp_packet_data:OK
#87/85   dynptr/skb_invalid_ctx_fentry:OK
#87/86   dynptr/skb_invalid_ctx_fexit:OK
#87/87   dynptr/invalid_slice_rdwr_rdonly:OK
#87/88   dynptr/test_dynptr_skb_small_buff:OK
#87      dynptr:OK
#88      empty_skb:OK
#89      enable_stats:OK
#90      endian:OK
#91/1    exceptions/exception_throw_always_1:OK
#91/2    exceptions/exception_throw_always_2:OK
#91/3    exceptions/exception_throw_unwind_1:OK
#91/4    exceptions/exception_throw_unwind_2:OK
#91/5    exceptions/exception_throw_default:OK
#91/6    exceptions/exception_throw_default_value:OK
#91/7    exceptions/exception_tail_call:OK
#91/8    exceptions/exception_ext:OK
#91/9    exceptions/exception_ext_mod_cb_runtime:OK
#91/10   exceptions/exception_throw_subprog:OK
#91/11   exceptions/exception_assert_nz_gfunc:OK
#91/12   exceptions/exception_assert_zero_gfunc:OK
#91/13   exceptions/exception_assert_neg_gfunc:OK
#91/14   exceptions/exception_assert_pos_gfunc:OK
#91/15   exceptions/exception_assert_negeq_gfunc:OK
#91/16   exceptions/exception_assert_poseq_gfunc:OK
#91/17   exceptions/exception_assert_nz_gfunc_with:OK
#91/18   exceptions/exception_assert_zero_gfunc_with:OK
#91/19   exceptions/exception_assert_neg_gfunc_with:OK
#91/20   exceptions/exception_assert_pos_gfunc_with:OK
#91/21   exceptions/exception_assert_negeq_gfunc_with:OK
#91/22   exceptions/exception_assert_poseq_gfunc_with:OK
#91/23   exceptions/exception_bad_assert_nz_gfunc:OK
#91/24   exceptions/exception_bad_assert_zero_gfunc:OK
#91/25   exceptions/exception_bad_assert_neg_gfunc:OK
#91/26   exceptions/exception_bad_assert_pos_gfunc:OK
#91/27   exceptions/exception_bad_assert_negeq_gfunc:OK
#91/28   exceptions/exception_bad_assert_poseq_gfunc:OK
#91/29   exceptions/exception_bad_assert_nz_gfunc_with:OK
#91/30   exceptions/exception_bad_assert_zero_gfunc_with:OK
#91/31   exceptions/exception_bad_assert_neg_gfunc_with:OK
#91/32   exceptions/exception_bad_assert_pos_gfunc_with:OK
#91/33   exceptions/exception_bad_assert_negeq_gfunc_with:OK
#91/34   exceptions/exception_bad_assert_poseq_gfunc_with:OK
#91/35   exceptions/exception_assert_range:OK
#91/36   exceptions/exception_assert_range_with:OK
#91/37   exceptions/exception_bad_assert_range:OK
#91/38   exceptions/exception_bad_assert_range_with:OK
#91/39   exceptions/non-throwing fentry -> exception_cb:OK
#91/40   exceptions/throwing fentry -> exception_cb:OK
#91/41   exceptions/non-throwing fexit -> exception_cb:OK
#91/42   exceptions/throwing fexit -> exception_cb:OK
#91/43   exceptions/throwing extension (with custom cb) -> exception_cb:OK
#91/44   exceptions/throwing extension -> global func in exception_cb:OK
#91/45   exceptions/exception_ext_mod_cb_runtime:OK
#91/46   exceptions/throwing extension (with custom cb) -> global func in exception_cb:OK
#91/47   exceptions/exception_ext:OK
#91/48   exceptions/non-throwing fentry -> non-throwing subprog:OK
#91/49   exceptions/throwing fentry -> non-throwing subprog:OK
#91/50   exceptions/non-throwing fentry -> throwing subprog:OK
#91/51   exceptions/throwing fentry -> throwing subprog:OK
#91/52   exceptions/non-throwing fexit -> non-throwing subprog:OK
#91/53   exceptions/throwing fexit -> non-throwing subprog:OK
#91/54   exceptions/non-throwing fexit -> throwing subprog:OK
#91/55   exceptions/throwing fexit -> throwing subprog:OK
#91/56   exceptions/non-throwing fmod_ret -> non-throwing subprog:OK
#91/57   exceptions/non-throwing fmod_ret -> non-throwing global subprog:OK
#91/58   exceptions/non-throwing extension -> non-throwing subprog:OK
#91/59   exceptions/non-throwing extension -> throwing subprog:OK
#91/60   exceptions/non-throwing extension -> non-throwing subprog:OK
#91/61   exceptions/non-throwing extension -> throwing global subprog:OK
#91/62   exceptions/throwing extension -> throwing global subprog:OK
#91/63   exceptions/throwing extension -> non-throwing global subprog:OK
#91/64   exceptions/non-throwing extension -> main subprog:OK
#91/65   exceptions/throwing extension -> main subprog:OK
#91/66   exceptions/reject_exception_cb_type_1:OK
#91/67   exceptions/reject_exception_cb_type_2:OK
#91/68   exceptions/reject_exception_cb_type_3:OK
#91/69   exceptions/reject_exception_cb_type_4:OK
#91/70   exceptions/reject_async_callback_throw:OK
#91/71   exceptions/reject_with_lock:OK
#91/72   exceptions/reject_subprog_with_lock:OK
#91/73   exceptions/reject_with_rcu_read_lock:OK
#91/74   exceptions/reject_subprog_with_rcu_read_lock:OK
#91/75   exceptions/reject_with_rbtree_add_throw:OK
#91/76   exceptions/reject_with_reference:OK
#91/77   exceptions/reject_with_cb_reference:OK
#91/78   exceptions/reject_with_cb:OK
#91/79   exceptions/reject_with_subprog_reference:OK
#91/80   exceptions/reject_throwing_exception_cb:OK
#91/81   exceptions/reject_exception_cb_call_global_func:OK
#91/82   exceptions/reject_exception_cb_call_static_func:OK
#91/83   exceptions/reject_multiple_exception_cb:OK
#91/84   exceptions/reject_exception_throw_cb:OK
#91/85   exceptions/reject_exception_throw_cb_diff:OK
#91/86   exceptions/reject_set_exception_cb_bad_ret1:OK
#91/87   exceptions/reject_set_exception_cb_bad_ret2:OK
#91/88   exceptions/check_assert_eq_int_min:OK
#91/89   exceptions/check_assert_eq_int_max:OK
#91/90   exceptions/check_assert_eq_zero:OK
#91/91   exceptions/check_assert_eq_llong_min:OK
#91/92   exceptions/check_assert_eq_llong_max:OK
#91/93   exceptions/check_assert_lt_pos:OK
#91/94   exceptions/check_assert_lt_zero:OK
#91/95   exceptions/check_assert_lt_neg:OK
#91/96   exceptions/check_assert_le_pos:OK
#91/97   exceptions/check_assert_le_zero:OK
#91/98   exceptions/check_assert_le_neg:OK
#91/99   exceptions/check_assert_gt_pos:OK
#91/100  exceptions/check_assert_gt_zero:OK
#91/101  exceptions/check_assert_gt_neg:OK
#91/102  exceptions/check_assert_ge_pos:OK
#91/103  exceptions/check_assert_ge_zero:OK
#91/104  exceptions/check_assert_ge_neg:OK
#91/105  exceptions/check_assert_range_s64:OK
#91/106  exceptions/check_assert_range_u64:OK
#91/107  exceptions/check_assert_single_range_s64:OK
#91/108  exceptions/check_assert_single_range_u64:OK
#91/109  exceptions/check_assert_generic:OK
#91/110  exceptions/check_assert_with_return:OK
#91      exceptions:OK
#92      exhandler:OK
#93/1    failures_wq/test_wq_init_nomap:OK
#93/2    failures_wq/test_wq_init_wrong_map:OK
#93/3    failures_wq/test_wrong_wq_pointer:OK
#93/4    failures_wq/test_wrong_wq_pointer_offset:OK
#93      failures_wq:OK
#94/1    fd_array_cnt/no-fd-array:OK
#94/2    fd_array_cnt/fd-array-ok:OK
#94/3    fd_array_cnt/fd-array-dup-input:OK
#94/4    fd_array_cnt/fd-array-ref-maps-in-array:OK
#94/5    fd_array_cnt/fd-array-ref-btfs:OK
#94/6    fd_array_cnt/fd-array-trash-input:OK
#94/7    fd_array_cnt/fd-array-2big:OK
#94      fd_array_cnt:OK
#95      fentry_attach_btf_presence:OK
#96      fentry_fexit:OK
#97/1    fentry_test/fentry:OK
#97/2    fentry_test/fentry_many_args:OK
#97      fentry_test:OK
#98/1    fexit_bpf2bpf/target_no_callees:OK
#98/2    fexit_bpf2bpf/target_yes_callees:OK
#98/3    fexit_bpf2bpf/func_replace:OK
#98/4    fexit_bpf2bpf/func_replace_verify:OK
#98/5    fexit_bpf2bpf/func_sockmap_update:OK
#98/6    fexit_bpf2bpf/func_replace_return_code:OK
#98/7    fexit_bpf2bpf/func_map_prog_compatibility:OK
#98/8    fexit_bpf2bpf/func_replace_unreliable:OK
#98/9    fexit_bpf2bpf/func_replace_multi:OK
#98/10   fexit_bpf2bpf/fmod_ret_freplace:OK
#98/11   fexit_bpf2bpf/func_replace_global_func:OK
#98/12   fexit_bpf2bpf/fentry_to_cgroup_bpf:OK
#98/13   fexit_bpf2bpf/func_replace_progmap:OK
#98      fexit_bpf2bpf:OK
#99      fexit_sleep:OK
#100     fexit_stress:OK
#101/1   fexit_test/fexit:OK
#101/2   fexit_test/fexit_many_args:OK
#101     fexit_test:OK
#102     fib_lookup:OK
#103/1   fill_link_info/kprobe_link_info:OK
#103/2   fill_link_info/kretprobe_link_info:OK
#103/3   fill_link_info/kprobe_invalid_ubuff:OK
#103/4   fill_link_info/tracepoint_link_info:OK
#103/5   fill_link_info/event_link_info:OK
#103/6   fill_link_info/uprobe_link_info:OK
#103/7   fill_link_info/uretprobe_link_info:OK
#103/8   fill_link_info/kprobe_multi_link_info:OK
#103/9   fill_link_info/kretprobe_multi_link_info:OK
#103/10  fill_link_info/kprobe_multi_invalid_ubuff:OK
#103/11  fill_link_info/uprobe_multi_link_info:OK
#103/12  fill_link_info/uretprobe_multi_link_info:OK
#103/13  fill_link_info/uprobe_multi_invalid:OK
#103     fill_link_info:OK
#104     find_vma:OK
#105/1   flow_dissector_classification/ipv4:OK
#105/2   flow_dissector_classification/ipv4_continue_dissect:OK
#105/3   flow_dissector_classification/ipip:OK
#105/4   flow_dissector_classification/gre:OK
#105/5   flow_dissector_classification/port_range:OK
#105/6   flow_dissector_classification/ipv6:OK
#105     flow_dissector_classification:OK
#106     flow_dissector_load_bytes:OK
#107     flow_dissector_namespace:OK
#108/1   flow_dissector_reattach/flow dissector prog attach, prog attach (init_net):OK
#108/2   flow_dissector_reattach/flow dissector link create, link create (init_net):OK
#108/3   flow_dissector_reattach/flow dissector prog attach, link create (init_net):OK
#108/4   flow_dissector_reattach/flow dissector link create, prog attach (init_net):OK
#108/5   flow_dissector_reattach/flow dissector link create, prog detach (init_net):OK
#108/6   flow_dissector_reattach/flow dissector prog attach, detach, query (init_net):OK
#108/7   flow_dissector_reattach/flow dissector link create, close, query (init_net):OK
#108/8   flow_dissector_reattach/flow dissector link update no old prog (init_net):OK
#108/9   flow_dissector_reattach/flow dissector link update with replace old prog (init_net):OK
#108/10  flow_dissector_reattach/flow dissector link update with same prog (init_net):OK
#108/11  flow_dissector_reattach/flow dissector link update invalid opts (init_net):OK
#108/12  flow_dissector_reattach/flow dissector link update invalid prog (init_net):OK
#108/13  flow_dissector_reattach/flow dissector link update netns gone (init_net):OK
#108/14  flow_dissector_reattach/flow dissector link get info (init_net):OK
#108/15  flow_dissector_reattach/flow dissector prog attach, prog attach:OK
#108/16  flow_dissector_reattach/flow dissector link create, link create:OK
#108/17  flow_dissector_reattach/flow dissector prog attach, link create:OK
#108/18  flow_dissector_reattach/flow dissector link create, prog attach:OK
#108/19  flow_dissector_reattach/flow dissector link create, prog detach:OK
#108/20  flow_dissector_reattach/flow dissector prog attach, detach, query:OK
#108/21  flow_dissector_reattach/flow dissector link create, close, query:OK
#108/22  flow_dissector_reattach/flow dissector link update no old prog:OK
#108/23  flow_dissector_reattach/flow dissector link update with replace old prog:OK
#108/24  flow_dissector_reattach/flow dissector link update with same prog:OK
#108/25  flow_dissector_reattach/flow dissector link update invalid opts:OK
#108/26  flow_dissector_reattach/flow dissector link update invalid prog:OK
#108/27  flow_dissector_reattach/flow dissector link update netns gone:OK
#108/28  flow_dissector_reattach/flow dissector link get info:OK
#108     flow_dissector_reattach:OK
#109/1   flow_dissector_skb/ipv4-skb:OK
#109/2   flow_dissector_skb/ipv6-skb:OK
#109/3   flow_dissector_skb/802.1q-ipv4-skb:OK
#109/4   flow_dissector_skb/802.1ad-ipv6-skb:OK
#109/5   flow_dissector_skb/ipv4-frag-skb:OK
#109/6   flow_dissector_skb/ipv4-no-frag-skb:OK
#109/7   flow_dissector_skb/ipv6-frag-skb:OK
#109/8   flow_dissector_skb/ipv6-no-frag-skb:OK
#109/9   flow_dissector_skb/ipv6-flow-label-skb:OK
#109/10  flow_dissector_skb/ipv6-no-flow-label-skb:OK
#109/11  flow_dissector_skb/ipv6-empty-flow-label-skb:OK
#109/12  flow_dissector_skb/ipip-encap-skb:OK
#109/13  flow_dissector_skb/ipip-no-encap-skb:OK
#109/14  flow_dissector_skb/ipip-encap-dissector-continue-skb:OK
#109/15  flow_dissector_skb/ip-gre-skb:OK
#109/16  flow_dissector_skb/ip-gre-no-encap-skb:OK
#109     flow_dissector_skb:OK
#110/1   flow_dissector_skb_less_direct_attach/ipv4-non-skb-direct-attach:OK
#110/2   flow_dissector_skb_less_direct_attach/ipv6-non-skb-direct-attach:OK
#110/3   flow_dissector_skb_less_direct_attach/802.1q-ipv4-non-skb-direct-attach:OK
#110/4   flow_dissector_skb_less_direct_attach/802.1ad-ipv6-non-skb-direct-attach:OK
#110/5   flow_dissector_skb_less_direct_attach/ipv4-frag-non-skb-direct-attach:OK
#110/6   flow_dissector_skb_less_direct_attach/ipv4-no-frag-non-skb-direct-attach:OK
#110/7   flow_dissector_skb_less_direct_attach/ipv6-frag-non-skb-direct-attach:OK
#110/8   flow_dissector_skb_less_direct_attach/ipv6-no-frag-non-skb-direct-attach:OK
#110/9   flow_dissector_skb_less_direct_attach/ipv6-flow-label-non-skb-direct-attach:OK
#110/10  flow_dissector_skb_less_direct_attach/ipv6-no-flow-label-non-skb-direct-attach:OK
#110/11  flow_dissector_skb_less_direct_attach/ipv6-empty-flow-label-non-skb-direct-attach:OK
#110/12  flow_dissector_skb_less_direct_attach/ipip-encap-non-skb-direct-attach:OK
#110/13  flow_dissector_skb_less_direct_attach/ipip-no-encap-non-skb-direct-attach:OK
#110/14  flow_dissector_skb_less_direct_attach/ipip-encap-dissector-continue-non-skb-direct-attach:OK
#110/15  flow_dissector_skb_less_direct_attach/ip-gre-non-skb-direct-attach:OK
#110/16  flow_dissector_skb_less_direct_attach/ip-gre-no-encap-non-skb-direct-attach:OK
#110     flow_dissector_skb_less_direct_attach:OK
#111/1   flow_dissector_skb_less_indirect_attach/ipv4-non-skb-indirect-attach:OK
#111/2   flow_dissector_skb_less_indirect_attach/ipv6-non-skb-indirect-attach:OK
#111/3   flow_dissector_skb_less_indirect_attach/802.1q-ipv4-non-skb-indirect-attach:OK
#111/4   flow_dissector_skb_less_indirect_attach/802.1ad-ipv6-non-skb-indirect-attach:OK
#111/5   flow_dissector_skb_less_indirect_attach/ipv4-frag-non-skb-indirect-attach:OK
#111/6   flow_dissector_skb_less_indirect_attach/ipv4-no-frag-non-skb-indirect-attach:OK
#111/7   flow_dissector_skb_less_indirect_attach/ipv6-frag-non-skb-indirect-attach:OK
#111/8   flow_dissector_skb_less_indirect_attach/ipv6-no-frag-non-skb-indirect-attach:OK
#111/9   flow_dissector_skb_less_indirect_attach/ipv6-flow-label-non-skb-indirect-attach:OK
#111/10  flow_dissector_skb_less_indirect_attach/ipv6-no-flow-label-non-skb-indirect-attach:OK
#111/11  flow_dissector_skb_less_indirect_attach/ipv6-empty-flow-label-non-skb-indirect-attach:OK
#111/12  flow_dissector_skb_less_indirect_attach/ipip-encap-non-skb-indirect-attach:OK
#111/13  flow_dissector_skb_less_indirect_attach/ipip-no-encap-non-skb-indirect-attach:OK
#111/14  flow_dissector_skb_less_indirect_attach/ipip-encap-dissector-continue-non-skb-indirect-attach:OK
#111/15  flow_dissector_skb_less_indirect_attach/ip-gre-non-skb-indirect-attach:OK
#111/16  flow_dissector_skb_less_indirect_attach/ip-gre-no-encap-non-skb-indirect-attach:OK
#111     flow_dissector_skb_less_indirect_attach:OK
#112/1   for_each/hash_map:OK
#112/2   for_each/array_map:OK
#112/3   for_each/write_map_key:OK
#112/4   for_each/multi_maps:OK
#112     for_each:OK
#113     free_timer:OK
#114/1   fs_kfuncs/xattr:OK
#114/2   fs_kfuncs/fsverity:SKIP
#114     fs_kfuncs:OK (SKIP: 1/2)
#115     get_branch_snapshot:SKIP
#116     get_func_args_test:OK
#117     get_func_ip_test:OK
#118     get_stack_raw_tp:OK
#119     get_stackid_cannot_attach:SKIP
#120     global_data:OK
#121     global_data_init:OK
#122     global_func_args:OK
#123     global_func_dead_code:OK
#124/1   global_map_resize/global_map_resize_bss:OK
#124/2   global_map_resize/global_map_resize_data:OK
#124/3   global_map_resize/global_map_resize_invalid:OK
#124     global_map_resize:OK
#125     hash_large_key:OK
#126/1   hashmap/generic:OK
#126/2   hashmap/multimap:OK
#126/3   hashmap/empty:OK
#126/4   hashmap/ptr_iface:OK
#126     hashmap:OK
#127     helper_restricted:OK
#128     htab_reuse:OK
#129/1   htab_update/reenter_update:OK
#129/2   htab_update/concurrent_update:OK
#129     htab_update:OK
#130     inner_array_lookup:OK
#131/1   irq/irq_save_bad_arg:OK
#131/2   irq/irq_restore_bad_arg:OK
#131/3   irq/irq_restore_missing_2:OK
#131/4   irq/irq_restore_missing_3:OK
#131/5   irq/irq_restore_missing_3_minus_2:OK
#131/6   irq/irq_restore_missing_1_subprog:OK
#131/7   irq/irq_restore_missing_2_subprog:OK
#131/8   irq/irq_restore_missing_3_subprog:OK
#131/9   irq/irq_restore_missing_3_minus_2_subprog:OK
#131/10  irq/irq_balance:OK
#131/11  irq/irq_balance_n:OK
#131/12  irq/irq_balance_subprog:OK
#131/13  irq/irq_global_subprog:OK
#131/14  irq/irq_restore_ooo:OK
#131/15  irq/irq_restore_ooo_3:OK
#131/16  irq/irq_restore_3_subprog:OK
#131/17  irq/irq_restore_4_subprog:OK
#131/18  irq/irq_restore_ooo_3_subprog:OK
#131/19  irq/irq_restore_invalid:OK
#131/20  irq/irq_save_invalid:OK
#131/21  irq/irq_restore_iter:OK
#131/22  irq/irq_save_iter:OK
#131/23  irq/irq_flag_overwrite:OK
#131/24  irq/irq_flag_overwrite_partial:OK
#131/25  irq/irq_ooo_refs_array:OK
#131/26  irq/irq_sleepable_helper:OK
#131/27  irq/irq_sleepable_kfunc:OK
#131     irq:OK
#132/1   iters/force_clang_to_emit_btf_for_externs:OK
#132/2   iters/create_and_destroy:OK
#132/3   iters/create_and_forget_to_destroy_fail:OK
#132/4   iters/destroy_without_creating_fail:OK
#132/5   iters/compromise_iter_w_direct_write_fail:OK
#132/6   iters/compromise_iter_w_direct_write_and_skip_destroy_fail:OK
#132/7   iters/compromise_iter_w_helper_write_fail:OK
#132/8   iters/leak_iter_from_subprog_fail:OK
#132/9   iters/valid_stack_reuse:OK
#132/10  iters/double_create_fail:OK
#132/11  iters/double_destroy_fail:OK
#132/12  iters/next_without_new_fail:OK
#132/13  iters/next_after_destroy_fail:OK
#132/14  iters/read_from_iter_slot_fail:OK
#132/15  iters/stacksafe_should_not_conflate_stack_spill_and_iter:OK
#132/16  iters/force_clang_to_emit_btf_for_externs:OK
#132/17  iters/consume_first_item_only:OK
#132/18  iters/missing_null_check_fail:OK
#132/19  iters/wrong_sized_read_fail:OK
#132/20  iters/simplest_loop:OK
#132/21  iters/iter_err_unsafe_c_loop:OK
#132/22  iters/iter_err_unsafe_asm_loop:OK
#132/23  iters/iter_err_too_permissive1:OK
#132/24  iters/iter_err_too_permissive2:OK
#132/25  iters/iter_err_too_permissive3:OK
#132/26  iters/delayed_read_mark:OK
#132/27  iters/delayed_precision_mark:OK
#132/28  iters/loop_state_deps1:OK
#132/29  iters/loop_state_deps2:OK
#132/30  iters/triple_continue:OK
#132/31  iters/widen_spill:OK
#132/32  iters/iter_while_loop:OK
#132/33  iters/iter_while_loop_auto_cleanup:OK
#132/34  iters/iter_for_loop:OK
#132/35  iters/iter_bpf_for_each_macro:OK
#132/36  iters/iter_bpf_for_macro:OK
#132/37  iters/iter_pragma_unroll_loop:OK
#132/38  iters/iter_manual_unroll_loop:OK
#132/39  iters/iter_multiple_sequential_loops:OK
#132/40  iters/iter_limit_cond_break_loop:OK
#132/41  iters/iter_obfuscate_counter:OK
#132/42  iters/iter_search_loop:OK
#132/43  iters/iter_array_fill:OK
#132/44  iters/iter_nested_iters:OK
#132/45  iters/iter_nested_deeply_iters:OK
#132/46  iters/iter_subprog_iters:OK
#132/47  iters/iter_tricky_but_fine:OK
#132/48  iters/iter_stack_array_loop:OK
#132/49  iters/iter_pass_iter_ptr_to_subprog:OK
#132/50  iters/checkpoint_states_deletion:OK
#132/51  iters/iter_arr_with_actual_elem_count:OK
#132/52  iters/iter_subprog_check_stacksafe:OK
#132/53  iters/iter_new_bad_arg:OK
#132/54  iters/iter_next_bad_arg:OK
#132/55  iters/iter_destroy_bad_arg:OK
#132/56  iters/iter_css_task_for_each:OK
#132/57  iters/cgroup_id_printer:OK
#132/58  iters/iter_css_task_for_each_sleep:OK
#132/59  iters/iter_next_trusted:OK
#132/60  iters/iter_next_trusted_or_null:OK
#132/61  iters/iter_next_rcu:OK
#132/62  iters/iter_next_rcu_or_null:OK
#132/63  iters/iter_next_rcu_not_trusted:OK
#132/64  iters/iter_next_ptr_mem_not_trusted:OK
#132/65  iters/testmod_seq_empty:OK
#132/66  iters/testmod_seq_full:OK
#132/67  iters/testmod_seq_truncated:OK
#132/68  iters/testmod_seq_getter_before_bad:OK
#132/69  iters/testmod_seq_getter_after_bad:OK
#132/70  iters/testmod_seq_getter_good:OK
#132/71  iters/num:OK
#132/72  iters/testmod_seq:OK
#132/73  iters/task_vma:OK
#132/74  iters/task:OK
#132/75  iters/css_task:OK
#132/76  iters/css:OK
#132/77  iters/iter_tasks_without_lock:OK
#132/78  iters/iter_css_without_lock:OK
#132/79  iters/iter_tasks_lock_and_unlock:OK
#132/80  iters/iter_css_lock_and_unlock:OK
#132/81  iters/iter_css_task_for_each:OK
#132     iters:OK
#133/1   jeq_infer_not_null/jeq_infer_not_null_ptr_to_btfid:OK
#133     jeq_infer_not_null:OK
#134     jit_probe_mem:OK
#135     kfree_skb:OK
#136/1   kfunc_call/kfunc_syscall_test_fail:OK
#136/2   kfunc_call/kfunc_syscall_test_null_fail:OK
#136/3   kfunc_call/kfunc_call_test_get_mem_fail_rdonly:OK
#136/4   kfunc_call/kfunc_call_test_get_mem_fail_use_after_free:OK
#136/5   kfunc_call/kfunc_call_test_get_mem_fail_oob:OK
#136/6   kfunc_call/kfunc_call_test_get_mem_fail_not_const:OK
#136/7   kfunc_call/kfunc_call_test_mem_acquire_fail:OK
#136/8   kfunc_call/kfunc_call_test_pointer_arg_type_mismatch:OK
#136/9   kfunc_call/kfunc_call_test1:OK
#136/10  kfunc_call/kfunc_call_test2:OK
#136/11  kfunc_call/kfunc_call_test4:OK
#136/12  kfunc_call/kfunc_call_test_ref_btf_id:OK
#136/13  kfunc_call/kfunc_call_test_get_mem:OK
#136/14  kfunc_call/kfunc_syscall_test:OK
#136/15  kfunc_call/kfunc_syscall_test_null:OK
#136/16  kfunc_call/kfunc_call_test_static_unused_arg:OK
#136/17  kfunc_call/kfunc_call_ctx:OK
#136/18  kfunc_call/subprog:OK
#136/19  kfunc_call/subprog_lskel:OK
#136/20  kfunc_call/destructive:OK
#136     kfunc_call:OK
#137/1   kfunc_dynptr_param/dynptr_data_null:OK
#137/2   kfunc_dynptr_param/not_valid_dynptr:OK
#137/3   kfunc_dynptr_param/not_ptr_to_stack:OK
#137/4   kfunc_dynptr_param/dynptr_data_null:OK
#137     kfunc_dynptr_param:OK
#138     kfunc_module_order:OK
#139/1   kfunc_param_nullable/kfunc_dynptr_nullable_test1:OK
#139/2   kfunc_param_nullable/kfunc_dynptr_nullable_test2:OK
#139/3   kfunc_param_nullable/kfunc_dynptr_nullable_test3:OK
#139     kfunc_param_nullable:OK
#140/1   kmem_cache_iter/check_task_struct:OK
#140/2   kmem_cache_iter/check_slabinfo:OK
#140/3   kmem_cache_iter/open_coded_iter:OK
#140     kmem_cache_iter:OK
#141/1   kprobe_multi_bench_attach/kernel:OK
#141/2   kprobe_multi_bench_attach/modules:OK
#141/3   kprobe_multi_bench_attach/kernel:OK
#141/4   kprobe_multi_bench_attach/modules:OK
#141     kprobe_multi_bench_attach:OK
#142/1   kprobe_multi_test/skel_api:OK
#142/2   kprobe_multi_test/link_api_addrs:OK
#142/3   kprobe_multi_test/link_api_syms:OK
#142/4   kprobe_multi_test/attach_api_pattern:OK
#142/5   kprobe_multi_test/attach_api_addrs:OK
#142/6   kprobe_multi_test/attach_api_syms:OK
#142/7   kprobe_multi_test/attach_api_fails:OK
#142/8   kprobe_multi_test/attach_override:OK
#142/9   kprobe_multi_test/session:OK
#142/10  kprobe_multi_test/session_cookie:OK
#142/11  kprobe_multi_test/unique_match:OK
#142/12  kprobe_multi_test/kprobe_session_return_0:OK
#142/13  kprobe_multi_test/kprobe_session_return_1:OK
#142/14  kprobe_multi_test/kprobe_session_return_2:OK
#142     kprobe_multi_test:OK
#143/1   kprobe_multi_testmod_test/testmod_attach_api_syms:OK
#143/2   kprobe_multi_testmod_test/testmod_attach_api_addrs:OK
#143     kprobe_multi_testmod_test:OK
#144     kptr_xchg_inline:OK
#145     ksyms:OK
#146/1   ksyms_btf/basic:OK
#146/2   ksyms_btf/null_check:OK
#146/3   ksyms_btf/weak_ksyms:OK
#146/4   ksyms_btf/weak_ksyms_lskel:OK
#146/5   ksyms_btf/write_check1:OK
#146/6   ksyms_btf/write_check2:OK
#146     ksyms_btf:OK
#147/1   ksyms_module/lskel:OK
#147/2   ksyms_module/libbpf:OK
#147     ksyms_module:OK
#148/1   l4lb_all/l4lb_inline:OK
#148/2   l4lb_all/l4lb_noinline:OK
#148/3   l4lb_all/l4lb_noinline_dynptr:OK
#148     l4lb_all:OK
#149/1   ldsx_insn/map_val and probed_memory:OK
#149/2   ldsx_insn/ctx_member_sign_ext:OK
#149/3   ldsx_insn/ctx_member_narrow_sign_ext:OK
#149     ldsx_insn:OK
#150     legacy_printk:OK
#151     libbpf_get_fd_by_id_opts:OK
#152/1   libbpf_probe_helpers/BPF_PROG_TYPE_KPROBE+bpf_unspec:OK
#152/2   libbpf_probe_helpers/BPF_PROG_TYPE_KPROBE+bpf_map_lookup_elem:OK
#152/3   libbpf_probe_helpers/BPF_PROG_TYPE_KPROBE+bpf_loop:OK
#152/4   libbpf_probe_helpers/BPF_PROG_TYPE_KPROBE+bpf_ktime_get_coarse_ns:OK
#152/5   libbpf_probe_helpers/BPF_PROG_TYPE_SOCKET_FILTER+bpf_ktime_get_coarse_ns:OK
#152/6   libbpf_probe_helpers/BPF_PROG_TYPE_KPROBE+bpf_sys_bpf:OK
#152/7   libbpf_probe_helpers/BPF_PROG_TYPE_SYSCALL+bpf_sys_bpf:OK
#152     libbpf_probe_helpers:OK
#153/1   libbpf_probe_map_types/BPF_MAP_TYPE_HASH:OK
#153/2   libbpf_probe_map_types/BPF_MAP_TYPE_ARRAY:OK
#153/3   libbpf_probe_map_types/BPF_MAP_TYPE_PROG_ARRAY:OK
#153/4   libbpf_probe_map_types/BPF_MAP_TYPE_PERF_EVENT_ARRAY:OK
#153/5   libbpf_probe_map_types/BPF_MAP_TYPE_PERCPU_HASH:OK
#153/6   libbpf_probe_map_types/BPF_MAP_TYPE_PERCPU_ARRAY:OK
#153/7   libbpf_probe_map_types/BPF_MAP_TYPE_STACK_TRACE:OK
#153/8   libbpf_probe_map_types/BPF_MAP_TYPE_CGROUP_ARRAY:OK
#153/9   libbpf_probe_map_types/BPF_MAP_TYPE_LRU_HASH:OK
#153/10  libbpf_probe_map_types/BPF_MAP_TYPE_LRU_PERCPU_HASH:OK
#153/11  libbpf_probe_map_types/BPF_MAP_TYPE_LPM_TRIE:OK
#153/12  libbpf_probe_map_types/BPF_MAP_TYPE_ARRAY_OF_MAPS:OK
#153/13  libbpf_probe_map_types/BPF_MAP_TYPE_HASH_OF_MAPS:OK
#153/14  libbpf_probe_map_types/BPF_MAP_TYPE_DEVMAP:OK
#153/15  libbpf_probe_map_types/BPF_MAP_TYPE_SOCKMAP:OK
#153/16  libbpf_probe_map_types/BPF_MAP_TYPE_CPUMAP:OK
#153/17  libbpf_probe_map_types/BPF_MAP_TYPE_XSKMAP:OK
#153/18  libbpf_probe_map_types/BPF_MAP_TYPE_SOCKHASH:OK
#153/19  libbpf_probe_map_types/BPF_MAP_TYPE_CGROUP_STORAGE_DEPRECATED:OK
#153/20  libbpf_probe_map_types/BPF_MAP_TYPE_CGROUP_STORAGE:OK
#153/21  libbpf_probe_map_types/BPF_MAP_TYPE_REUSEPORT_SOCKARRAY:OK
#153/22  libbpf_probe_map_types/BPF_MAP_TYPE_PERCPU_CGROUP_STORAGE_DEPRECATED:OK
#153/23  libbpf_probe_map_types/BPF_MAP_TYPE_PERCPU_CGROUP_STORAGE:OK
#153/24  libbpf_probe_map_types/BPF_MAP_TYPE_QUEUE:OK
#153/25  libbpf_probe_map_types/BPF_MAP_TYPE_STACK:OK
#153/26  libbpf_probe_map_types/BPF_MAP_TYPE_SK_STORAGE:OK
#153/27  libbpf_probe_map_types/BPF_MAP_TYPE_DEVMAP_HASH:OK
#153/28  libbpf_probe_map_types/BPF_MAP_TYPE_STRUCT_OPS:OK
#153/29  libbpf_probe_map_types/BPF_MAP_TYPE_RINGBUF:OK
#153/30  libbpf_probe_map_types/BPF_MAP_TYPE_INODE_STORAGE:OK
#153/31  libbpf_probe_map_types/BPF_MAP_TYPE_TASK_STORAGE:OK
#153/32  libbpf_probe_map_types/BPF_MAP_TYPE_BLOOM_FILTER:OK
#153/33  libbpf_probe_map_types/BPF_MAP_TYPE_USER_RINGBUF:OK
#153/34  libbpf_probe_map_types/BPF_MAP_TYPE_CGRP_STORAGE:OK
#153/35  libbpf_probe_map_types/BPF_MAP_TYPE_ARENA:OK
#153     libbpf_probe_map_types:OK
#154/1   libbpf_probe_prog_types/BPF_PROG_TYPE_SOCKET_FILTER:OK
#154/2   libbpf_probe_prog_types/BPF_PROG_TYPE_KPROBE:OK
#154/3   libbpf_probe_prog_types/BPF_PROG_TYPE_SCHED_CLS:OK
#154/4   libbpf_probe_prog_types/BPF_PROG_TYPE_SCHED_ACT:OK
#154/5   libbpf_probe_prog_types/BPF_PROG_TYPE_TRACEPOINT:OK
#154/6   libbpf_probe_prog_types/BPF_PROG_TYPE_XDP:OK
#154/7   libbpf_probe_prog_types/BPF_PROG_TYPE_PERF_EVENT:OK
#154/8   libbpf_probe_prog_types/BPF_PROG_TYPE_CGROUP_SKB:OK
#154/9   libbpf_probe_prog_types/BPF_PROG_TYPE_CGROUP_SOCK:OK
#154/10  libbpf_probe_prog_types/BPF_PROG_TYPE_LWT_IN:OK
#154/11  libbpf_probe_prog_types/BPF_PROG_TYPE_LWT_OUT:OK
#154/12  libbpf_probe_prog_types/BPF_PROG_TYPE_LWT_XMIT:OK
#154/13  libbpf_probe_prog_types/BPF_PROG_TYPE_SOCK_OPS:OK
#154/14  libbpf_probe_prog_types/BPF_PROG_TYPE_SK_SKB:OK
#154/15  libbpf_probe_prog_types/BPF_PROG_TYPE_CGROUP_DEVICE:OK
#154/16  libbpf_probe_prog_types/BPF_PROG_TYPE_SK_MSG:OK
#154/17  libbpf_probe_prog_types/BPF_PROG_TYPE_RAW_TRACEPOINT:OK
#154/18  libbpf_probe_prog_types/BPF_PROG_TYPE_CGROUP_SOCK_ADDR:OK
#154/19  libbpf_probe_prog_types/BPF_PROG_TYPE_LWT_SEG6LOCAL:OK
#154/20  libbpf_probe_prog_types/BPF_PROG_TYPE_LIRC_MODE2:OK
#154/21  libbpf_probe_prog_types/BPF_PROG_TYPE_SK_REUSEPORT:OK
#154/22  libbpf_probe_prog_types/BPF_PROG_TYPE_FLOW_DISSECTOR:OK
#154/23  libbpf_probe_prog_types/BPF_PROG_TYPE_CGROUP_SYSCTL:OK
#154/24  libbpf_probe_prog_types/BPF_PROG_TYPE_RAW_TRACEPOINT_WRITABLE:OK
#154/25  libbpf_probe_prog_types/BPF_PROG_TYPE_CGROUP_SOCKOPT:OK
#154/26  libbpf_probe_prog_types/BPF_PROG_TYPE_TRACING:OK
#154/27  libbpf_probe_prog_types/BPF_PROG_TYPE_STRUCT_OPS:OK
#154/28  libbpf_probe_prog_types/BPF_PROG_TYPE_EXT:OK
#154/29  libbpf_probe_prog_types/BPF_PROG_TYPE_LSM:OK
#154/30  libbpf_probe_prog_types/BPF_PROG_TYPE_SK_LOOKUP:OK
#154/31  libbpf_probe_prog_types/BPF_PROG_TYPE_SYSCALL:OK
#154/32  libbpf_probe_prog_types/BPF_PROG_TYPE_NETFILTER:OK
#154     libbpf_probe_prog_types:OK
#155/1   libbpf_str/bpf_attach_type_str:OK
#155/2   libbpf_str/bpf_link_type_str:OK
#155/3   libbpf_str/bpf_map_type_str:OK
#155/4   libbpf_str/bpf_prog_type_str:OK
#155     libbpf_str:OK
#156/1   link_pinning/pin_raw_tp:OK
#156/2   link_pinning/pin_tp_btf:OK
#156     link_pinning:OK
#157     linked_funcs:OK
#158/1   linked_list/kptr_missing_lock_push_front:OK
#158/2   linked_list/kptr_missing_lock_push_back:OK
#158/3   linked_list/kptr_missing_lock_pop_front:OK
#158/4   linked_list/kptr_missing_lock_pop_back:OK
#158/5   linked_list/global_missing_lock_push_front:OK
#158/6   linked_list/global_missing_lock_push_back:OK
#158/7   linked_list/global_missing_lock_pop_front:OK
#158/8   linked_list/global_missing_lock_pop_back:OK
#158/9   linked_list/map_missing_lock_push_front:OK
#158/10  linked_list/map_missing_lock_push_back:OK
#158/11  linked_list/map_missing_lock_pop_front:OK
#158/12  linked_list/map_missing_lock_pop_back:OK
#158/13  linked_list/inner_map_missing_lock_push_front:OK
#158/14  linked_list/inner_map_missing_lock_push_back:OK
#158/15  linked_list/inner_map_missing_lock_pop_front:OK
#158/16  linked_list/inner_map_missing_lock_pop_back:OK
#158/17  linked_list/kptr_kptr_incorrect_lock_push_front:OK
#158/18  linked_list/kptr_global_incorrect_lock_push_front:OK
#158/19  linked_list/kptr_map_incorrect_lock_push_front:OK
#158/20  linked_list/kptr_inner_map_incorrect_lock_push_front:OK
#158/21  linked_list/kptr_kptr_incorrect_lock_push_back:OK
#158/22  linked_list/kptr_global_incorrect_lock_push_back:OK
#158/23  linked_list/kptr_map_incorrect_lock_push_back:OK
#158/24  linked_list/kptr_inner_map_incorrect_lock_push_back:OK
#158/25  linked_list/kptr_kptr_incorrect_lock_pop_front:OK
#158/26  linked_list/kptr_global_incorrect_lock_pop_front:OK
#158/27  linked_list/kptr_map_incorrect_lock_pop_front:OK
#158/28  linked_list/kptr_inner_map_incorrect_lock_pop_front:OK
#158/29  linked_list/kptr_kptr_incorrect_lock_pop_back:OK
#158/30  linked_list/kptr_global_incorrect_lock_pop_back:OK
#158/31  linked_list/kptr_map_incorrect_lock_pop_back:OK
#158/32  linked_list/kptr_inner_map_incorrect_lock_pop_back:OK
#158/33  linked_list/global_kptr_incorrect_lock_push_front:OK
#158/34  linked_list/global_global_incorrect_lock_push_front:OK
#158/35  linked_list/global_map_incorrect_lock_push_front:OK
#158/36  linked_list/global_inner_map_incorrect_lock_push_front:OK
#158/37  linked_list/global_kptr_incorrect_lock_push_back:OK
#158/38  linked_list/global_global_incorrect_lock_push_back:OK
#158/39  linked_list/global_map_incorrect_lock_push_back:OK
#158/40  linked_list/global_inner_map_incorrect_lock_push_back:OK
#158/41  linked_list/global_kptr_incorrect_lock_pop_front:OK
#158/42  linked_list/global_global_incorrect_lock_pop_front:OK
#158/43  linked_list/global_map_incorrect_lock_pop_front:OK
#158/44  linked_list/global_inner_map_incorrect_lock_pop_front:OK
#158/45  linked_list/global_kptr_incorrect_lock_pop_back:OK
#158/46  linked_list/global_global_incorrect_lock_pop_back:OK
#158/47  linked_list/global_map_incorrect_lock_pop_back:OK
#158/48  linked_list/global_inner_map_incorrect_lock_pop_back:OK
#158/49  linked_list/map_kptr_incorrect_lock_push_front:OK
#158/50  linked_list/map_global_incorrect_lock_push_front:OK
#158/51  linked_list/map_map_incorrect_lock_push_front:OK
#158/52  linked_list/map_inner_map_incorrect_lock_push_front:OK
#158/53  linked_list/map_kptr_incorrect_lock_push_back:OK
#158/54  linked_list/map_global_incorrect_lock_push_back:OK
#158/55  linked_list/map_map_incorrect_lock_push_back:OK
#158/56  linked_list/map_inner_map_incorrect_lock_push_back:OK
#158/57  linked_list/map_kptr_incorrect_lock_pop_front:OK
#158/58  linked_list/map_global_incorrect_lock_pop_front:OK
#158/59  linked_list/map_map_incorrect_lock_pop_front:OK
#158/60  linked_list/map_inner_map_incorrect_lock_pop_front:OK
#158/61  linked_list/map_kptr_incorrect_lock_pop_back:OK
#158/62  linked_list/map_global_incorrect_lock_pop_back:OK
#158/63  linked_list/map_map_incorrect_lock_pop_back:OK
#158/64  linked_list/map_inner_map_incorrect_lock_pop_back:OK
#158/65  linked_list/inner_map_kptr_incorrect_lock_push_front:OK
#158/66  linked_list/inner_map_global_incorrect_lock_push_front:OK
#158/67  linked_list/inner_map_map_incorrect_lock_push_front:OK
#158/68  linked_list/inner_map_inner_map_incorrect_lock_push_front:OK
#158/69  linked_list/inner_map_kptr_incorrect_lock_push_back:OK
#158/70  linked_list/inner_map_global_incorrect_lock_push_back:OK
#158/71  linked_list/inner_map_map_incorrect_lock_push_back:OK
#158/72  linked_list/inner_map_inner_map_incorrect_lock_push_back:OK
#158/73  linked_list/inner_map_kptr_incorrect_lock_pop_front:OK
#158/74  linked_list/inner_map_global_incorrect_lock_pop_front:OK
#158/75  linked_list/inner_map_map_incorrect_lock_pop_front:OK
#158/76  linked_list/inner_map_inner_map_incorrect_lock_pop_front:OK
#158/77  linked_list/inner_map_kptr_incorrect_lock_pop_back:OK
#158/78  linked_list/inner_map_global_incorrect_lock_pop_back:OK
#158/79  linked_list/inner_map_map_incorrect_lock_pop_back:OK
#158/80  linked_list/inner_map_inner_map_incorrect_lock_pop_back:OK
#158/81  linked_list/map_compat_kprobe:OK
#158/82  linked_list/map_compat_kretprobe:OK
#158/83  linked_list/map_compat_tp:OK
#158/84  linked_list/map_compat_perf:OK
#158/85  linked_list/map_compat_raw_tp:OK
#158/86  linked_list/map_compat_raw_tp_w:OK
#158/87  linked_list/obj_type_id_oor:OK
#158/88  linked_list/obj_new_no_composite:OK
#158/89  linked_list/obj_new_no_struct:OK
#158/90  linked_list/obj_drop_non_zero_off:OK
#158/91  linked_list/new_null_ret:OK
#158/92  linked_list/obj_new_acq:OK
#158/93  linked_list/use_after_drop:OK
#158/94  linked_list/ptr_walk_scalar:OK
#158/95  linked_list/direct_read_lock:OK
#158/96  linked_list/direct_write_lock:OK
#158/97  linked_list/direct_read_head:OK
#158/98  linked_list/direct_write_head:OK
#158/99  linked_list/direct_read_node:OK
#158/100 linked_list/direct_write_node:OK
#158/101 linked_list/use_after_unlock_push_front:OK
#158/102 linked_list/use_after_unlock_push_back:OK
#158/103 linked_list/double_push_front:OK
#158/104 linked_list/double_push_back:OK
#158/105 linked_list/no_node_value_type:OK
#158/106 linked_list/incorrect_value_type:OK
#158/107 linked_list/incorrect_node_var_off:OK
#158/108 linked_list/incorrect_node_off1:OK
#158/109 linked_list/incorrect_node_off2:OK
#158/110 linked_list/no_head_type:OK
#158/111 linked_list/incorrect_head_var_off1:OK
#158/112 linked_list/incorrect_head_var_off2:OK
#158/113 linked_list/incorrect_head_off1:OK
#158/114 linked_list/incorrect_head_off2:OK
#158/115 linked_list/pop_front_off:OK
#158/116 linked_list/pop_back_off:OK
#158/117 linked_list/btf: too many locks:OK
#158/118 linked_list/btf: missing lock:OK
#158/119 linked_list/btf: bad offset:OK
#158/120 linked_list/btf: missing contains::OK
#158/121 linked_list/btf: missing struct:OK
#158/122 linked_list/btf: missing node:OK
#158/123 linked_list/btf: node incorrect type:OK
#158/124 linked_list/btf: multiple bpf_list_node with name b:OK
#158/125 linked_list/btf: owning | owned AA cycle:OK
#158/126 linked_list/btf: owning | owned ABA cycle:OK
#158/127 linked_list/btf: owning -> owned:OK
#158/128 linked_list/btf: owning -> owning | owned -> owned:OK
#158/129 linked_list/btf: owning | owned -> owning | owned -> owned:OK
#158/130 linked_list/btf: owning -> owning | owned -> owning | owned -> owned:OK
#158/131 linked_list/btf: list_node and rb_node in same struct:OK
#158/132 linked_list/btf: list_node and rb_node in same struct, no bpf_refcount:OK
#158     linked_list:OK
#159     linked_maps:OK
#160     linked_vars:OK
#161     load_bytes_relative:OK
#162/1   local_kptr_stash/local_kptr_stash_simple:OK
#162/2   local_kptr_stash/local_kptr_stash_plain:OK
#162/3   local_kptr_stash/local_kptr_stash_local_with_root:OK
#162/4   local_kptr_stash/local_kptr_stash_unstash:OK
#162/5   local_kptr_stash/refcount_acquire_without_unstash:OK
#162/6   local_kptr_stash/local_kptr_stash_fail:OK
#162/7   local_kptr_stash/stash_rb_nodes:OK
#162/8   local_kptr_stash/drop_rb_node_off:OK
#162     local_kptr_stash:OK
#163/1   log_buf/obj_load_log_buf:OK
#163/2   log_buf/bpf_prog_load_log_buf:OK
#163/3   log_buf/bpf_btf_load_log_buf:OK
#163     log_buf:OK
#164/1   log_fixup/bad_core_relo_trunc_none:OK
#164/2   log_fixup/bad_core_relo_trunc_partial:OK
#164/3   log_fixup/bad_core_relo_trunc_full:OK
#164/4   log_fixup/bad_core_relo_subprog:OK
#164/5   log_fixup/missing_map:OK
#164/6   log_fixup/missing_kfunc:OK
#164     log_fixup:OK
#165/1   lookup_and_delete/lookup_and_delete:OK
#165/2   lookup_and_delete/lookup_and_delete_percpu:OK
#165/3   lookup_and_delete/lookup_and_delete_lru:OK
#165/4   lookup_and_delete/lookup_and_delete_lru_percpu:OK
#165     lookup_and_delete:OK
#166     lookup_key:OK
#167     lru_bug:OK
#168/1   lsm_cgroup/functional:OK
#168/2   lsm_cgroup/nonvoid:OK
#168     lsm_cgroup:OK
net.ipv6.conf.all.disable_ipv6 = 1
net.ipv6.conf.all.disable_ipv6 = 1
net.ipv6.conf.all.disable_ipv6 = 1
net.ipv6.conf.all.disable_ipv6 = 1
net.ipv6.conf.all.disable_ipv6 = 1
#169/1   lwt_redirect/lwt_redirect_normal:OK
#169/2   lwt_redirect/lwt_redirect_normal_nomac:OK
#169/3   lwt_redirect/lwt_redirect_dev_down:OK
#169/4   lwt_redirect/lwt_redirect_dev_down_nomac:OK
#169/5   lwt_redirect/lwt_redirect_dev_carrier_down:OK
#169     lwt_redirect:OK
#170/1   lwt_reroute/lwt_reroute_normal_xmit:OK
#170/2   lwt_reroute/lwt_reroute_qdisc_dropped:OK
#170     lwt_reroute:OK
#171/1   map_btf/array_btf:OK
#171/2   map_btf/inner_array_btf:OK
#171     map_btf:OK
#172/1   map_in_map/acc_map_in_array:OK
#172/2   map_in_map/sleepable_acc_map_in_array:OK
#172/3   map_in_map/acc_map_in_htab:OK
#172/4   map_in_map/sleepable_acc_map_in_htab:OK
#172/5   map_in_map/update_map_in_htab:OK
#172/6   map_in_map/update_map_in_alloc_htab:OK
#172     map_in_map:OK
#173/1   map_init/pcpu_map_init:OK
#173/2   map_init/pcpu_lru_map_init:OK
#173     map_init:OK
#174/1   map_kptr/size_not_bpf_dw:OK
#174/2   map_kptr/non_const_var_off:OK
#174/3   map_kptr/non_const_var_off_kptr_xchg:OK
#174/4   map_kptr/misaligned_access_write:OK
#174/5   map_kptr/misaligned_access_read:OK
#174/6   map_kptr/reject_var_off_store:OK
#174/7   map_kptr/reject_bad_type_match:OK
#174/8   map_kptr/marked_as_untrusted_or_null:OK
#174/9   map_kptr/correct_btf_id_check_size:OK
#174/10  map_kptr/inherit_untrusted_on_walk:OK
#174/11  map_kptr/reject_kptr_xchg_on_unref:OK
#174/12  map_kptr/mark_ref_as_untrusted_or_null:OK
#174/13  map_kptr/reject_untrusted_store_to_ref:OK
#174/14  map_kptr/reject_untrusted_xchg:OK
#174/15  map_kptr/reject_bad_type_xchg:OK
#174/16  map_kptr/reject_member_of_ref_xchg:OK
#174/17  map_kptr/reject_indirect_global_func_access:OK
#174/18  map_kptr/kptr_xchg_ref_state:OK
#174/19  map_kptr/kptr_xchg_possibly_null:OK
#174/20  map_kptr/reject_indirect_helper_access:OK
#174/21  map_kptr/success-map:OK
#174     map_kptr:OK
#175     map_lock:OK
#176     map_lookup_percpu_elem:OK
#177/1   map_ops/map_ops_update_delete:OK
#177/2   map_ops/map_ops_push_peek_pop:OK
#177/3   map_ops/map_ops_for_each:OK
#177     map_ops:OK
#178     map_ptr:OK
#179/1   metadata/unused:OK
#179/2   metadata/used:OK
#179     metadata:OK
#180/1   migrate_reuseport/IPv4 TCP_ESTABLISHED  inet_csk_listen_stop:OK
#180/2   migrate_reuseport/IPv4 TCP_SYN_RECV     inet_csk_listen_stop:OK
#180/3   migrate_reuseport/IPv4 TCP_NEW_SYN_RECV reqsk_timer_handler:OK
#180/4   migrate_reuseport/IPv4 TCP_NEW_SYN_RECV inet_csk_complete_hashdance:OK
#180/5   migrate_reuseport/IPv6 TCP_ESTABLISHED  inet_csk_listen_stop:OK
#180/6   migrate_reuseport/IPv6 TCP_SYN_RECV     inet_csk_listen_stop:OK
#180/7   migrate_reuseport/IPv6 TCP_NEW_SYN_RECV reqsk_timer_handler:OK
#180/8   migrate_reuseport/IPv6 TCP_NEW_SYN_RECV inet_csk_complete_hashdance:OK
#180     migrate_reuseport:OK
#181/1   missed/perf_kprobe:OK
#181/2   missed/kprobe_recursion:OK
#181/3   missed/tp_recursion:OK
#181     missed:OK
#182     mmap:OK
#183     mmap_inner_array:OK
#184     modify_return:OK
#185     module_attach:OK
#186     module_fentry_shadow:OK
#187/1   mptcp/base:OK
#187/2   mptcp/mptcpify:OK
#187/3   mptcp/subflow:OK
#187     mptcp:OK
#188/1   nested_trust/test_read_cpumask:OK
#188/2   nested_trust/test_nested_offset:OK
#188/3   nested_trust/test_skb_field:OK
#188/4   nested_trust/test_invalid_nested_user_cpus:OK
#188/5   nested_trust/test_invalid_skb_field:OK
#188/6   nested_trust/test_nested_acquire_nonzero:OK
#188/7   nested_trust/test_nested_acquire_zero:OK
#188     nested_trust:OK
#189     netcnt:OK
#190/1   netfilter_link_attach/allzero:OK
#190/2   netfilter_link_attach/invalid-pf:OK
#190/3   netfilter_link_attach/invalid-hooknum:OK
#190/4   netfilter_link_attach/invalid-priority-min:OK
#190/5   netfilter_link_attach/invalid-priority-max:OK
#190/6   netfilter_link_attach/invalid-flags:OK
#190/7   netfilter_link_attach/invalid-inet-not-supported:OK
#190/8   netfilter_link_attach/attach ipv4:OK
#190/9   netfilter_link_attach/attach ipv6:OK
#190     netfilter_link_attach:OK
#191     netns_cookie:OK
#192/1   ns_current_pid_tgid/root_ns_tp:OK
#192/2   ns_current_pid_tgid/new_ns_tp:OK
#192/3   ns_current_pid_tgid/new_ns_cgrp:OK
#192/4   ns_current_pid_tgid/new_ns_sk_msg:OK
#192     ns_current_pid_tgid:OK
#193     obj_name:OK
#194/1   parse_tcp_hdr_opt/parse_tcp_hdr_opt:OK
#194/2   parse_tcp_hdr_opt/parse_tcp_hdr_opt_dynptr:OK
#194     parse_tcp_hdr_opt:OK
#195     pe_preserve_elems:OK
#196/1   percpu_alloc/array:OK
#196/2   percpu_alloc/array_sleepable:OK
#196/3   percpu_alloc/cgrp_local_storage:OK
#196/4   percpu_alloc/failure_tests:OK
#196/5   percpu_alloc/test_array_map_1:OK
#196/6   percpu_alloc/test_array_map_2:OK
#196/7   percpu_alloc/test_array_map_3:OK
#196/8   percpu_alloc/test_array_map_4:OK
#196/9   percpu_alloc/test_array_map_5:OK
#196/10  percpu_alloc/test_array_map_6:OK
#196/11  percpu_alloc/test_array_map_7:OK
#196/12  percpu_alloc/test_array_map_8:OK
#196     percpu_alloc:OK
#197/1   perf_branches/perf_branches_hw:SKIP
test_perf_branches_no_hw:PASS:perf_event_open 0 nsec
test_perf_branches_common:PASS:test_perf_branches_load 0 nsec
test_perf_branches_common:PASS:attach_perf_event 0 nsec
test_perf_branches_common:PASS:set_affinity 0 nsec
check_bad_sample:FAIL:output not valid no valid sample from prog
#197/2   perf_branches/perf_branches_no_hw:FAIL
#197     perf_branches:FAIL
#198     perf_buffer:OK
#199     perf_event_stackmap:SKIP
#200     perf_link:OK
#201     perf_skip:OK
#202     pinning:OK
#203     pkt_access:OK
#204     pkt_md_access:OK
#205/1   preempt_lock/preempt_lock_missing_1:OK
#205/2   preempt_lock/preempt_lock_missing_2:OK
#205/3   preempt_lock/preempt_lock_missing_3:OK
#205/4   preempt_lock/preempt_lock_missing_3_minus_2:OK
#205/5   preempt_lock/preempt_lock_missing_1_subprog:OK
#205/6   preempt_lock/preempt_lock_missing_2_subprog:OK
#205/7   preempt_lock/preempt_lock_missing_2_minus_1_subprog:OK
#205/8   preempt_lock/preempt_balance:OK
#205/9   preempt_lock/preempt_balance_subprog_test:OK
#205/10  preempt_lock/preempt_global_subprog_test:OK
#205/11  preempt_lock/preempt_sleepable_helper:OK
#205/12  preempt_lock/preempt_sleepable_kfunc:OK
#205     preempt_lock:OK
#206     preempted_bpf_ma_op:OK
#207/1   pro_epilogue/test_prologue:OK
#207/2   pro_epilogue/test_epilogue:OK
#207/3   pro_epilogue/test_pro_epilogue:OK
#207/4   pro_epilogue/syscall_prologue:OK
#207/5   pro_epilogue/syscall_epilogue:OK
#207/6   pro_epilogue/syscall_pro_epilogue:OK
#207/7   pro_epilogue/test_prologue_goto_start:OK
#207/8   pro_epilogue/test_epilogue_goto_start:OK
#207/9   pro_epilogue/test_pro_epilogue_goto_start:OK
#207/10  pro_epilogue/syscall_prologue_goto_start:OK
#207/11  pro_epilogue/syscall_epilogue_goto_start:OK
#207/12  pro_epilogue/syscall_pro_epilogue_goto_start:OK
#207/13  pro_epilogue/test_epilogue_exit:OK
#207/14  pro_epilogue/syscall_epilogue_exit0:OK
#207/15  pro_epilogue/syscall_epilogue_exit1:OK
#207/16  pro_epilogue/tailcall:OK
#207     pro_epilogue:OK
#208     probe_read_user_str:OK
#209     probe_user:OK
#210     prog_array_init:OK
#211     prog_run_opts:OK
#212/1   prog_tests_framework/test_good_subtest:OK
#212/2   prog_tests_framework/test_skip_subtest:SKIP
#212/3   prog_tests_framework/test_skip_subtest:SKIP
#212/4   prog_tests_framework/test_fail_subtest:FAIL
#212     prog_tests_framework:OK
#213     ptr_untrusted:OK
#214     queue_stack_map:OK
#215/1   raw_tp_null/test_raw_tp_null_bpf_testmod_test_raw_tp_null_arg_1:OK
#215/2   raw_tp_null/test_raw_tp_null_sched_pi_setprio_arg_2:OK
#215     raw_tp_null:OK
#216     raw_tp_test_run:OK
#217     raw_tp_writable_reject_nbd_invalid:OK
#218     raw_tp_writable_test_run:OK
#219/1   rbtree_btf_fail/rbtree_btf_fail__wrong_node_type:OK
#219/2   rbtree_btf_fail/rbtree_btf_fail__add_wrong_type:OK
#219     rbtree_btf_fail:OK
#220/1   rbtree_fail/rbtree_api_nolock_add:OK
#220/2   rbtree_fail/rbtree_api_nolock_remove:OK
#220/3   rbtree_fail/rbtree_api_nolock_first:OK
#220/4   rbtree_fail/rbtree_api_remove_unadded_node:OK
#220/5   rbtree_fail/rbtree_api_remove_no_drop:OK
#220/6   rbtree_fail/rbtree_api_add_to_multiple_trees:OK
#220/7   rbtree_fail/rbtree_api_use_unchecked_remove_retval:OK
#220/8   rbtree_fail/rbtree_api_add_release_unlock_escape:OK
#220/9   rbtree_fail/rbtree_api_first_release_unlock_escape:OK
#220/10  rbtree_fail/rbtree_api_add_bad_cb_bad_fn_call_add:OK
#220/11  rbtree_fail/rbtree_api_add_bad_cb_bad_fn_call_remove:OK
#220/12  rbtree_fail/rbtree_api_add_bad_cb_bad_fn_call_first_unlock_after:OK
#220     rbtree_fail:OK
#221/1   rbtree_success/rbtree_add_nodes:OK
#221/2   rbtree_success/rbtree_add_nodes_nested:OK
#221/3   rbtree_success/rbtree_add_and_remove:OK
#221/4   rbtree_success/rbtree_add_and_remove_array:OK
#221/5   rbtree_success/rbtree_first_and_remove:OK
#221/6   rbtree_success/rbtree_api_release_aliasing:OK
#221     rbtree_success:OK
#222/1   rcu_read_lock/success:OK
#222/2   rcu_read_lock/rcuptr_acquire:OK
#222/3   rcu_read_lock/negative_tests_inproper_region:OK
#222/4   rcu_read_lock/negative_tests_rcuptr_misuse:OK
#222     rcu_read_lock:OK
#223/1   rdonly_maps/skip loop:OK
#223/2   rdonly_maps/part loop:OK
#223/3   rdonly_maps/full loop:OK
#223     rdonly_maps:OK
#224     read_vsyscall:OK
#225     recursion:OK
#226/1   recursive_fentry/attach:OK
#226/2   recursive_fentry/load:OK
#226/3   recursive_fentry/detach:OK
#226     recursive_fentry:OK
#227/1   refcounted_kptr/insert_read_both: remove from tree + list:OK
#227/2   refcounted_kptr/insert_read_both: remove from neither:OK
#227/3   refcounted_kptr/insert_read_both: remove from tree:OK
#227/4   refcounted_kptr/insert_read_both: remove from list:OK
#227/5   refcounted_kptr/insert_read_both_list_first: remove from tree + list:OK
#227/6   refcounted_kptr/insert_read_both_list_first: remove from neither:OK
#227/7   refcounted_kptr/insert_read_both_list_first: remove from tree:OK
#227/8   refcounted_kptr/insert_read_both_list_first: remove from list:OK
#227/9   refcounted_kptr/insert_double_del: 2x read-and-del from tree:OK
#227/10  refcounted_kptr/insert_double_del: 2x read-and-del from list:OK
#227/11  refcounted_kptr/insert_stash_read: remove from tree:OK
#227/12  refcounted_kptr/insert_stash_read: don't remove from tree:OK
#227/13  refcounted_kptr/rbtree_refcounted_node_ref_escapes:OK
#227/14  refcounted_kptr/rbtree_refcounted_node_ref_escapes_owning_input:OK
#227/15  refcounted_kptr/rbtree_wrong_owner_remove_fail_a1:OK
#227/16  refcounted_kptr/rbtree_wrong_owner_remove_fail_b:OK
#227/17  refcounted_kptr/rbtree_wrong_owner_remove_fail_a2:OK
#227/18  refcounted_kptr/rbtree_sleepable_rcu:OK
#227/19  refcounted_kptr/rbtree_sleepable_rcu_no_explicit_rcu_lock:OK
#227     refcounted_kptr:OK
#228/1   refcounted_kptr_fail/rbtree_refcounted_node_ref_escapes:OK
#228/2   refcounted_kptr_fail/refcount_acquire_maybe_null:OK
#228/3   refcounted_kptr_fail/rbtree_refcounted_node_ref_escapes_owning_input:OK
#228/4   refcounted_kptr_fail/rbtree_fail_sleepable_lock_across_rcu:OK
#228     refcounted_kptr_fail:OK
#229     refcounted_kptr_wrong_owner:OK
#230/1   reference_tracking/sk_lookup_success:OK
#230/2   reference_tracking/sk_lookup_success_simple:OK
#230/3   reference_tracking/err_use_after_free:OK
#230/4   reference_tracking/err_modify_sk_pointer:OK
#230/5   reference_tracking/err_modify_sk_or_null_pointer:OK
#230/6   reference_tracking/err_no_release:OK
#230/7   reference_tracking/err_release_twice:OK
#230/8   reference_tracking/err_release_unchecked:OK
#230/9   reference_tracking/err_no_release_subcall:OK
#230     reference_tracking:OK
#231/1   reg_bounds_crafted/(u64)[0; 4294967295] (u64)<op> 0:OK
#231/2   reg_bounds_crafted/(u64)0 (u64)<op> [0; 4294967295]:OK
#231/3   reg_bounds_crafted/(u64)[0; 2147483648] (u64)<op> 0:OK
#231/4   reg_bounds_crafted/(u64)0 (u64)<op> [0; 2147483648]:OK
#231/5   reg_bounds_crafted/(u64)[0x100000000; 0x100000100] (u64)<op> 0:OK
#231/6   reg_bounds_crafted/(u64)0 (u64)<op> [0x100000000; 0x100000100]:OK
#231/7   reg_bounds_crafted/(u64)[0x100000000; 0x180000000] (u64)<op> 0:OK
#231/8   reg_bounds_crafted/(u64)0 (u64)<op> [0x100000000; 0x180000000]:OK
#231/9   reg_bounds_crafted/(u64)[0x100000000; 0x1ffffff00] (u64)<op> 0:OK
#231/10  reg_bounds_crafted/(u64)0 (u64)<op> [0x100000000; 0x1ffffff00]:OK
#231/11  reg_bounds_crafted/(u64)[0x100000000; 0x1ffffff01] (u64)<op> 0:OK
#231/12  reg_bounds_crafted/(u64)0 (u64)<op> [0x100000000; 0x1ffffff01]:OK
#231/13  reg_bounds_crafted/(u64)[0x100000000; 0x1fffffffe] (u64)<op> 0:OK
#231/14  reg_bounds_crafted/(u64)0 (u64)<op> [0x100000000; 0x1fffffffe]:OK
#231/15  reg_bounds_crafted/(u64)[0x100000001; 0x1000000ff] (u64)<op> 0:OK
#231/16  reg_bounds_crafted/(u64)0 (u64)<op> [0x100000001; 0x1000000ff]:OK
#231/17  reg_bounds_crafted/(u64)[0; 1] (u64)<op> [1; 2147483648]:OK
#231/18  reg_bounds_crafted/(u64)[1; 2147483648] (u64)<op> [0; 1]:OK
#231/19  reg_bounds_crafted/(u64)[0; 1] (s64)<op> [1; 2147483648]:OK
#231/20  reg_bounds_crafted/(u64)[1; 2147483648] (s64)<op> [0; 1]:OK
#231/21  reg_bounds_crafted/(u64)[0; 1] (u32)<op> [1; 2147483648]:OK
#231/22  reg_bounds_crafted/(u64)[1; 2147483648] (u32)<op> [0; 1]:OK
#231/23  reg_bounds_crafted/(u64)[0; 1] (s32)<op> [1; 2147483648]:OK
#231/24  reg_bounds_crafted/(u64)[1; 2147483648] (s32)<op> [0; 1]:OK
#231/25  reg_bounds_crafted/(u64)[0; 0xffffffff00000000] (s64)<op> 0:OK
#231/26  reg_bounds_crafted/(u64)0 (s64)<op> [0; 0xffffffff00000000]:OK
#231/27  reg_bounds_crafted/(u64)[0x7fffffffffffffff; 0xffffffff00000000] (s64)<op> 0:OK
#231/28  reg_bounds_crafted/(u64)0 (s64)<op> [0x7fffffffffffffff; 0xffffffff00000000]:OK
#231/29  reg_bounds_crafted/(u64)[0x7fffffff00000001; 0xffffffff00000000] (s64)<op> 0:OK
#231/30  reg_bounds_crafted/(u64)0 (s64)<op> [0x7fffffff00000001; 0xffffffff00000000]:OK
#231/31  reg_bounds_crafted/(u64)[0; 4294967295] (s64)<op> 1:OK
#231/32  reg_bounds_crafted/(u64)1 (s64)<op> [0; 4294967295]:OK
#231/33  reg_bounds_crafted/(u64)[0; 4294967295] (s64)<op> 2147483647:OK
#231/34  reg_bounds_crafted/(u64)2147483647 (s64)<op> [0; 4294967295]:OK
#231/35  reg_bounds_crafted/(u64)[0; 0x100000000] (u32)<op> 0:OK
#231/36  reg_bounds_crafted/(u64)0 (u32)<op> [0; 0x100000000]:OK
#231/37  reg_bounds_crafted/(u64)[4294967294; 0x100000000] (u32)<op> 2147483648:OK
#231/38  reg_bounds_crafted/(u64)2147483648 (u32)<op> [4294967294; 0x100000000]:OK
#231/39  reg_bounds_crafted/(u64)[0; 0xffffffff00000000] (s32)<op> 0:OK
#231/40  reg_bounds_crafted/(u64)0 (s32)<op> [0; 0xffffffff00000000]:OK
#231/41  reg_bounds_crafted/(u64)[0; 4294967295] (s32)<op> 0:OK
#231/42  reg_bounds_crafted/(u64)0 (s32)<op> [0; 4294967295]:OK
#231/43  reg_bounds_crafted/(u64)[0; 0x100000000] (s32)<op> 0:OK
#231/44  reg_bounds_crafted/(u64)0 (s32)<op> [0; 0x100000000]:OK
#231/45  reg_bounds_crafted/(u64)[0; 0x100000001] (s32)<op> 0:OK
#231/46  reg_bounds_crafted/(u64)0 (s32)<op> [0; 0x100000001]:OK
#231/47  reg_bounds_crafted/(u64)[0; 0x180000000] (s32)<op> 0:OK
#231/48  reg_bounds_crafted/(u64)0 (s32)<op> [0; 0x180000000]:OK
#231/49  reg_bounds_crafted/(u64)[0; 0x17fffffff] (s32)<op> 0:OK
#231/50  reg_bounds_crafted/(u64)0 (s32)<op> [0; 0x17fffffff]:OK
#231/51  reg_bounds_crafted/(u64)[0; 0x180000001] (s32)<op> 0:OK
#231/52  reg_bounds_crafted/(u64)0 (s32)<op> [0; 0x180000001]:OK
#231/53  reg_bounds_crafted/(s64)[0xffffffffffffffff; 0] (s64)<op> 0xffffffff00000000:OK
#231/54  reg_bounds_crafted/(s64)0xffffffff00000000 (s64)<op> [0xffffffffffffffff; 0]:OK
#231/55  reg_bounds_crafted/(u64)[4294967295; 0x100000000] (u64)<op> 0:OK
#231/56  reg_bounds_crafted/(u64)0 (u64)<op> [4294967295; 0x100000000]:OK
#231/57  reg_bounds_crafted/(u64)[4294967295; 0x100000001] (u64)<op> 0:OK
#231/58  reg_bounds_crafted/(u64)0 (u64)<op> [4294967295; 0x100000001]:OK
#231/59  reg_bounds_crafted/(s64)[0xffffffff00000001; 0] (u64)<op> 0xffffffff00000000:OK
#231/60  reg_bounds_crafted/(s64)0xffffffff00000000 (u64)<op> [0xffffffff00000001; 0]:OK
#231/61  reg_bounds_crafted/(u32)[1; 4294967295] (u32)<op> 0:OK
#231/62  reg_bounds_crafted/(u32)0 (u32)<op> [1; 4294967295]:OK
#231/63  reg_bounds_crafted/(u32)[0; 4294967295] (s32)<op> 4294967295:OK
#231/64  reg_bounds_crafted/(u32)4294967295 (s32)<op> [0; 4294967295]:OK
#231/65  reg_bounds_crafted/(s32)S32_MIN (u64)<op> [0xffffff01; 0]:OK
#231/66  reg_bounds_crafted/(s32)[0xffffff01; 0] (u64)<op> S32_MIN:OK
#231/67  reg_bounds_crafted/(s32)[S32_MIN; 0xffffff01] (s64)<op> [0xfffffffe; 0]:OK
#231/68  reg_bounds_crafted/(s32)[0xfffffffe; 0] (s64)<op> [S32_MIN; 0xffffff01]:OK
#231/69  reg_bounds_crafted/(s32)[0; 0x1] (s64)<op> S32_MIN:OK
#231/70  reg_bounds_crafted/(s32)S32_MIN (s64)<op> [0; 0x1]:OK
#231/71  reg_bounds_crafted/(s32)S32_MIN (u32)<op> S32_MIN:OK
#231/72  reg_bounds_crafted/(s32)S32_MIN (u32)<op> S32_MIN:OK
#231/73  reg_bounds_crafted/(u64)[0; U64_MAX] (u64)<op> U64_MAX:OK
#231/74  reg_bounds_crafted/(u64)U64_MAX (u64)<op> [0; U64_MAX]:OK
#231/75  reg_bounds_crafted/(u64)[0; U64_MAX] (u64)<op> 0:OK
#231/76  reg_bounds_crafted/(u64)0 (u64)<op> [0; U64_MAX]:OK
#231/77  reg_bounds_crafted/(s64)[S64_MIN; 0] (u64)<op> S64_MIN:OK
#231/78  reg_bounds_crafted/(s64)S64_MIN (u64)<op> [S64_MIN; 0]:OK
#231/79  reg_bounds_crafted/(s64)[S64_MIN; 0] (u64)<op> 0:OK
#231/80  reg_bounds_crafted/(s64)0 (u64)<op> [S64_MIN; 0]:OK
#231/81  reg_bounds_crafted/(s64)[S64_MIN; S64_MAX] (u64)<op> S64_MAX:OK
#231/82  reg_bounds_crafted/(s64)S64_MAX (u64)<op> [S64_MIN; S64_MAX]:OK
#231/83  reg_bounds_crafted/(u32)[0; 4294967295] (u32)<op> 0:OK
#231/84  reg_bounds_crafted/(u32)0 (u32)<op> [0; 4294967295]:OK
#231/85  reg_bounds_crafted/(u32)[0; 4294967295] (u32)<op> 4294967295:OK
#231/86  reg_bounds_crafted/(u32)4294967295 (u32)<op> [0; 4294967295]:OK
#231/87  reg_bounds_crafted/(s32)[S32_MIN; 0] (u32)<op> 0:OK
#231/88  reg_bounds_crafted/(s32)0 (u32)<op> [S32_MIN; 0]:OK
#231/89  reg_bounds_crafted/(s32)[S32_MIN; 0] (u32)<op> S32_MIN:OK
#231/90  reg_bounds_crafted/(s32)S32_MIN (u32)<op> [S32_MIN; 0]:OK
#231/91  reg_bounds_crafted/(s32)[S32_MIN; S32_MAX] (u32)<op> S32_MAX:OK
#231/92  reg_bounds_crafted/(s32)S32_MAX (u32)<op> [S32_MIN; S32_MAX]:OK
#231/93  reg_bounds_crafted/(s64)[0; 0x1f] (u32)<op> [0xffffffff80000000; 0x7fffffff]:OK
#231/94  reg_bounds_crafted/(s64)[0xffffffff80000000; 0x7fffffff] (u32)<op> [0; 0x1f]:OK
#231/95  reg_bounds_crafted/(s64)[0; 0x1f] (u32)<op> [0xffffffffffff8000; 0x7fff]:OK
#231/96  reg_bounds_crafted/(s64)[0xffffffffffff8000; 0x7fff] (u32)<op> [0; 0x1f]:OK
#231/97  reg_bounds_crafted/(s64)[0; 0x1f] (u32)<op> [0xffffffffffffff80; 0x7f]:OK
#231/98  reg_bounds_crafted/(s64)[0xffffffffffffff80; 0x7f] (u32)<op> [0; 0x1f]:OK
#231     reg_bounds_crafted:OK
#232     reg_bounds_gen_consts_s32_s32:SKIP
#233     reg_bounds_gen_consts_s32_s64:SKIP
#234     reg_bounds_gen_consts_s32_u32:SKIP
#235     reg_bounds_gen_consts_s32_u64:SKIP
#236     reg_bounds_gen_consts_s64_s32:SKIP
#237     reg_bounds_gen_consts_s64_s64:SKIP
#238     reg_bounds_gen_consts_s64_u32:SKIP
#239     reg_bounds_gen_consts_s64_u64:SKIP
#240     reg_bounds_gen_consts_u32_s32:SKIP
#241     reg_bounds_gen_consts_u32_s64:SKIP
#242     reg_bounds_gen_consts_u32_u32:SKIP
#243     reg_bounds_gen_consts_u32_u64:SKIP
#244     reg_bounds_gen_consts_u64_s32:SKIP
#245     reg_bounds_gen_consts_u64_s64:SKIP
#246     reg_bounds_gen_consts_u64_u32:SKIP
#247     reg_bounds_gen_consts_u64_u64:SKIP
#248     reg_bounds_gen_ranges_s32_s32:SKIP
#249     reg_bounds_gen_ranges_s32_s64:SKIP
#250     reg_bounds_gen_ranges_s32_u32:SKIP
#251     reg_bounds_gen_ranges_s32_u64:SKIP
#252     reg_bounds_gen_ranges_s64_s32:SKIP
#253     reg_bounds_gen_ranges_s64_s64:SKIP
#254     reg_bounds_gen_ranges_s64_u32:SKIP
#255     reg_bounds_gen_ranges_s64_u64:SKIP
#256     reg_bounds_gen_ranges_u32_s32:SKIP
#257     reg_bounds_gen_ranges_u32_s64:SKIP
#258     reg_bounds_gen_ranges_u32_u32:SKIP
#259     reg_bounds_gen_ranges_u32_u64:SKIP
#260     reg_bounds_gen_ranges_u64_s32:SKIP
#261     reg_bounds_gen_ranges_u64_s64:SKIP
#262     reg_bounds_gen_ranges_u64_u32:SKIP
#263     reg_bounds_gen_ranges_u64_u64:SKIP
#264     reg_bounds_rand_consts_s32_s32:OK
#265     reg_bounds_rand_consts_s32_s64:OK
#266     reg_bounds_rand_consts_s32_u32:OK
#267     reg_bounds_rand_consts_s32_u64:OK
#268     reg_bounds_rand_consts_s64_s32:OK
#269     reg_bounds_rand_consts_s64_s64:OK
#270     reg_bounds_rand_consts_s64_u32:OK
#271     reg_bounds_rand_consts_s64_u64:OK
#272     reg_bounds_rand_consts_u32_s32:OK
#273     reg_bounds_rand_consts_u32_s64:OK
#274     reg_bounds_rand_consts_u32_u32:OK
#275     reg_bounds_rand_consts_u32_u64:OK
#276     reg_bounds_rand_consts_u64_s32:OK
#277     reg_bounds_rand_consts_u64_s64:OK
#278     reg_bounds_rand_consts_u64_u32:OK
#279     reg_bounds_rand_consts_u64_u64:OK
#280     reg_bounds_rand_ranges_s32_s32:OK
#281     reg_bounds_rand_ranges_s32_s64:OK
#282     reg_bounds_rand_ranges_s32_u32:OK
#283     reg_bounds_rand_ranges_s32_u64:OK
#284     reg_bounds_rand_ranges_s64_s32:OK
#285     reg_bounds_rand_ranges_s64_s64:OK
#286     reg_bounds_rand_ranges_s64_u32:OK
#287     reg_bounds_rand_ranges_s64_u64:OK
#288     reg_bounds_rand_ranges_u32_s32:OK
#289     reg_bounds_rand_ranges_u32_s64:OK
#290     reg_bounds_rand_ranges_u32_u32:OK
#291     reg_bounds_rand_ranges_u32_u64:OK
#292     reg_bounds_rand_ranges_u64_s32:OK
#293     reg_bounds_rand_ranges_u64_s64:OK
#294     reg_bounds_rand_ranges_u64_u32:OK
#295     reg_bounds_rand_ranges_u64_u64:OK
#296     resolve_btfids:OK
#297/1   ringbuf/ringbuf:OK
#297/2   ringbuf/ringbuf_n:OK
#297/3   ringbuf/ringbuf_map_key:OK
#297/4   ringbuf/ringbuf_write:OK
#297     ringbuf:OK
#298     ringbuf_multi:OK
#299     section_names:OK
#300/1   select_reuseport/reuseport_sockarray IPv4/TCP LOOPBACK test_err_inner_map:OK
#300/2   select_reuseport/reuseport_sockarray IPv4/TCP LOOPBACK test_err_skb_data:OK
#300/3   select_reuseport/reuseport_sockarray IPv4/TCP LOOPBACK test_err_sk_select_port:OK
#300/4   select_reuseport/reuseport_sockarray IPv4/TCP LOOPBACK test_pass:OK
#300/5   select_reuseport/reuseport_sockarray IPv4/TCP LOOPBACK test_syncookie:OK
#300/6   select_reuseport/reuseport_sockarray IPv4/TCP LOOPBACK test_pass_on_err:OK
#300/7   select_reuseport/reuseport_sockarray IPv4/TCP LOOPBACK test_detach_bpf:OK
#300/8   select_reuseport/reuseport_sockarray IPv4/TCP INANY test_err_inner_map:OK
#300/9   select_reuseport/reuseport_sockarray IPv4/TCP INANY test_err_skb_data:OK
#300/10  select_reuseport/reuseport_sockarray IPv4/TCP INANY test_err_sk_select_port:OK
#300/11  select_reuseport/reuseport_sockarray IPv4/TCP INANY test_pass:OK
#300/12  select_reuseport/reuseport_sockarray IPv4/TCP INANY test_syncookie:OK
#300/13  select_reuseport/reuseport_sockarray IPv4/TCP INANY test_pass_on_err:OK
#300/14  select_reuseport/reuseport_sockarray IPv4/TCP INANY test_detach_bpf:OK
#300/15  select_reuseport/reuseport_sockarray IPv6/TCP LOOPBACK test_err_inner_map:OK
#300/16  select_reuseport/reuseport_sockarray IPv6/TCP LOOPBACK test_err_skb_data:OK
#300/17  select_reuseport/reuseport_sockarray IPv6/TCP LOOPBACK test_err_sk_select_port:OK
#300/18  select_reuseport/reuseport_sockarray IPv6/TCP LOOPBACK test_pass:OK
#300/19  select_reuseport/reuseport_sockarray IPv6/TCP LOOPBACK test_syncookie:OK
#300/20  select_reuseport/reuseport_sockarray IPv6/TCP LOOPBACK test_pass_on_err:OK
#300/21  select_reuseport/reuseport_sockarray IPv6/TCP LOOPBACK test_detach_bpf:OK
#300/22  select_reuseport/reuseport_sockarray IPv6/TCP INANY test_err_inner_map:OK
#300/23  select_reuseport/reuseport_sockarray IPv6/TCP INANY test_err_skb_data:OK
#300/24  select_reuseport/reuseport_sockarray IPv6/TCP INANY test_err_sk_select_port:OK
#300/25  select_reuseport/reuseport_sockarray IPv6/TCP INANY test_pass:OK
#300/26  select_reuseport/reuseport_sockarray IPv6/TCP INANY test_syncookie:OK
#300/27  select_reuseport/reuseport_sockarray IPv6/TCP INANY test_pass_on_err:OK
#300/28  select_reuseport/reuseport_sockarray IPv6/TCP INANY test_detach_bpf:OK
#300/29  select_reuseport/reuseport_sockarray IPv4/UDP LOOPBACK test_err_inner_map:OK
#300/30  select_reuseport/reuseport_sockarray IPv4/UDP LOOPBACK test_err_skb_data:OK
#300/31  select_reuseport/reuseport_sockarray IPv4/UDP LOOPBACK test_err_sk_select_port:OK
#300/32  select_reuseport/reuseport_sockarray IPv4/UDP LOOPBACK test_pass:OK
#300/33  select_reuseport/reuseport_sockarray IPv4/UDP LOOPBACK test_pass_on_err:OK
#300/34  select_reuseport/reuseport_sockarray IPv4/UDP LOOPBACK test_detach_bpf:OK
#300/35  select_reuseport/reuseport_sockarray IPv6/UDP LOOPBACK test_err_inner_map:OK
#300/36  select_reuseport/reuseport_sockarray IPv6/UDP LOOPBACK test_err_skb_data:OK
#300/37  select_reuseport/reuseport_sockarray IPv6/UDP LOOPBACK test_err_sk_select_port:OK
#300/38  select_reuseport/reuseport_sockarray IPv6/UDP LOOPBACK test_pass:OK
#300/39  select_reuseport/reuseport_sockarray IPv6/UDP LOOPBACK test_pass_on_err:OK
#300/40  select_reuseport/reuseport_sockarray IPv6/UDP LOOPBACK test_detach_bpf:OK
#300/41  select_reuseport/sockmap IPv4/TCP LOOPBACK test_err_inner_map:OK
#300/42  select_reuseport/sockmap IPv4/TCP LOOPBACK test_err_skb_data:OK
#300/43  select_reuseport/sockmap IPv4/TCP LOOPBACK test_err_sk_select_port:OK
#300/44  select_reuseport/sockmap IPv4/TCP LOOPBACK test_pass:OK
#300/45  select_reuseport/sockmap IPv4/TCP LOOPBACK test_syncookie:OK
#300/46  select_reuseport/sockmap IPv4/TCP LOOPBACK test_pass_on_err:OK
#300/47  select_reuseport/sockmap IPv4/TCP LOOPBACK test_detach_bpf:OK
#300/48  select_reuseport/sockmap IPv4/TCP INANY test_err_inner_map:OK
#300/49  select_reuseport/sockmap IPv4/TCP INANY test_err_skb_data:OK
#300/50  select_reuseport/sockmap IPv4/TCP INANY test_err_sk_select_port:OK
#300/51  select_reuseport/sockmap IPv4/TCP INANY test_pass:OK
#300/52  select_reuseport/sockmap IPv4/TCP INANY test_syncookie:OK
#300/53  select_reuseport/sockmap IPv4/TCP INANY test_pass_on_err:OK
#300/54  select_reuseport/sockmap IPv4/TCP INANY test_detach_bpf:OK
#300/55  select_reuseport/sockmap IPv6/TCP LOOPBACK test_err_inner_map:OK
#300/56  select_reuseport/sockmap IPv6/TCP LOOPBACK test_err_skb_data:OK
#300/57  select_reuseport/sockmap IPv6/TCP LOOPBACK test_err_sk_select_port:OK
#300/58  select_reuseport/sockmap IPv6/TCP LOOPBACK test_pass:OK
#300/59  select_reuseport/sockmap IPv6/TCP LOOPBACK test_syncookie:OK
#300/60  select_reuseport/sockmap IPv6/TCP LOOPBACK test_pass_on_err:OK
#300/61  select_reuseport/sockmap IPv6/TCP LOOPBACK test_detach_bpf:OK
#300/62  select_reuseport/sockmap IPv6/TCP INANY test_err_inner_map:OK
#300/63  select_reuseport/sockmap IPv6/TCP INANY test_err_skb_data:OK
#300/64  select_reuseport/sockmap IPv6/TCP INANY test_err_sk_select_port:OK
#300/65  select_reuseport/sockmap IPv6/TCP INANY test_pass:OK
#300/66  select_reuseport/sockmap IPv6/TCP INANY test_syncookie:OK
#300/67  select_reuseport/sockmap IPv6/TCP INANY test_pass_on_err:OK
#300/68  select_reuseport/sockmap IPv6/TCP INANY test_detach_bpf:OK
#300/69  select_reuseport/sockmap IPv4/UDP LOOPBACK test_err_inner_map:OK
#300/70  select_reuseport/sockmap IPv4/UDP LOOPBACK test_err_skb_data:OK
#300/71  select_reuseport/sockmap IPv4/UDP LOOPBACK test_err_sk_select_port:OK
#300/72  select_reuseport/sockmap IPv4/UDP LOOPBACK test_pass:OK
#300/73  select_reuseport/sockmap IPv4/UDP LOOPBACK test_pass_on_err:OK
#300/74  select_reuseport/sockmap IPv4/UDP LOOPBACK test_detach_bpf:OK
#300/75  select_reuseport/sockmap IPv6/UDP LOOPBACK test_err_inner_map:OK
#300/76  select_reuseport/sockmap IPv6/UDP LOOPBACK test_err_skb_data:OK
#300/77  select_reuseport/sockmap IPv6/UDP LOOPBACK test_err_sk_select_port:OK
#300/78  select_reuseport/sockmap IPv6/UDP LOOPBACK test_pass:OK
#300/79  select_reuseport/sockmap IPv6/UDP LOOPBACK test_pass_on_err:OK
#300/80  select_reuseport/sockmap IPv6/UDP LOOPBACK test_detach_bpf:OK
#300/81  select_reuseport/sockhash IPv4/TCP LOOPBACK test_err_inner_map:OK
#300/82  select_reuseport/sockhash IPv4/TCP LOOPBACK test_err_skb_data:OK
#300/83  select_reuseport/sockhash IPv4/TCP LOOPBACK test_err_sk_select_port:OK
#300/84  select_reuseport/sockhash IPv4/TCP LOOPBACK test_pass:OK
#300/85  select_reuseport/sockhash IPv4/TCP LOOPBACK test_syncookie:OK
#300/86  select_reuseport/sockhash IPv4/TCP LOOPBACK test_pass_on_err:OK
#300/87  select_reuseport/sockhash IPv4/TCP LOOPBACK test_detach_bpf:OK
#300/88  select_reuseport/sockhash IPv4/TCP INANY test_err_inner_map:OK
#300/89  select_reuseport/sockhash IPv4/TCP INANY test_err_skb_data:OK
#300/90  select_reuseport/sockhash IPv4/TCP INANY test_err_sk_select_port:OK
#300/91  select_reuseport/sockhash IPv4/TCP INANY test_pass:OK
#300/92  select_reuseport/sockhash IPv4/TCP INANY test_syncookie:OK
#300/93  select_reuseport/sockhash IPv4/TCP INANY test_pass_on_err:OK
#300/94  select_reuseport/sockhash IPv4/TCP INANY test_detach_bpf:OK
#300/95  select_reuseport/sockhash IPv6/TCP LOOPBACK test_err_inner_map:OK
#300/96  select_reuseport/sockhash IPv6/TCP LOOPBACK test_err_skb_data:OK
#300/97  select_reuseport/sockhash IPv6/TCP LOOPBACK test_err_sk_select_port:OK
#300/98  select_reuseport/sockhash IPv6/TCP LOOPBACK test_pass:OK
#300/99  select_reuseport/sockhash IPv6/TCP LOOPBACK test_syncookie:OK
#300/100 select_reuseport/sockhash IPv6/TCP LOOPBACK test_pass_on_err:OK
#300/101 select_reuseport/sockhash IPv6/TCP LOOPBACK test_detach_bpf:OK
#300/102 select_reuseport/sockhash IPv6/TCP INANY test_err_inner_map:OK
#300/103 select_reuseport/sockhash IPv6/TCP INANY test_err_skb_data:OK
#300/104 select_reuseport/sockhash IPv6/TCP INANY test_err_sk_select_port:OK
#300/105 select_reuseport/sockhash IPv6/TCP INANY test_pass:OK
#300/106 select_reuseport/sockhash IPv6/TCP INANY test_syncookie:OK
#300/107 select_reuseport/sockhash IPv6/TCP INANY test_pass_on_err:OK
#300/108 select_reuseport/sockhash IPv6/TCP INANY test_detach_bpf:OK
#300/109 select_reuseport/sockhash IPv4/UDP LOOPBACK test_err_inner_map:OK
#300/110 select_reuseport/sockhash IPv4/UDP LOOPBACK test_err_skb_data:OK
#300/111 select_reuseport/sockhash IPv4/UDP LOOPBACK test_err_sk_select_port:OK
#300/112 select_reuseport/sockhash IPv4/UDP LOOPBACK test_pass:OK
#300/113 select_reuseport/sockhash IPv4/UDP LOOPBACK test_pass_on_err:OK
#300/114 select_reuseport/sockhash IPv4/UDP LOOPBACK test_detach_bpf:OK
#300/115 select_reuseport/sockhash IPv6/UDP LOOPBACK test_err_inner_map:OK
#300/116 select_reuseport/sockhash IPv6/UDP LOOPBACK test_err_skb_data:OK
#300/117 select_reuseport/sockhash IPv6/UDP LOOPBACK test_err_sk_select_port:OK
#300/118 select_reuseport/sockhash IPv6/UDP LOOPBACK test_pass:OK
#300/119 select_reuseport/sockhash IPv6/UDP LOOPBACK test_pass_on_err:OK
#300/120 select_reuseport/sockhash IPv6/UDP LOOPBACK test_detach_bpf:OK
#300     select_reuseport:OK
[  128.889569] perf: interrupt took too long (2507 > 2500), lowering kernel.perf_event_max_sample_rate to 79000
[  128.924647] perf: interrupt took too long (3141 > 3133), lowering kernel.perf_event_max_sample_rate to 63000
[  128.994764] perf: interrupt took too long (3929 > 3926), lowering kernel.perf_event_max_sample_rate to 50000
#301/1   send_signal/send_signal_tracepoint:OK
#301/2   send_signal/send_signal_perf:OK
#301/3   send_signal/send_signal_nmi:OK
#301/4   send_signal/send_signal_tracepoint_thread:OK
#301/5   send_signal/send_signal_perf_thread:OK
#301/6   send_signal/send_signal_nmi_thread:OK
#301/7   send_signal/send_signal_tracepoint_remote:OK
#301/8   send_signal/send_signal_perf_remote:OK
#301/9   send_signal/send_signal_nmi_remote:OK
#301/10  send_signal/send_signal_tracepoint_thread_remote:OK
#301/11  send_signal/send_signal_perf_thread_remote:OK
#301/12  send_signal/send_signal_nmi_thread_remote:OK
#301     send_signal:OK
#302     send_signal_sched_switch:OK
#303     setget_sockopt:OK
#304     signal_pending:OK
#305/1   sk_assign/ipv4 tcp port redir:OK
#305/2   sk_assign/ipv4 tcp addr redir:OK
#305/3   sk_assign/ipv6 tcp port redir:OK
#305/4   sk_assign/ipv6 tcp addr redir:OK
#305/5   sk_assign/ipv4 udp port redir:OK
#305/6   sk_assign/ipv4 udp addr redir:OK
#305/7   sk_assign/ipv6 udp port redir:OK
#305/8   sk_assign/ipv6 udp addr redir:OK
#305     sk_assign:OK
#306/1   sk_lookup/query lookup prog:OK
#306/2   sk_lookup/TCP IPv4 redir port:OK
#306/3   sk_lookup/TCP IPv4 redir addr:OK
#306/4   sk_lookup/TCP IPv4 redir with reuseport:OK
#306/5   sk_lookup/TCP IPv4 redir skip reuseport:OK
#306/6   sk_lookup/TCP IPv6 redir port:OK
#306/7   sk_lookup/TCP IPv6 redir addr:OK
#306/8   sk_lookup/TCP IPv4->IPv6 redir port:OK
#306/9   sk_lookup/TCP IPv6 redir with reuseport:OK
#306/10  sk_lookup/TCP IPv6 redir skip reuseport:OK
#306/11  sk_lookup/UDP IPv4 redir port:OK
#306/12  sk_lookup/UDP IPv4 redir addr:OK
#306/13  sk_lookup/UDP IPv4 redir with reuseport:OK
#306/14  sk_lookup/UDP IPv4 redir and reuseport with conns:OK
#306/15  sk_lookup/UDP IPv4 redir skip reuseport:OK
#306/16  sk_lookup/UDP IPv6 redir port:OK
#306/17  sk_lookup/UDP IPv6 redir addr:OK
#306/18  sk_lookup/UDP IPv4->IPv6 redir port:OK
#306/19  sk_lookup/UDP IPv6 redir and reuseport:OK
#306/20  sk_lookup/UDP IPv6 redir and reuseport with conns:OK
#306/21  sk_lookup/UDP IPv6 redir skip reuseport:OK
#306/22  sk_lookup/TCP IPv4 drop on lookup:OK
#306/23  sk_lookup/TCP IPv6 drop on lookup:OK
#306/24  sk_lookup/UDP IPv4 drop on lookup:OK
#306/25  sk_lookup/UDP IPv6 drop on lookup:OK
#306/26  sk_lookup/TCP IPv4 drop on valid ifindex:OK
#306/27  sk_lookup/TCP IPv6 drop on valid ifindex:OK
#306/28  sk_lookup/UDP IPv4 drop on valid ifindex:OK
#306/29  sk_lookup/UDP IPv6 drop on valid ifindex:OK
#306/30  sk_lookup/TCP IPv4 drop on reuseport:OK
#306/31  sk_lookup/TCP IPv6 drop on reuseport:OK
#306/32  sk_lookup/UDP IPv4 drop on reuseport:OK
#306/33  sk_lookup/TCP IPv6 drop on reuseport:OK
#306/34  sk_lookup/sk_assign returns EEXIST:OK
#306/35  sk_lookup/sk_assign honors F_REPLACE:OK
#306/36  sk_lookup/sk_assign accepts NULL socket:OK
#306/37  sk_lookup/access ctx->sk:OK
#306/38  sk_lookup/narrow access to ctx v4:OK
#306/39  sk_lookup/narrow access to ctx v6:OK
#306/40  sk_lookup/sk_assign rejects TCP established:OK
#306/41  sk_lookup/sk_assign rejects UDP connected:OK
#306/42  sk_lookup/multi prog - pass, pass:OK
#306/43  sk_lookup/multi prog - drop, drop:OK
#306/44  sk_lookup/multi prog - pass, drop:OK
#306/45  sk_lookup/multi prog - drop, pass:OK
#306/46  sk_lookup/multi prog - pass, redir:OK
#306/47  sk_lookup/multi prog - redir, pass:OK
#306/48  sk_lookup/multi prog - drop, redir:OK
#306/49  sk_lookup/multi prog - redir, drop:OK
#306/50  sk_lookup/multi prog - redir, redir:OK
#306     sk_lookup:OK
#307     sk_storage_omem_uncharge:OK
#308     sk_storage_tracing:OK
#309     skb_ctx:OK
#310     skb_helpers:OK
#311     skb_load_bytes:OK
#312     skc_to_unix_sock:OK
#313     skeleton:OK
#314/1   snprintf/snprintf_positive:OK
#314/2   snprintf/snprintf_negative:OK
#314     snprintf:OK
#315     snprintf_btf:OK
#316/1   sock_addr/bind4: bind (stream):OK
#316/2   sock_addr/bind4: bind deny (stream):OK
#316/3   sock_addr/bind4: bind (dgram):OK
#316/4   sock_addr/bind4: bind deny (dgram):OK
#316/5   sock_addr/bind4: load prog with wrong expected attach type:OK
#316/6   sock_addr/bind4: attach prog with wrong attach type:OK
#316/7   sock_addr/bind6: bind (stream):OK
#316/8   sock_addr/bind6: bind deny (stream):OK
#316/9   sock_addr/bind6: bind (dgram):OK
#316/10  sock_addr/bind6: bind deny (dgram):OK
#316/11  sock_addr/bind6: load prog with wrong expected attach type:OK
#316/12  sock_addr/bind6: attach prog with wrong attach type:OK
#316/13  sock_addr/bind4: kernel_bind (stream):OK
#316/14  sock_addr/bind4: kernel_bind deny (stream):OK
#316/15  sock_addr/bind4: kernel_bind (dgram):OK
#316/16  sock_addr/bind4: kernel_bind deny (dgram):OK
#316/17  sock_addr/bind6: kernel_bind (stream):OK
#316/18  sock_addr/bind6: kernel_bind deny (stream):OK
#316/19  sock_addr/bind6: kernel_bind (dgram):OK
#316/20  sock_addr/bind6: kernel_bind deny (dgram):OK
#316/21  sock_addr/connect4: connect (stream):OK
#316/22  sock_addr/connect4: connect deny (stream):OK
#316/23  sock_addr/connect4: connect (dgram):OK
#316/24  sock_addr/connect4: connect deny (dgram):OK
#316/25  sock_addr/connect4: load prog with wrong expected attach type:OK
#316/26  sock_addr/connect4: attach prog with wrong attach type:OK
#316/27  sock_addr/connect6: connect (stream):OK
#316/28  sock_addr/connect6: connect deny (stream):OK
#316/29  sock_addr/connect6: connect (dgram):OK
#316/30  sock_addr/connect6: connect deny (dgram):OK
#316/31  sock_addr/connect6: load prog with wrong expected attach type:OK
#316/32  sock_addr/connect6: attach prog with wrong attach type:OK
#316/33  sock_addr/connect_unix: connect (stream):OK
#316/34  sock_addr/connect_unix: connect deny (stream):OK
#316/35  sock_addr/connect_unix: attach prog with wrong attach type:OK
#316/36  sock_addr/connect4: kernel_connect (stream):OK
#316/37  sock_addr/connect4: kernel_connect deny (stream):OK
#316/38  sock_addr/connect4: kernel_connect (dgram):OK
#316/39  sock_addr/connect4: kernel_connect deny (dgram):OK
#316/40  sock_addr/connect6: kernel_connect (stream):OK
#316/41  sock_addr/connect6: kernel_connect deny (stream):OK
#316/42  sock_addr/connect6: kernel_connect (dgram):OK
#316/43  sock_addr/connect6: kernel_connect deny (dgram):OK
#316/44  sock_addr/connect_unix: kernel_connect (dgram):OK
#316/45  sock_addr/connect_unix: kernel_connect deny (dgram):OK
#316/46  sock_addr/sendmsg4: sendmsg (dgram):OK
#316/47  sock_addr/sendmsg4: sendmsg deny (dgram):OK
#316/48  sock_addr/sendmsg4: load prog with wrong expected attach type:OK
#316/49  sock_addr/sendmsg4: attach prog with wrong attach type:OK
#316/50  sock_addr/sendmsg6: sendmsg (dgram):OK
#316/51  sock_addr/sendmsg6: sendmsg [::] (BSD'ism) (dgram):OK
#316/52  sock_addr/sendmsg6: sendmsg deny (dgram):OK
#316/53  sock_addr/sendmsg6: sendmsg IPv4-mapped IPv6 (dgram):OK
#316/54  sock_addr/sendmsg6: sendmsg dst IP = [::] (BSD'ism) (dgram):OK
#316/55  sock_addr/sendmsg6: load prog with wrong expected attach type:OK
#316/56  sock_addr/sendmsg6: attach prog with wrong attach type:OK
#316/57  sock_addr/sendmsg_unix: sendmsg (dgram):OK
#316/58  sock_addr/sendmsg_unix: sendmsg deny (dgram):OK
#316/59  sock_addr/sendmsg_unix: attach prog with wrong attach type:OK
#316/60  sock_addr/sendmsg4: sock_sendmsg (dgram):OK
#316/61  sock_addr/sendmsg4: sock_sendmsg deny (dgram):OK
#316/62  sock_addr/sendmsg6: sock_sendmsg (dgram):OK
#316/63  sock_addr/sendmsg6: sock_sendmsg [::] (BSD'ism) (dgram):OK
#316/64  sock_addr/sendmsg6: sock_sendmsg deny (dgram):OK
#316/65  sock_addr/sendmsg_unix: sock_sendmsg (dgram):OK
#316/66  sock_addr/sendmsg_unix: sock_sendmsg deny (dgram):OK
#316/67  sock_addr/sendmsg4: kernel_sendmsg (dgram):OK
#316/68  sock_addr/sendmsg4: kernel_sendmsg deny (dgram):OK
#316/69  sock_addr/sendmsg6: kernel_sendmsg (dgram):OK
#316/70  sock_addr/sendmsg6: kernel_sendmsg [::] (BSD'ism) (dgram):OK
#316/71  sock_addr/sendmsg6: kernel_sendmsg deny (dgram):OK
#316/72  sock_addr/sendmsg_unix: sock_sendmsg (dgram):OK
#316/73  sock_addr/sendmsg_unix: kernel_sendmsg deny (dgram):OK
#316/74  sock_addr/recvmsg4: recvfrom (dgram):OK
#316/75  sock_addr/recvmsg4: attach prog with wrong attach type:OK
#316/76  sock_addr/recvmsg6: recvfrom (dgram):OK
#316/77  sock_addr/recvmsg6: attach prog with wrong attach type:OK
#316/78  sock_addr/recvmsg_unix: recvfrom (dgram):OK
#316/79  sock_addr/recvmsg_unix: recvfrom (stream):OK
#316/80  sock_addr/recvmsg_unix: attach prog with wrong attach type:OK
#316/81  sock_addr/getsockname4: getsockname (stream):OK
#316/82  sock_addr/getsockname4: getsockname (dgram):OK
#316/83  sock_addr/getsockname4: attach prog with wrong attach type:OK
#316/84  sock_addr/getsockname6: getsockname (stream):OK
#316/85  sock_addr/getsockname6: getsockname (dgram):OK
#316/86  sock_addr/getsockname6: attach prog with wrong attach type:OK
#316/87  sock_addr/getsockname_unix: getsockname:OK
#316/88  sock_addr/getsockname_unix: attach prog with wrong attach type:OK
#316/89  sock_addr/getsockname4: kernel_getsockname (stream):OK
#316/90  sock_addr/getsockname4: kernel_getsockname (dgram):OK
#316/91  sock_addr/getsockname6: kernel_getsockname (stream):OK
#316/92  sock_addr/getsockname6: kernel_getsockname (dgram):OK
#316/93  sock_addr/getsockname_unix: kernel_getsockname:OK
#316/94  sock_addr/getpeername4: getpeername (stream):OK
#316/95  sock_addr/getpeername4: getpeername (dgram):OK
#316/96  sock_addr/getpeername4: attach prog with wrong attach type:OK
#316/97  sock_addr/getpeername6: getpeername (stream):OK
#316/98  sock_addr/getpeername6: getpeername (dgram):OK
#316/99  sock_addr/getpeername6: attach prog with wrong attach type:OK
#316/100 sock_addr/getpeername_unix: getpeername:OK
#316/101 sock_addr/getpeername_unix: attach prog with wrong attach type:OK
#316/102 sock_addr/getpeername4: kernel_getpeername (stream):OK
#316/103 sock_addr/getpeername4: kernel_getpeername (dgram):OK
#316/104 sock_addr/getpeername6: kernel_getpeername (stream):OK
#316/105 sock_addr/getpeername6: kernel_getpeername (dgram):OK
#316/106 sock_addr/getpeername_unix: kernel_getpeername:OK
#316     sock_addr:OK
#317/1   sock_create/AF_INET set priority:OK
#317/2   sock_create/AF_INET6 set priority:OK
#317/3   sock_create/AF_INET set mark:OK
#317/4   sock_create/AF_INET6 set mark:OK
#317/5   sock_create/AF_INET bound to iface:OK
#317/6   sock_create/AF_INET6 bound to iface:OK
#317/7   sock_create/block AF_INET, SOCK_DGRAM, IPPROTO_ICMP socket:OK
#317/8   sock_create/block AF_INET6, SOCK_DGRAM, IPPROTO_ICMPV6 socket:OK
#317/9   sock_create/load w/o expected_attach_type (compat mode):OK
#317     sock_create:OK
#318/1   sock_destroy/tcp_client:OK
#318/2   sock_destroy/tcp_server:OK
#318/3   sock_destroy/udp_client:OK
#318/4   sock_destroy/udp_server:OK
#318/5   sock_destroy/trace_tcp_destroy_sock:OK
#318     sock_destroy:OK
#319     sock_fields:OK
#320/1   sock_iter_batch/tcp:OK
#320/2   sock_iter_batch/udp:OK
#320     sock_iter_batch:OK
#321/1   sock_post_bind/attach type mismatch bind4 vs bind6:OK
#321/2   sock_post_bind/attach type mismatch bind6 vs bind4:OK
#321/3   sock_post_bind/attach type mismatch default vs bind4:OK
#321/4   sock_post_bind/attach type mismatch bind6 vs sock_create:OK
#321/5   sock_post_bind/bind4 reject all:OK
#321/6   sock_post_bind/bind6 reject all:OK
#321/7   sock_post_bind/bind6 deny specific IP & port:OK
#321/8   sock_post_bind/bind4 allow specific IP & port:OK
#321/9   sock_post_bind/bind4 deny specific IP & port of TCP, and retry:OK
#321/10  sock_post_bind/bind4 deny specific IP & port of UDP, and retry:OK
#321/11  sock_post_bind/bind6 deny specific IP & port, and retry:OK
#321/12  sock_post_bind/bind4 allow all:OK
#321/13  sock_post_bind/bind6 allow all:OK
#321     sock_post_bind:OK
#322     socket_cookie:OK
#323/1   sockmap_basic/sockmap create_update_free:OK
#323/2   sockmap_basic/sockhash create_update_free:OK
#323/3   sockmap_basic/sockmap vsock delete on close:OK
#323/4   sockmap_basic/sockmap sk_msg load helpers:OK
#323/5   sockmap_basic/sockhash sk_msg load helpers:OK
#323/6   sockmap_basic/sockmap update:OK
#323/7   sockmap_basic/sockhash update:OK
#323/8   sockmap_basic/sockmap update in unsafe context:OK
#323/9   sockmap_basic/sockmap copy:OK
#323/10  sockmap_basic/sockhash copy:OK
#323/11  sockmap_basic/sockmap skb_verdict attach:OK
#323/12  sockmap_basic/sockmap skb_verdict attach_with_link:OK
#323/13  sockmap_basic/sockmap msg_verdict progs query:OK
#323/14  sockmap_basic/sockmap stream_parser progs query:OK
#323/15  sockmap_basic/sockmap stream_verdict progs query:OK
#323/16  sockmap_basic/sockmap skb_verdict progs query:OK
#323/17  sockmap_basic/sockmap skb_verdict shutdown:OK
#323/18  sockmap_basic/sockmap stream parser and verdict pass:OK
#323/19  sockmap_basic/sockmap skb_verdict fionread:OK
#323/20  sockmap_basic/sockmap skb_verdict fionread on drop:OK
#323/21  sockmap_basic/sockmap skb_verdict change tail:OK
#323/22  sockmap_basic/sockmap skb_verdict msg_f_peek:OK
#323/23  sockmap_basic/sockmap skb_verdict msg_f_peek with link:OK
#323/24  sockmap_basic/sockmap unconnected af_unix:OK
#323/25  sockmap_basic/sockmap one socket to many map entries:OK
#323/26  sockmap_basic/sockmap one socket to many maps:OK
#323/27  sockmap_basic/sockmap same socket replace:OK
#323/28  sockmap_basic/sockmap sk_msg attach sockmap helpers with link:OK
#323/29  sockmap_basic/sockhash sk_msg attach sockhash helpers with link:OK
#323/30  sockmap_basic/sockmap skb_verdict vsock poll:OK
#323     sockmap_basic:OK
#324/1   sockmap_ktls/sockmap_ktls disconnect_after_delete IPv4 SOCKMAP:OK
#324/2   sockmap_ktls/sockmap_ktls update_fails_when_sock_has_ulp IPv4 SOCKMAP:OK
#324/3   sockmap_ktls/sockmap_ktls disconnect_after_delete IPv4 SOCKMAP:OK
#324/4   sockmap_ktls/sockmap_ktls update_fails_when_sock_has_ulp IPv4 SOCKMAP:OK
#324/5   sockmap_ktls/sockmap_ktls disconnect_after_delete IPv4 SOCKMAP:OK
#324/6   sockmap_ktls/sockmap_ktls update_fails_when_sock_has_ulp IPv4 SOCKMAP:OK
#324/7   sockmap_ktls/sockmap_ktls disconnect_after_delete IPv4 SOCKMAP:OK
#324/8   sockmap_ktls/sockmap_ktls update_fails_when_sock_has_ulp IPv4 SOCKMAP:OK
#324     sockmap_ktls:OK
#325/1   sockmap_listen/sockmap IPv4 TCP test_insert_invalid:OK
#325/2   sockmap_listen/sockmap IPv4 TCP test_insert_opened:OK
#325/3   sockmap_listen/sockmap IPv4 TCP test_insert_bound:OK
#325/4   sockmap_listen/sockmap IPv4 TCP test_insert:OK
#325/5   sockmap_listen/sockmap IPv4 TCP test_delete_after_insert:OK
#325/6   sockmap_listen/sockmap IPv4 TCP test_delete_after_close:OK
#325/7   sockmap_listen/sockmap IPv4 TCP test_lookup_after_insert:OK
#325/8   sockmap_listen/sockmap IPv4 TCP test_lookup_after_delete:OK
#325/9   sockmap_listen/sockmap IPv4 TCP test_lookup_32_bit_value:OK
#325/10  sockmap_listen/sockmap IPv4 TCP test_update_existing:OK
#325/11  sockmap_listen/sockmap IPv4 TCP test_destroy_orphan_child:OK
#325/12  sockmap_listen/sockmap IPv4 TCP test_syn_recv_insert_delete:OK
#325/13  sockmap_listen/sockmap IPv4 TCP test_race_insert_listen:OK
#325/14  sockmap_listen/sockmap IPv4 TCP test_clone_after_delete:OK
#325/15  sockmap_listen/sockmap IPv4 TCP test_accept_after_delete:OK
#325/16  sockmap_listen/sockmap IPv4 TCP test_accept_before_delete:OK
#325/17  sockmap_listen/sockmap IPv4 UDP test_insert_invalid:OK
#325/18  sockmap_listen/sockmap IPv4 UDP test_insert_opened:OK
#325/19  sockmap_listen/sockmap IPv4 UDP test_insert:OK
#325/20  sockmap_listen/sockmap IPv4 UDP test_delete_after_insert:OK
#325/21  sockmap_listen/sockmap IPv4 UDP test_delete_after_close:OK
#325/22  sockmap_listen/sockmap IPv4 UDP test_lookup_after_insert:OK
#325/23  sockmap_listen/sockmap IPv4 UDP test_lookup_after_delete:OK
#325/24  sockmap_listen/sockmap IPv4 UDP test_lookup_32_bit_value:OK
#325/25  sockmap_listen/sockmap IPv4 UDP test_update_existing:OK
#325/26  sockmap_listen/sockmap IPv4 test_skb_redir_to_connected:OK
#325/27  sockmap_listen/sockmap IPv4 test_skb_redir_to_listening:OK
#325/28  sockmap_listen/sockmap IPv4 test_skb_redir_partial:OK
#325/29  sockmap_listen/sockmap IPv4 test_msg_redir_to_connected:OK
#325/30  sockmap_listen/sockmap IPv4 test_msg_redir_to_connected_with_link:OK
#325/31  sockmap_listen/sockmap IPv4 test_msg_redir_to_listening:OK
#325/32  sockmap_listen/sockmap IPv4 test_msg_redir_to_listening_with_link:OK
#325/33  sockmap_listen/sockmap IPv4 TCP test_reuseport_select_listening:OK
#325/34  sockmap_listen/sockmap IPv4 TCP test_reuseport_select_connected:OK
#325/35  sockmap_listen/sockmap IPv4 TCP test_reuseport_mixed_groups:OK
#325/36  sockmap_listen/sockmap IPv4 UDP test_reuseport_select_listening:OK
#325/37  sockmap_listen/sockmap IPv4 UDP test_reuseport_select_connected:OK
#325/38  sockmap_listen/sockmap IPv4 UDP test_reuseport_mixed_groups:OK
#325/39  sockmap_listen/sockmap IPv4 test_udp_redir:OK
#325/40  sockmap_listen/sockmap IPv4 test_udp_unix_redir:OK
#325/41  sockmap_listen/sockmap IPv6 TCP test_insert_invalid:OK
#325/42  sockmap_listen/sockmap IPv6 TCP test_insert_opened:OK
#325/43  sockmap_listen/sockmap IPv6 TCP test_insert_bound:OK
#325/44  sockmap_listen/sockmap IPv6 TCP test_insert:OK
#325/45  sockmap_listen/sockmap IPv6 TCP test_delete_after_insert:OK
#325/46  sockmap_listen/sockmap IPv6 TCP test_delete_after_close:OK
#325/47  sockmap_listen/sockmap IPv6 TCP test_lookup_after_insert:OK
#325/48  sockmap_listen/sockmap IPv6 TCP test_lookup_after_delete:OK
#325/49  sockmap_listen/sockmap IPv6 TCP test_lookup_32_bit_value:OK
#325/50  sockmap_listen/sockmap IPv6 TCP test_update_existing:OK
#325/51  sockmap_listen/sockmap IPv6 TCP test_destroy_orphan_child:OK
#325/52  sockmap_listen/sockmap IPv6 TCP test_syn_recv_insert_delete:OK
#325/53  sockmap_listen/sockmap IPv6 TCP test_race_insert_listen:OK
#325/54  sockmap_listen/sockmap IPv6 TCP test_clone_after_delete:OK
#325/55  sockmap_listen/sockmap IPv6 TCP test_accept_after_delete:OK
#325/56  sockmap_listen/sockmap IPv6 TCP test_accept_before_delete:OK
#325/57  sockmap_listen/sockmap IPv6 UDP test_insert_invalid:OK
#325/58  sockmap_listen/sockmap IPv6 UDP test_insert_opened:OK
#325/59  sockmap_listen/sockmap IPv6 UDP test_insert:OK
#325/60  sockmap_listen/sockmap IPv6 UDP test_delete_after_insert:OK
#325/61  sockmap_listen/sockmap IPv6 UDP test_delete_after_close:OK
#325/62  sockmap_listen/sockmap IPv6 UDP test_lookup_after_insert:OK
#325/63  sockmap_listen/sockmap IPv6 UDP test_lookup_after_delete:OK
#325/64  sockmap_listen/sockmap IPv6 UDP test_lookup_32_bit_value:OK
#325/65  sockmap_listen/sockmap IPv6 UDP test_update_existing:OK
#325/66  sockmap_listen/sockmap IPv6 test_skb_redir_to_connected:OK
#325/67  sockmap_listen/sockmap IPv6 test_skb_redir_to_listening:OK
#325/68  sockmap_listen/sockmap IPv6 test_skb_redir_partial:OK
#325/69  sockmap_listen/sockmap IPv6 test_msg_redir_to_connected:OK
#325/70  sockmap_listen/sockmap IPv6 test_msg_redir_to_connected_with_link:OK
#325/71  sockmap_listen/sockmap IPv6 test_msg_redir_to_listening:OK
#325/72  sockmap_listen/sockmap IPv6 test_msg_redir_to_listening_with_link:OK
#325/73  sockmap_listen/sockmap IPv6 TCP test_reuseport_select_listening:OK
#325/74  sockmap_listen/sockmap IPv6 TCP test_reuseport_select_connected:OK
#325/75  sockmap_listen/sockmap IPv6 TCP test_reuseport_mixed_groups:OK
#325/76  sockmap_listen/sockmap IPv6 UDP test_reuseport_select_listening:OK
#325/77  sockmap_listen/sockmap IPv6 UDP test_reuseport_select_connected:OK
#325/78  sockmap_listen/sockmap IPv6 UDP test_reuseport_mixed_groups:OK
#325/79  sockmap_listen/sockmap IPv6 test_udp_redir:OK
#325/80  sockmap_listen/sockmap IPv6 test_udp_unix_redir:OK
#325/81  sockmap_listen/sockmap Unix test_unix_redir:OK
#325/82  sockmap_listen/sockmap Unix test_unix_redir:OK
#325/83  sockmap_listen/sockmap VSOCK test_vsock_redir:OK
#325/84  sockmap_listen/sockhash IPv4 TCP test_insert_invalid:OK
#325/85  sockmap_listen/sockhash IPv4 TCP test_insert_opened:OK
#325/86  sockmap_listen/sockhash IPv4 TCP test_insert_bound:OK
#325/87  sockmap_listen/sockhash IPv4 TCP test_insert:OK
#325/88  sockmap_listen/sockhash IPv4 TCP test_delete_after_insert:OK
#325/89  sockmap_listen/sockhash IPv4 TCP test_delete_after_close:OK
#325/90  sockmap_listen/sockhash IPv4 TCP test_lookup_after_insert:OK
#325/91  sockmap_listen/sockhash IPv4 TCP test_lookup_after_delete:OK
#325/92  sockmap_listen/sockhash IPv4 TCP test_lookup_32_bit_value:OK
#325/93  sockmap_listen/sockhash IPv4 TCP test_update_existing:OK
#325/94  sockmap_listen/sockhash IPv4 TCP test_destroy_orphan_child:OK
#325/95  sockmap_listen/sockhash IPv4 TCP test_syn_recv_insert_delete:OK
#325/96  sockmap_listen/sockhash IPv4 TCP test_race_insert_listen:OK
#325/97  sockmap_listen/sockhash IPv4 TCP test_clone_after_delete:OK
#325/98  sockmap_listen/sockhash IPv4 TCP test_accept_after_delete:OK
#325/99  sockmap_listen/sockhash IPv4 TCP test_accept_before_delete:OK
#325/100 sockmap_listen/sockhash IPv4 UDP test_insert_invalid:OK
#325/101 sockmap_listen/sockhash IPv4 UDP test_insert_opened:OK
#325/102 sockmap_listen/sockhash IPv4 UDP test_insert:OK
#325/103 sockmap_listen/sockhash IPv4 UDP test_delete_after_insert:OK
#325/104 sockmap_listen/sockhash IPv4 UDP test_delete_after_close:OK
#325/105 sockmap_listen/sockhash IPv4 UDP test_lookup_after_insert:OK
#325/106 sockmap_listen/sockhash IPv4 UDP test_lookup_after_delete:OK
#325/107 sockmap_listen/sockhash IPv4 UDP test_lookup_32_bit_value:OK
#325/108 sockmap_listen/sockhash IPv4 UDP test_update_existing:OK
#325/109 sockmap_listen/sockhash IPv4 test_skb_redir_to_connected:OK
#325/110 sockmap_listen/sockhash IPv4 test_skb_redir_to_listening:OK
#325/111 sockmap_listen/sockhash IPv4 test_skb_redir_partial:OK
#325/112 sockmap_listen/sockhash IPv4 test_msg_redir_to_connected:OK
#325/113 sockmap_listen/sockhash IPv4 test_msg_redir_to_connected_with_link:OK
#325/114 sockmap_listen/sockhash IPv4 test_msg_redir_to_listening:OK
#325/115 sockmap_listen/sockhash IPv4 test_msg_redir_to_listening_with_link:OK
#325/116 sockmap_listen/sockhash IPv4 TCP test_reuseport_select_listening:OK
#325/117 sockmap_listen/sockhash IPv4 TCP test_reuseport_select_connected:OK
#325/118 sockmap_listen/sockhash IPv4 TCP test_reuseport_mixed_groups:OK
#325/119 sockmap_listen/sockhash IPv4 UDP test_reuseport_select_listening:OK
#325/120 sockmap_listen/sockhash IPv4 UDP test_reuseport_select_connected:OK
#325/121 sockmap_listen/sockhash IPv4 UDP test_reuseport_mixed_groups:OK
#325/122 sockmap_listen/sockhash IPv4 test_udp_redir:OK
#325/123 sockmap_listen/sockhash IPv4 test_udp_unix_redir:OK
#325/124 sockmap_listen/sockhash IPv6 TCP test_insert_invalid:OK
#325/125 sockmap_listen/sockhash IPv6 TCP test_insert_opened:OK
#325/126 sockmap_listen/sockhash IPv6 TCP test_insert_bound:OK
#325/127 sockmap_listen/sockhash IPv6 TCP test_insert:OK
#325/128 sockmap_listen/sockhash IPv6 TCP test_delete_after_insert:OK
#325/129 sockmap_listen/sockhash IPv6 TCP test_delete_after_close:OK
#325/130 sockmap_listen/sockhash IPv6 TCP test_lookup_after_insert:OK
#325/131 sockmap_listen/sockhash IPv6 TCP test_lookup_after_delete:OK
#325/132 sockmap_listen/sockhash IPv6 TCP test_lookup_32_bit_value:OK
#325/133 sockmap_listen/sockhash IPv6 TCP test_update_existing:OK
#325/134 sockmap_listen/sockhash IPv6 TCP test_destroy_orphan_child:OK
#325/135 sockmap_listen/sockhash IPv6 TCP test_syn_recv_insert_delete:OK
#325/136 sockmap_listen/sockhash IPv6 TCP test_race_insert_listen:OK
#325/137 sockmap_listen/sockhash IPv6 TCP test_clone_after_delete:OK
#325/138 sockmap_listen/sockhash IPv6 TCP test_accept_after_delete:OK
#325/139 sockmap_listen/sockhash IPv6 TCP test_accept_before_delete:OK
#325/140 sockmap_listen/sockhash IPv6 UDP test_insert_invalid:OK
#325/141 sockmap_listen/sockhash IPv6 UDP test_insert_opened:OK
#325/142 sockmap_listen/sockhash IPv6 UDP test_insert:OK
#325/143 sockmap_listen/sockhash IPv6 UDP test_delete_after_insert:OK
#325/144 sockmap_listen/sockhash IPv6 UDP test_delete_after_close:OK
#325/145 sockmap_listen/sockhash IPv6 UDP test_lookup_after_insert:OK
#325/146 sockmap_listen/sockhash IPv6 UDP test_lookup_after_delete:OK
#325/147 sockmap_listen/sockhash IPv6 UDP test_lookup_32_bit_value:OK
#325/148 sockmap_listen/sockhash IPv6 UDP test_update_existing:OK
#325/149 sockmap_listen/sockhash IPv6 test_skb_redir_to_connected:OK
#325/150 sockmap_listen/sockhash IPv6 test_skb_redir_to_listening:OK
#325/151 sockmap_listen/sockhash IPv6 test_skb_redir_partial:OK
#325/152 sockmap_listen/sockhash IPv6 test_msg_redir_to_connected:OK
#325/153 sockmap_listen/sockhash IPv6 test_msg_redir_to_connected_with_link:OK
#325/154 sockmap_listen/sockhash IPv6 test_msg_redir_to_listening:OK
#325/155 sockmap_listen/sockhash IPv6 test_msg_redir_to_listening_with_link:OK
#325/156 sockmap_listen/sockhash IPv6 TCP test_reuseport_select_listening:OK
#325/157 sockmap_listen/sockhash IPv6 TCP test_reuseport_select_connected:OK
#325/158 sockmap_listen/sockhash IPv6 TCP test_reuseport_mixed_groups:OK
#325/159 sockmap_listen/sockhash IPv6 UDP test_reuseport_select_listening:OK
#325/160 sockmap_listen/sockhash IPv6 UDP test_reuseport_select_connected:OK
#325/161 sockmap_listen/sockhash IPv6 UDP test_reuseport_mixed_groups:OK
#325/162 sockmap_listen/sockhash IPv6 test_udp_redir:OK
#325/163 sockmap_listen/sockhash IPv6 test_udp_unix_redir:OK
#325/164 sockmap_listen/sockhash Unix test_unix_redir:OK
#325/165 sockmap_listen/sockhash Unix test_unix_redir:OK
#325/166 sockmap_listen/sockhash VSOCK test_vsock_redir:OK
#325     sockmap_listen:OK
[  135.757957] bpf getsockopt: ignoring program buffer with optlen=4097 (max_optlen=4096)
[  135.766907] bpf setsockopt: ignoring program buffer with optlen=4097 (max_optlen=4096)
#326/1   sockopt/getsockopt: no expected_attach_type:OK
#326/2   sockopt/getsockopt: wrong expected_attach_type:OK
#326/3   sockopt/getsockopt: bypass bpf hook:OK
#326/4   sockopt/getsockopt: return EPERM from bpf hook:OK
#326/5   sockopt/getsockopt: no optval bounds check, deny loading:OK
#326/6   sockopt/getsockopt: read ctx->level:OK
#326/7   sockopt/getsockopt: deny writing to ctx->level:OK
#326/8   sockopt/getsockopt: read ctx->optname:OK
#326/9   sockopt/getsockopt: read ctx->retval:OK
#326/10  sockopt/getsockopt: deny writing to ctx->optname:OK
#326/11  sockopt/getsockopt: read ctx->optlen:OK
#326/12  sockopt/getsockopt: deny bigger ctx->optlen:OK
#326/13  sockopt/getsockopt: ignore >PAGE_SIZE optlen:OK
#326/14  sockopt/getsockopt: support smaller ctx->optlen:OK
#326/15  sockopt/getsockopt: deny writing to ctx->optval:OK
#326/16  sockopt/getsockopt: deny writing to ctx->optval_end:OK
#326/17  sockopt/getsockopt: rewrite value:OK
#326/18  sockopt/setsockopt: no expected_attach_type:OK
#326/19  sockopt/setsockopt: wrong expected_attach_type:OK
#326/20  sockopt/setsockopt: bypass bpf hook:OK
#326/21  sockopt/setsockopt: return EPERM from bpf hook:OK
#326/22  sockopt/setsockopt: no optval bounds check, deny loading:OK
#326/23  sockopt/setsockopt: read ctx->level:OK
#326/24  sockopt/setsockopt: allow changing ctx->level:OK
#326/25  sockopt/setsockopt: read ctx->optname:OK
#326/26  sockopt/setsockopt: allow changing ctx->optname:OK
#326/27  sockopt/setsockopt: read ctx->optlen:OK
#326/28  sockopt/setsockopt: ctx->optlen == -1 is ok:OK
#326/29  sockopt/setsockopt: deny ctx->optlen < 0 (except -1):OK
#326/30  sockopt/setsockopt: deny ctx->optlen > input optlen:OK
#326/31  sockopt/setsockopt: ignore >PAGE_SIZE optlen:OK
#326/32  sockopt/setsockopt: allow changing ctx->optlen within bounds:OK
#326/33  sockopt/setsockopt: deny write ctx->retval:OK
#326/34  sockopt/setsockopt: deny read ctx->retval:OK
#326/35  sockopt/setsockopt: deny writing to ctx->optval:OK
#326/36  sockopt/setsockopt: deny writing to ctx->optval_end:OK
#326/37  sockopt/setsockopt: allow IP_TOS <= 128:OK
#326/38  sockopt/setsockopt: deny IP_TOS > 128:OK
#326/39  sockopt/can attach only BPF_CGROUP_SETSOCKOP:OK
#326/40  sockopt/can attach only BPF_CGROUP_GETSOCKOP:OK
#326     sockopt:OK
#327     sockopt_inherit:OK
#328     sockopt_multi:OK
#329     sockopt_qos_to_cc:OK
#330     sockopt_sk:OK
#331/1   spin_lock/lock_id_kptr_preserve:OK
#331/2   spin_lock/lock_id_global_zero:OK
#331/3   spin_lock/lock_id_mapval_preserve:OK
#331/4   spin_lock/lock_id_innermapval_preserve:OK
#331/5   spin_lock/lock_id_mismatch_kptr_kptr:OK
#331/6   spin_lock/lock_id_mismatch_kptr_global:OK
#331/7   spin_lock/lock_id_mismatch_kptr_mapval:OK
#331/8   spin_lock/lock_id_mismatch_kptr_innermapval:OK
#331/9   spin_lock/lock_id_mismatch_global_global:OK
#331/10  spin_lock/lock_id_mismatch_global_kptr:OK
#331/11  spin_lock/lock_id_mismatch_global_mapval:OK
#331/12  spin_lock/lock_id_mismatch_global_innermapval:OK
#331/13  spin_lock/lock_id_mismatch_mapval_mapval:OK
#331/14  spin_lock/lock_id_mismatch_mapval_kptr:OK
#331/15  spin_lock/lock_id_mismatch_mapval_global:OK
#331/16  spin_lock/lock_id_mismatch_mapval_innermapval:OK
#331/17  spin_lock/lock_id_mismatch_innermapval_innermapval1:OK
#331/18  spin_lock/lock_id_mismatch_innermapval_innermapval2:OK
#331/19  spin_lock/lock_id_mismatch_innermapval_kptr:OK
#331/20  spin_lock/lock_id_mismatch_innermapval_global:OK
#331/21  spin_lock/lock_id_mismatch_innermapval_mapval:OK
#331/22  spin_lock/lock_global_subprog_call1:OK
#331/23  spin_lock/lock_global_subprog_call2:OK
#331     spin_lock:OK
#332     spin_lock_success:OK
#333     stack_var_off:OK
#334     stacktrace_build_id:OK
[  136.523020] perf: interrupt took too long (4912 > 4911), lowering kernel.perf_event_max_sample_rate to 40000
[  136.527864] perf: interrupt took too long (6152 > 6140), lowering kernel.perf_event_max_sample_rate to 32000
[  136.529425] perf: interrupt took too long (7762 > 7690), lowering kernel.perf_event_max_sample_rate to 25000
[  136.556115] perf: interrupt took too long (9719 > 9702), lowering kernel.perf_event_max_sample_rate to 20000
[  136.678946] perf: interrupt took too long (12166 > 12148), lowering kernel.perf_event_max_sample_rate to 16000
#335     stacktrace_build_id_nmi:OK
#336     stacktrace_map:OK
#337     stacktrace_map_raw_tp:OK
#338     stacktrace_map_skip:OK
#339     static_linked:OK
#340/1   struct_ops_autocreate/cant_load_full_object:OK
#340/2   struct_ops_autocreate/can_load_partial_object:OK
#340/3   struct_ops_autocreate/autoload_and_shadow_vars:OK
#340/4   struct_ops_autocreate/optional_maps:OK
#340     struct_ops_autocreate:OK
#341/1   struct_ops_maybe_null/maybe_null:OK
#341/2   struct_ops_maybe_null/maybe_null_fail:OK
#341     struct_ops_maybe_null:OK
#342/1   struct_ops_module/struct_ops_load:OK
#342/2   struct_ops_module/struct_ops_not_zeroed:OK
#342/3   struct_ops_module/struct_ops_incompatible:OK
#342/4   struct_ops_module/struct_ops_null_out_cb:OK
#342/5   struct_ops_module/struct_ops_forgotten_cb:OK
#342/6   struct_ops_module/test_detach_link:OK
#342/7   struct_ops_module/unsupported_ops:OK
#342     struct_ops_module:OK
#343/1   struct_ops_multi_pages/multi_pages:OK
#343     struct_ops_multi_pages:OK
[  140.361355] struct_ops for bpf_test_no_cfi_ops has no cfi_stubs
#344/1   struct_ops_no_cfi/load_bpf_test_no_cfi:OK
#344     struct_ops_no_cfi:OK
#345/1   struct_ops_private_stack/private_stack:OK
#345/2   struct_ops_private_stack/private_stack_fail:OK
#345/3   struct_ops_private_stack/private_stack_recur:OK
#345     struct_ops_private_stack:OK
#346/1   subprogs/subprogs_alone:OK
#346/2   subprogs/subprogs_and_jit_harden:OK
#346     subprogs:OK
#347     subprogs_extable:OK
#348/1   subskeleton/skel_subskel:OK
#348/2   subskeleton/obj_subskel:OK
#348     subskeleton:OK
#349/1   syscall/load_prog:OK
#349/2   syscall/update_outer_map:OK
#349     syscall:OK
#350/1   tailcalls/tailcall_1:OK
#350/2   tailcalls/tailcall_2:OK
#350/3   tailcalls/tailcall_3:OK
#350/4   tailcalls/tailcall_4:OK
#350/5   tailcalls/tailcall_5:OK
#350/6   tailcalls/tailcall_6:OK
#350/7   tailcalls/tailcall_bpf2bpf_1:OK
#350/8   tailcalls/tailcall_bpf2bpf_2:OK
#350/9   tailcalls/tailcall_bpf2bpf_3:OK
#350/10  tailcalls/tailcall_bpf2bpf_4:OK
#350/11  tailcalls/tailcall_bpf2bpf_5:OK
#350/12  tailcalls/tailcall_bpf2bpf_6:OK
#350/13  tailcalls/tailcall_bpf2bpf_fentry:OK
#350/14  tailcalls/tailcall_bpf2bpf_fexit:OK
#350/15  tailcalls/tailcall_bpf2bpf_fentry_fexit:OK
#350/16  tailcalls/tailcall_bpf2bpf_fentry_entry:OK
#350/17  tailcalls/tailcall_poke:OK
#350/18  tailcalls/tailcall_bpf2bpf_hierarchy_1:OK
#350/19  tailcalls/tailcall_bpf2bpf_hierarchy_fentry:OK
#350/20  tailcalls/tailcall_bpf2bpf_hierarchy_fexit:OK
#350/21  tailcalls/tailcall_bpf2bpf_hierarchy_fentry_fexit:OK
#350/22  tailcalls/tailcall_bpf2bpf_hierarchy_fentry_entry:OK
#350/23  tailcalls/tailcall_bpf2bpf_hierarchy_2:OK
#350/24  tailcalls/tailcall_bpf2bpf_hierarchy_3:OK
#350/25  tailcalls/tailcall_freplace:OK
#350/26  tailcalls/tailcall_bpf2bpf_freplace:OK
#350/27  tailcalls/tailcall_failure:OK
#350/28  tailcalls/reject_tail_call_spin_lock:OK
#350/29  tailcalls/reject_tail_call_rcu_lock:OK
#350/30  tailcalls/reject_tail_call_preempt_lock:OK
#350/31  tailcalls/reject_tail_call_ref:OK
#350     tailcalls:OK
#351     task_fd_query_rawtp:OK
#352     task_fd_query_tp:OK
#353/1   task_kfunc/test_task_acquire_release_argument:OK
#353/2   task_kfunc/test_task_acquire_release_current:OK
#353/3   task_kfunc/test_task_acquire_leave_in_map:OK
#353/4   task_kfunc/test_task_xchg_release:OK
#353/5   task_kfunc/test_task_map_acquire_release:OK
#353/6   task_kfunc/test_task_current_acquire_release:OK
#353/7   task_kfunc/test_task_from_pid_arg:OK
#353/8   task_kfunc/test_task_from_pid_current:OK
#353/9   task_kfunc/test_task_from_pid_invalid:OK
#353/10  task_kfunc/task_kfunc_acquire_trusted_walked:OK
#353/11  task_kfunc/test_task_kfunc_flavor_relo:OK
#353/12  task_kfunc/test_task_kfunc_flavor_relo_not_found:OK
#353/13  task_kfunc/test_task_from_vpid_current:OK
#353/14  task_kfunc/test_task_from_vpid_invalid:OK
#353/15  task_kfunc/task_kfunc_acquire_untrusted:OK
#353/16  task_kfunc/task_kfunc_acquire_fp:OK
#353/17  task_kfunc/task_kfunc_acquire_null:OK
#353/18  task_kfunc/task_kfunc_acquire_unreleased:OK
#353/19  task_kfunc/task_kfunc_xchg_unreleased:OK
#353/20  task_kfunc/task_kfunc_acquire_release_no_null_check:OK
#353/21  task_kfunc/task_kfunc_release_untrusted:OK
#353/22  task_kfunc/task_kfunc_release_fp:OK
#353/23  task_kfunc/task_kfunc_release_null:OK
#353/24  task_kfunc/task_kfunc_release_unacquired:OK
#353/25  task_kfunc/task_kfunc_from_pid_no_null_check:OK
#353/26  task_kfunc/task_kfunc_from_vpid_no_null_check:OK
#353/27  task_kfunc/task_access_comm1:OK
#353/28  task_kfunc/task_access_comm2:OK
#353/29  task_kfunc/task_access_comm3:OK
#353/30  task_kfunc/task_kfunc_release_in_map:OK
#353/31  task_kfunc/task_kfunc_acquire_unsafe_kretprobe:OK
#353/32  task_kfunc/task_kfunc_acquire_unsafe_kretprobe_rcu:OK
#353/33  task_kfunc/task_kfunc_from_lsm_task_free:OK
#353/34  task_kfunc/task_access_comm4:OK
#353     task_kfunc:OK
#354/1   task_local_storage/sys_enter_exit:OK
#354/2   task_local_storage/exit_creds:OK
#354/3   task_local_storage/recursion:OK
#354/4   task_local_storage/nodeadlock:OK
#354/5   task_local_storage/uptr_basic:OK
#354/6   task_local_storage/uptr_across_pages:OK
#354/7   task_local_storage/uptr_update_failure:OK
#354/8   task_local_storage/uptr_map_failure_e2big:OK
#354/9   task_local_storage/uptr_map_failure_size0:OK
#354/10  task_local_storage/uptr_map_failure_kstruct:OK
#354/11  task_local_storage/uptr_write:OK
#354/12  task_local_storage/uptr_write_nested:OK
#354/13  task_local_storage/uptr_no_null_check:OK
#354/14  task_local_storage/uptr_kptr_xchg:OK
#354/15  task_local_storage/uptr_obj_new:OK
#354     task_local_storage:OK
#355     task_pt_regs:OK
#356     task_under_cgroup:OK
#357/1   tc_bpf/tc_bpf_root:OK
#357/2   tc_bpf/tc_bpf_non_root:OK
#357     tc_bpf:OK
#358     tc_change_tail:OK
#359     tc_links_after:OK
#360     tc_links_append:OK
#361     tc_links_basic:OK
#362     tc_links_before:OK
#363     tc_links_chain_classic:OK
#364     tc_links_chain_mixed:OK
#365     tc_links_dev_chain0:OK
#366     tc_links_dev_cleanup:OK
#367     tc_links_dev_mixed:OK
#368     tc_links_ingress:OK
#369     tc_links_invalid:OK
#370     tc_links_prepend:OK
#371     tc_links_replace:OK
#372     tc_links_revision:OK
#373     tc_netkit_basic:OK
WATCHDOG: test case tc_netkit_device executes for 10 seconds...
[  140.456478] bpf_testmod: oh no, recursing into test_1, recursion_misses 1
[  184.375149] INFO: task modprobe:2759 blocked for more than 20 seconds.
[  184.376149]       Tainted: G           OE      6.13.0-gbb67a65a921c-dirty #3
[  184.376593] "echo 0 > /proc/sys/kernel/hung_task_timeout_secs" disables this message.
[  184.377119] task:modprobe        state:D stack:0     pid:2759  tgid:2759  ppid:455    flags:0x00004002
[  184.377701] Call Trace:
[  184.377886]  <TASK>
[  184.378039]  __schedule+0xa91/0xe80
[  184.378282]  schedule+0x41/0xb0
[  184.378490]  v9fs_evict_inode+0xfe/0x170
[  184.378754]  ? __pfx_var_wake_function+0x10/0x10
[  184.379070]  evict+0x1ef/0x360
[  184.379288]  __dentry_kill+0xb0/0x220
[  184.379528]  ? dput+0x3a/0x1d0
[  184.379736]  dput+0x114/0x1d0
[  184.379946]  __fput+0x136/0x2b0
[  184.380158]  task_work_run+0x89/0xc0
[  184.380396]  do_exit+0x2c6/0x9c0
[  184.380617]  do_group_exit+0xa4/0xb0
[  184.380870]  __x64_sys_exit_group+0x17/0x20
[  184.381137]  x64_sys_call+0x21a0/0x21a0
[  184.381386]  do_syscall_64+0x79/0x120
[  184.381630]  entry_SYSCALL_64_after_hwframe+0x76/0x7e
[  184.381969] RIP: 0033:0x7f817bf7c21d
[  184.382202] RSP: 002b:00007fff92c8d148 EFLAGS: 00000206 ORIG_RAX: 00000000000000e7
[  184.382676] RAX: ffffffffffffffda RBX: 00007f817c092fa8 RCX: 00007f817bf7c21d
[  184.383138] RDX: 00000000000000e7 RSI: ffffffffffffff88 RDI: 0000000000000001
[  184.383582] RBP: 00007fff92c8d1a0 R08: 00007fff92c8d0e8 R09: 0000000000000000
[  184.384042] R10: 00007fff92c8d05f R11: 0000000000000206 R12: 0000000000000001
[  184.384486] R13: 0000000000000000 R14: 0000000000000001 R15: 00007f817c092fc0
[  184.384963]  </TASK>
[  184.385112]
[  184.385112] Showing all locks held in the system:
[  184.385499] 1 lock held by khungtaskd/32:
[  184.385793]  #0: ffffffff9d195d90 (rcu_read_lock){....}-{1:3}, at: debug_show_all_locks+0x2e/0x180
[  184.386366] 2 locks held by kworker/u8:10/455:
[  184.386649]  #0: ffffa1a240104d48 ((wq_completion)events_unbound){+.+.}-{0:0}, at: process_scheduled_works+0x23a/0x600
[  184.387357]  #1: ffffb06380a23e20 ((work_completion)(&sub_info->work)){+.+.}-{0:0}, at: process_scheduled_works+0x25a/0x600
[  184.388076]
[  184.388183] =============================================
[  184.388183]
[  204.854906] INFO: task modprobe:2759 blocked for more than 40 seconds.
[  204.855434]       Tainted: G           OE      6.13.0-gbb67a65a921c-dirty #3
[  204.855929] "echo 0 > /proc/sys/kernel/hung_task_timeout_secs" disables this message.
[  204.856435] task:modprobe        state:D stack:0     pid:2759  tgid:2759  ppid:455    flags:0x00004002
[  204.857056] Call Trace:
[  204.857231]  <TASK>
[  204.857390]  __schedule+0xa91/0xe80
[  204.857649]  schedule+0x41/0xb0
[  204.857876]  v9fs_evict_inode+0xfe/0x170
[  204.858145]  ? __pfx_var_wake_function+0x10/0x10
[  204.858453]  evict+0x1ef/0x360
[  204.858682]  __dentry_kill+0xb0/0x220
[  204.858942]  ? dput+0x3a/0x1d0
[  204.859152]  dput+0x114/0x1d0
[  204.859353]  __fput+0x136/0x2b0
[  204.859568]  task_work_run+0x89/0xc0
[  204.859826]  do_exit+0x2c6/0x9c0
[  204.860050]  do_group_exit+0xa4/0xb0
[  204.860289]  __x64_sys_exit_group+0x17/0x20
[  204.860560]  x64_sys_call+0x21a0/0x21a0
[  204.860828]  do_syscall_64+0x79/0x120
[  204.861074]  entry_SYSCALL_64_after_hwframe+0x76/0x7e
[  204.861398] RIP: 0033:0x7f817bf7c21d
[  204.861638] RSP: 002b:00007fff92c8d148 EFLAGS: 00000206 ORIG_RAX: 00000000000000e7
[  204.862128] RAX: ffffffffffffffda RBX: 00007f817c092fa8 RCX: 00007f817bf7c21d
[  204.862577] RDX: 00000000000000e7 RSI: ffffffffffffff88 RDI: 0000000000000001
[  204.863039] RBP: 00007fff92c8d1a0 R08: 00007fff92c8d0e8 R09: 0000000000000000
[  204.863487] R10: 00007fff92c8d05f R11: 0000000000000206 R12: 0000000000000001
[  204.863949] R13: 0000000000000000 R14: 0000000000000001 R15: 00007f817c092fc0
[  204.864415]  </TASK>
[  204.864566]
[  204.864566] Showing all locks held in the system:
[  204.864978] 1 lock held by khungtaskd/32:
[  204.865238]  #0: ffffffff9d195d90 (rcu_read_lock){....}-{1:3}, at: debug_show_all_locks+0x2e/0x180
[  204.865831] 2 locks held by kworker/u8:10/455:
[  204.866118]  #0: ffffa1a240104d48 ((wq_completion)events_unbound){+.+.}-{0:0}, at: process_scheduled_works+0x23a/0x600
[  204.866811]  #1: ffffb06380a23e20 ((work_completion)(&sub_info->work)){+.+.}-{0:0}, at: process_scheduled_works+0x25a/0x600
[  204.867514]
[  204.867628] =============================================
[  204.867628]
